Title,Link,Source,Published,Datetime,Category,img,Scraped_At
Automotive cybersecurity market heads toward $19B as connected vehicle tech surges,https://news.google.com/read/CBMitAFBVV95cUxPdHBLWm1DdUlHcXpEMFJlanJ3VWhja1NPdUxMQmFUam9JdmU2c3g5VzdlTHJrSVVqY0ZvdGdFMXhOSUhmSWFRdWR5c1plNlZuUTl3OFZMVzAwTktVWVN2OVhab0xNUkgwSko0X3VPT1VVaHJ6enNvaDlGdXBiMWhIVXBoWTd6a3FRR3paQ2c5YS01N3VhY3Q1SXBySnhXd1V6VVhDMS1NUGZkNUhEcVBfWTRIYmI,More,14 minutes ago,2026-08-20T09:09:34,Cybersecurity,"https://encrypted-tbn1.gstatic.com/faviconV2?url=https://news.dealershipguy.com&client=NEWS_360&size=96&type=FAVICON&fallback_opts=TYPE,SIZE,URL",2026-08-20T09:24:14.330230
Cyberattack hits furniture chain: hackers steal customer data,https://news.google.com/read/CBMiqwFBVV95cUxOSVJ5OWF1aEpSaHFPYWJ0T2F5T3NsSDdKNnltSjItd3Uxc2hOcEs1WDF2ME5PQl84ekR0cGczdk1uemJlVXRZM01BaE9HZU5uQklRdm9PdF81N09DT2xoVXNEdU1IU0dhT1o3VU1FYmNHZy1IWVp5NEN6RWJtWUktNkxTSzRST19FcFdsTkg0X1pzbG9zbVVXUndDVEtNNklJbzVpNVoyMVBoOTg,More,18 minutes ago,2026-08-20T09:05:05,Hackers,"https://encrypted-tbn1.gstatic.com/faviconV2?url=https://www.interiordaily.com&client=NEWS_360&size=96&type=FAVICON&fallback_opts=TYPE,SIZE,URL",2026-08-20T09:24:14.330241
T-Mobile Cyber Staff Chopped Cable After Finding Chinese Hack,https://news.google.com/read/CBMitgFBVV95cUxPS3JZU2h1NXJNdGVCUGNxODVwaFN1ZExFbVlwLWFLWFhPOWRadGVJYnhMekhXdDFPTUE3RDBOWmx4LUIwM3o0alVfZUR0TDVKSXNySHNQbjJOZVJDZDJZMGlCMEJHaFd5WDJDSk02dXZHOFFJZkxfTW1wTTZwcjhXWTRvQ3hWdkNkRDBUcURyZmJuQ195ZXd6aVVEbk42MVVjOHJ0R1g3dFQxTG16UFFKZkNpM19vQQ,More,20 minutes ago,2026-08-20T09:03:17,Salt Typhoon,"https://encrypted-tbn1.gstatic.com/faviconV2?url=https://www.bloomberg.com&client=NEWS_360&size=96&type=FAVICON&fallback_opts=TYPE,SIZE,URL",2026-08-20T09:24:14.330244
"Nation’s Largest Reservoirs Are Drying Up, Threatening Life in the Southwest",https://news.google.com/read/CBMihgFBVV95cUxPQ0dPeWduZDVjcm15LTNpYkVwcmVVVzB1cGN0NFVFQXZpYWs2enRrdU5wRDVabmR5NjBDZl92V2xhTU5tb2h4WnZ3MzdTeHRFY1c0NV9xaUgtN2xtaWNka3JocnZWY0RMcGYtblJWRlc1NmNPUFlyRllzeWdTcWV6SUJDMFBkUQ,More,20 minutes ago,2026-08-20T09:02:06,NYT Fresh,"https://encrypted-tbn2.gstatic.com/faviconV2?url=https://www.nytimes.com&client=NEWS_360&size=96&type=FAVICON&fallback_opts=TYPE,SIZE,URL",2026-08-20T09:24:14.330247
Our AI leadership depends on data centers,https://news.google.com/read/CBMiiAFBVV95cUxQTnZCYzN3QmNwN2ljMmlNYUNTOUFQMTdneVBLdUl0dUNTZzNyekRWMDhlSHczQVBvVkVLczJXQW5uRnFFSG1pNVdVc1U0NGRwN2ItS3R1RU1TM0RRMHludmtXcV9iZEpUMkNpWE5BbTRvdzVfUk11WEotMGk1Q3E2SlFyZWNFUVRq,More,23 minutes ago,2026-08-20T09:00:39,Energy Security,"https://encrypted-tbn3.gstatic.com/faviconV2?url=https://www.nydailynews.com&client=NEWS_360&size=96&type=FAVICON&fallback_opts=TYPE,SIZE,URL",2026-08-20T09:24:14.330250
US Agencies Update Medusa Ransomware Warning As Victim Count Surpasses 500,https://news.google.com/read/CBMikgFBVV95cUxOU0R4QlF4eDRrNWFXSWpIZmpkU2l0cnFxVEhnNFNwOEJZZ1hUSllES1VrUzBqc3FYemdjamM1LTRPUlVyYk9TOWFhNFNiVElQWEJEUC1fVXFQRGRUai1PeGtqWUFRa09KY25OSFpzSkZRRkZKRnc3bzdiUnhIenNZNHRtcEFvODhHdkswcVhKa2htZw,More,23 minutes ago,2026-08-20T09:00:21,Zero Days,"https://encrypted-tbn2.gstatic.com/faviconV2?url=https://www.linkedin.com&client=NEWS_360&size=96&type=FAVICON&fallback_opts=TYPE,SIZE,URL",2026-08-20T09:24:14.330253
"Police have launched an investigation after the personal information of key figures, including high",https://news.google.com/read/CBMiUkFVX3lxTE9hbm1TRDRyMUJtQVhJTlQwc1Y3NUQzTkJ2eDItWFlObk56bUJIS2haZ1NwLWlhSjFUSUZ2VExBd0RlT0VWLVFhbHZHMUhEOTU3ZGc,More,23 minutes ago,2026-08-20T08:59:21,North Korea Cyber,"https://encrypted-tbn3.gstatic.com/faviconV2?url=https://www.mk.co.kr&client=NEWS_360&size=96&type=FAVICON&fallback_opts=TYPE,SIZE,URL",2026-08-20T09:24:14.330256
PlayStation Reboots ‘Horizon Hunters Gathering’ as Live-Service Strategy Struggles,https://news.google.com/read/CBMiswFBVV95cUxQWkxJSFh2endhT1BiWmhrS0lXek1reVEwdmtjMWc5Y1c1YWJjb2paelNMX0hUUEpoV2s5OFFKdGNhRmFrUTZPQTVkRFNiNml6aFc2RDdSUzMyYTZQWk9lYU13Si1hTk1pQ1NuRllFaUtnZDFCbEdCVXYxdDBKRzN0MVBKN2k5eTlscldvRkh1SDZVVm1iSk84VGJrc0RiZ3lkNHNsRGhMdi1wQlF6ZDFCOWxZcw,More,26 minutes ago,2026-08-20T08:56:12,Bloomberg Fresh,"https://encrypted-tbn1.gstatic.com/faviconV2?url=https://www.bloomberg.com&client=NEWS_360&size=96&type=FAVICON&fallback_opts=TYPE,SIZE,URL",2026-08-20T09:24:14.330258
US Indicts 17 Iranians Over Years-Long Cyber Espionage Campaign,https://news.google.com/read/CBMitwFBVV95cUxQS1p4M1Frd0w5N3luVVRjTkIwb0lqdjFvMURLNzdiYVJRWGV5OXliNlJHS2p6cjR1RjZPWXJvX3BtN0FKQUZIbHVSWVpKV0Q1alBNU2xUdmZFVy1mNmU5Uzl3VkRqSm1zMEhhajhTSzNlM09TU29xS0drM1hyQ084ZjAxWGtUYU13T21YSktQd05NeDhBb0dGbkhLbzZySVNiS0twdXJobHc2Vm90M1lISlU1Sm9JUXPSAbwBQVVfeXFMTU5laDhiOWNQeXNwN19iU2lBTDBXVmw5UFNoWHJmSk5RUUtSZ1JqQk5NTG9VbHZiQ1ZuUlRMUG1JVGR2UDc0QkpfMDFzUk1vd0VnRzJ1NzgyNTRkby0tckJsSWZ3LVlCMjlsRHlLTkl2aW5HVzN4OS1ZcTZNUEdpV3pQUFlaT21rbDJWbE4yRkxQc0QwdEVKYWNNLXBuN19YbXRlZkQxQ2tBWTF4czgyMVBUYU5xYkczLVVjYVQ,More,29 minutes ago,2026-08-20T08:53:45,Iran Cyber,"https://encrypted-tbn3.gstatic.com/faviconV2?url=https://securityaffairs.com&client=NEWS_360&size=96&type=FAVICON&fallback_opts=TYPE,SIZE,URL",2026-08-20T09:24:14.330260
Cyber exposure in construction: when the ground keeps shifting,https://news.google.com/read/CBMid0FVX3lxTE1JaTRnSUh5MGhqeHRUR1JFY1BpS0VXdnlyN1hwcjBVTXkwUXM0LTRNQTc4cW9FdVU1dlNTSHZvZHRyaFV3VUVsVWtmVkVpRUpqaFJHemdPWXhjWW5pNHcxZW5EMmdkbkF4RFVUR2Q3alZaZW9XM05n,More,35 minutes ago,2026-08-20T08:47:50,Supply Chain,"https://encrypted-tbn0.gstatic.com/faviconV2?url=https://www.howdengroup.com&client=NEWS_360&size=96&type=FAVICON&fallback_opts=TYPE,SIZE,URL",2026-08-20T09:24:14.330263
‘Not meeting the moment’: FAA frustrated with contractor leading air traffic control overhaul,https://news.google.com/read/CBMimgFBVV95cUxObndjbXhxWlRIcC1IWk8yVkM5S0ZFZTR4bTZQbDZJRi15OTZRUlB2TkVvaHBfdDdQX3NCX1FZZUNvclA3emFlOW1JbzI5clM3RkkyYWNPVUVGd2dkRFNJZGV4LTZhVEJKZHlNV291THBLZTNVYjVoRUVHVmlGM2pPMUdFbGhlSkp0YmpFNlc2VGltcUdkUElqc0t3,More,37 minutes ago,2026-08-20T08:45:00,Politico Fresh,"https://encrypted-tbn1.gstatic.com/faviconV2?url=https://www.politico.com&client=NEWS_360&size=96&type=FAVICON&fallback_opts=TYPE,SIZE,URL",2026-08-20T09:24:14.330266
$15B exodus: why crypto is leaving LayerZero for Chainlink,https://news.google.com/read/CBMigAFBVV95cUxORlVIME1xOUhFTXZfZl9faVRxUVphUWFWMUt2bTViNUNkUURpcEUyaFhYWWFXNGpsWWp1UXM0T1I3WkE0RnVaODdQdVRmWDlLNzRhQWJpckFHRHpCbGFLTzlXM25JcC1aZ2JNNkdQVEVFYnlFSDh1RVpXUGgxa1RKZQ,More,41 minutes ago,2026-08-20T08:41:47,Lazarus,"https://encrypted-tbn2.gstatic.com/faviconV2?url=https://crypto.news&client=NEWS_360&size=96&type=FAVICON&fallback_opts=TYPE,SIZE,URL",2026-08-20T09:24:14.330269
Top 10: Cloud Security Vendors,https://news.google.com/read/CBMibkFVX3lxTFB2UUhUekV4ckJVRzMzdWprMmVzMlRjVFRjY2lZaVhfYUJwLXZ2c1hFMW1kbFA2bGk3SENxZEp4cnNyUUFqTm5DUjR6WDlISnRWb2J0OHJYZFRfZk5rMXNaNS1aVzMtRjBvUDhjbGt3,More,44 minutes ago,2026-08-20T08:39:55,AI Security,"https://encrypted-tbn1.gstatic.com/faviconV2?url=https://businesschief.com&client=NEWS_360&size=96&type=FAVICON&fallback_opts=TYPE,SIZE,URL",2026-08-20T09:24:14.330271
At least 13 killed in Kyiv as Ukraine grapples with air defence shortages,https://news.google.com/read/CBMiWkFVX3lxTE1hLTVtSkgzTERYQm9oZ0hJamFzMGNqb3lBdXZmLS1ya2pad3kweExRVi00ekFsMG5zMzNZbC1TWnlJOGRQNmRZd0lBU1lBczU2MXZiMlQzVGdnQQ,More,43 minutes ago,2026-08-20T08:39:26,BBC Fresh,"https://encrypted-tbn2.gstatic.com/faviconV2?url=https://www.bbc.com&client=NEWS_360&size=96&type=FAVICON&fallback_opts=TYPE,SIZE,URL",2026-08-20T09:24:14.330274
Suspected Data Breach Targets South Korean Presidential Officials in Certification Hack,https://news.google.com/read/CBMiugFBVV95cUxPVW5lcHRlMXhtOHhzazNKR19UcFVZN0o5Vk9hVGN1ZHktMG9UWmVUdTlEcExqdlU2dW5JYUkySlBTMXhOZXhFY3I5b1dCcFZhWUxZUTZYWEhrRVpEQkVlSEJ3YXJHSS1idWhsRzdtRlJlRXI5SDcyV2ZVcTJaaEdJbk54c2RHXzhwMnRIdVNva3ltRjJ5TVkzZ3MtZ3h3bUZybndjOWdkanpWeXFfbzJXTnJyQnJDTXZQU0E,More,49 minutes ago,2026-08-20T08:33:42,APT Groups,"https://encrypted-tbn2.gstatic.com/faviconV2?url=https://streamlinefeed.co.ke&client=NEWS_360&size=96&type=FAVICON&fallback_opts=TYPE,SIZE,URL",2026-08-20T09:24:14.330276
"Splunk Patches Critical MCP Server RCE and 16 Other Security Flaws Across AI Toolkit, Kafka Apps",https://news.google.com/read/CBMibEFVX3lxTE52SWdNaEk1S0RQMElZMGN3QmM1ZjBESEdkc3QwMUdSV1ZmVHpSTTdyU0pmMWtVRWVCLXpoZ3hPa0JadWN4YmlmVC1CVmhLbWJNdG1lSUhMTmhaV1haWjFpOVdNbjRVN2s3NEEzdtIBckFVX3lxTE9MVHpCOXYwWC1jOE5fbUJ6YmM4bl9LenJsZ0J5MXFtYjFoZnlIQjRoUDBJOHY0TVNjVmVWYmthdmhwWnI3TkowR2J1MFU4UUlldnhDenBmUk9EcWo4bUt5c0syUlgxVEg5X3lGRFFVNUR0QQ,More,58 minutes ago,2026-08-20T08:26:01,Network Security,"https://encrypted-tbn0.gstatic.com/faviconV2?url=https://cybersecuritynews.com&client=NEWS_360&size=96&type=FAVICON&fallback_opts=TYPE,SIZE,URL",2026-08-20T09:24:14.330279
"German spy agency opens helpline for those exiled from Russia, China",https://news.google.com/read/CBMiqgFBVV95cUxPS0ZpY0hRRGNUbXJaUERQNlAtUWFHU3hCWi16UlRkUFg5TGVkUWtYeHFiQl80M1loeVd6OF9ORHRmQ000dlpYdWlZdERFR0V5Wm5mOGxfOXlvMnQtUFY0WFB6LWYwMXRaT0JmVmVCcC13Z0JiTUJHb01mU2phQ3QwQ1BmSm91QzB3Ul9yZWNySWN4SFNXZm9IX0hfTGlfNDBnbzlxNnVHTW1ydw,More,57 minutes ago,2026-08-20T08:25:43,China Cyber,"https://encrypted-tbn2.gstatic.com/faviconV2?url=https://www.reuters.com&client=NEWS_360&size=96&type=FAVICON&fallback_opts=TYPE,SIZE,URL",2026-08-20T09:24:14.330281
"HoneyMyte targets organizations in Asia, including Pakistan",https://news.google.com/read/CBMiigFBVV95cUxPbjRNRENwZzAycXBGSE53SjNDUHhMYjNMRk5POE5yR0lGNkYtXzRFaE5la19DM2xqT1I3ZzFyNk5YeUx1R3Y1bjB6WE9mYkVndDhob3duVXlvYl9fZkNxNlhCeFNvZlZmVTlYeW5MV19VeEhKMlZjRTBtOEptT2dubFdPZkw2ZUZ4a1E,More,1 hour ago,2026-08-20T08:23:11,Mustang Panda,"https://encrypted-tbn0.gstatic.com/faviconV2?url=https://newztodays.com&client=NEWS_360&size=96&type=FAVICON&fallback_opts=TYPE,SIZE,URL",2026-08-20T09:24:14.330284
"Bird flu suspected as 1,000 birds found dead in three mass mortality events",https://news.google.com/read/CBMisAFBVV95cUxPeU15TkViQnpDcGt5ZFd5bldCNlVaY01tc3BEcHlSTzN0NUlwdFo1X3ZJcThOcG5mcFJ4VkNqQnRiX2FhVF9xVnhOT1J4aHUzMVB0S0Y2MWFGaWlWaDdFOTNBLVZORnh0N0hLcFBxd3VHR0NwWVJhVzZFc29yQTBmZ185Y05rbXR4enBJR013aGtVVnJYMnRMbU1pRDNYZlRDbTlGenUtNldGY3FBU2c3Mg,More,1 hour ago,2026-08-20T08:21:24,ABC Australia Fresh,"https://encrypted-tbn1.gstatic.com/faviconV2?url=https://www.abc.net.au&client=NEWS_360&size=96&type=FAVICON&fallback_opts=TYPE,SIZE,URL",2026-08-20T09:24:14.330287
Taiwan proposes record defence budget to resist China pressure,https://news.google.com/read/CBMihAFBVV95cUxOVjRfX1J1R2Q5ZmVLdklBU3ZTVXo1dDlBYU01QVNVMG1jMDM2R3B4Q2dDQWhwdlVGOGVfYUszWER6bWZzZDdGMGdaM215VmN0UVExTTA1UzJlLVd0VF9XeWdMQjlHYklvRTFudlV0MHl1LWQzTWkzTE5GbXYwWXBUYWlRUkI,More,1 hour ago,2026-08-20T08:21:02,China Cyber,"https://encrypted-tbn2.gstatic.com/faviconV2?url=https://www.ft.com&client=NEWS_360&size=96&type=FAVICON&fallback_opts=TYPE,SIZE,URL",2026-08-20T09:24:14.330289
"TCS, HCLTech, Hexaware deny dark web leaks but cyber experts aren’t convinced",https://news.google.com/read/CBMizgFBVV95cUxPZGJSdDQ2anU3Sm82RXZCSHN1U2FlcHZDSGZsb1dNdFpDRzI1bU5vMmFpckQ4OU5wMlFYWnRLenRXckFLWTV1ekVrelBxMVc5VFJQdlZkSk1DbEZ3dUNLRlJIQ3c1S1A2QTlCRVU0d3ZERHNGWXVDSGhNRHRQWkZvc0RxT00yVkNyYm5xRERBM2VOSE5ZUVl0TDRKTG1EdHhVbE1UZXVTcXMxSUxoQ1I1Q0Z6MzVNVG9jYUU2RkhFN2VSdHczQmx0SXVOOU1kQdIB1wFBVV95cUxOWXRxQmsxOUxlTEFVRFU3aWRBME5ib2tsNHplSmJhS0Y2RlJ5Z2o4SFFfV1l1ZWlVWjhoS3FxbUI4Z085T0dFSEFINXFZbTFvNFlYLUM3N19FcjhqQkVORlNTcHk2b0ZzSkRxNFd4ODdkMWl6SmtQQV9iNWlEQ3dVUGExb1MzNV8waW1mUTFYc25HR3BvdDN4UGpFRmItNFg2c0d5c3lQODdSR2Jib2x3UTRUYXQ3MjBHMVhGeHJLQXZySXdleUZqTzVuQUdYdUFSZEpNN19yNA,More,1 hour ago,2026-08-20T08:20:50,APT Groups,"https://encrypted-tbn0.gstatic.com/faviconV2?url=https://www.moneycontrol.com&client=NEWS_360&size=96&type=FAVICON&fallback_opts=TYPE,SIZE,URL",2026-08-20T09:24:14.330292
Pokémon Center joins growing list of CEVA breach victims,https://news.google.com/read/CBMieEFVX3lxTE42ekNOOVZkYmdUblM4WmM5VmFmcVFfY1BaR0o4U3g3NFUyUFMzVE5XbHowdktwN3JfR1d1aFY4MEdRdW5YUTVTMFNuZ0E2dXpxOVB3YWZ2ZklEUVpiUG53TlZhc2NvNkQtdVpzWXlTdlJ2VTFlQlBESw,More,1 hour ago,2026-08-20T08:15:00,CyberNews,"https://encrypted-tbn2.gstatic.com/faviconV2?url=https://cybernews.com&client=NEWS_360&size=96&type=FAVICON&fallback_opts=TYPE,SIZE,URL",2026-08-20T09:24:14.330294
Slovakia discovers Russian backdoor in NERO R-ONE speedometers,https://news.google.com/read/CBMifEFVX3lxTE8wNEJfbWlhTWxmTUV4Q1FDOTFZRmdUMi1VMU5VVjllVnhLdkJib0piLUFrTlhBVHVoR3JRZTNuaS04WUVoZzFxWFRZOFA2RXBmTFhUUW9BVVpmMDJUNC1ZQW01SzZnbVFaLUl1czR4RkFGVU5scEJSNXdyTEc,More,1 hour ago,2026-08-20T08:15:00,CyberNews,"https://encrypted-tbn2.gstatic.com/faviconV2?url=https://cybernews.com&client=NEWS_360&size=96&type=FAVICON&fallback_opts=TYPE,SIZE,URL",2026-08-20T09:24:14.330297
Meta-hacking got Microsoft Copilot to snitch on itself,https://news.google.com/read/CBMigwFBVV95cUxQVmNkTnRXY0JFdG8yWGJxb1ZqSWlpaFlPZDRLSUlnRVNNOWtRM29sOVlRNkZ4WDZNSVBEcURocEpTLVhYX1psYUt0dy1lM1FKckVoajN6S0tMU2t0c2NucmlWbjVuX245bEswOVFjQ1FYWTJYSzNwNGptVXNrZzlRN09BQQ,More,1 hour ago,2026-08-20T08:15:00,CyberNews,"https://encrypted-tbn2.gstatic.com/faviconV2?url=https://cybernews.com&client=NEWS_360&size=96&type=FAVICON&fallback_opts=TYPE,SIZE,URL",2026-08-20T09:24:14.330299
CareCloud confirms massive data breach after 3.7M patients’ records stolen – What we know,https://news.google.com/read/CBMiygFBVV95cUxPWWRJTlJZQ24xR3A4bVVWNDMwMWlNZW1xdko0QTBDS2pBQ2hYSWFJc3dmZHp6T0VNdmE0QTRhZmI1dzEyOE5La0VQblVLcWlTcVBrQ01xQ3pDLUtQbTM5aWZmWm4wTTJmdWJ6QTZCdVd1dm9QcmdXRUdSREFsSk9NbjlTQ2h2U1JVZ0Rtb21XWkhOdmJWVC1GeDhWVUttNE1HTmhlMmJkSTVZRUlrQThXODlYazh1ZGRpWWpwVXdJWjdDLTZoRlNOV1Vn0gHPAUFVX3lxTE0xZFdKYnNmTmpDek5uVjQxZ0JKQk8wemxCZzVlR2dvZkRXenB4V0c3ZENwZ3lscTJBQXBsbXFaWlItSlh1WUxVRnh1eXl2aDJJWkxKYTZOV3Nnd3Z2cmR6dmxPbFFtWkFzVFdiN3JGeUwzZ25HMmxhaW9CMTZjQ0JEeW8yY0YtQkZUX3Q4TGxuMGZHZ3V0bWpaU3poSjZsV1BGQkJXQ3lNd0xmS1ljQjk3clBDVXJIMmgxUHJQX1lIMVBzb3hvRkMwQWZTdF9yMA,More,1 hour ago,2026-08-20T08:15:00,WION News,"https://encrypted-tbn2.gstatic.com/faviconV2?url=https://www.wionews.com&client=NEWS_360&size=96&type=FAVICON&fallback_opts=TYPE,SIZE,URL",2026-08-20T09:24:14.330302
Fintech giant Stripe faces alleged data breach as customer information leaks,https://news.google.com/read/CBMidkFVX3lxTFBrX2JqRGhZUzl0VjZHbmk4TUVoUTZiYjJ3R0JOYk96azl5Z2ZTT3FuRzc1d0luejJrOERkS0VMNW8yY3BaRzhhY2lMdnRMNXF3YVpOeGVOXy1zcUdOU1dlWW1CcVdTcnkxUEFaMUpOZXlGWTJRdUE,More,1 hour ago,2026-08-20T08:15:00,Data Breach,"https://encrypted-tbn2.gstatic.com/faviconV2?url=https://cybernews.com&client=NEWS_360&size=96&type=FAVICON&fallback_opts=TYPE,SIZE,URL",2026-08-20T09:24:14.330304
In the Line of Fire: Legal Risks for Tech in Conflict Zones,https://news.google.com/read/CBMinAFBVV95cUxNdTF0MFlCT3RDZUVRRGtXUWRtQXE5bTNHX3otQWpHaXhkZXBBSzExNjBQeGJRVUZFaUtERGtJSDB2MEZGYURzcDRkazNxbHNudTZpYmNNejZJTjlFRzNYY1dEZ3BsWGhjVzhvZVZuRWZHWEFqT1VUZGV3SHJER2pkWU5ZVmxsYjJqcUh1ZDA4M2RZRFp5MkV0SGdwY2Y,More,1 hour ago,2026-08-20T08:01:37,Lawfare,"https://encrypted-tbn3.gstatic.com/faviconV2?url=https://www.lawfaremedia.org&client=NEWS_360&size=96&type=FAVICON&fallback_opts=TYPE,SIZE,URL",2026-08-20T09:24:14.330307
"'Addicted to hacking': Young hacker behind historic breach speaks out for 1st time, before reporting to prison",https://news.google.com/read/CBMinwFBVV95cUxObHotRTVhbWRuZE1vbkNkRlV5cjUtODlSV0NJYkMyR00tVzJFUjUxNjVHc0x1ZHRiMDg5dnBvczVuQVFocHNocU8yWF85RmRpLXFaQkx1RWdZeHlscmE5UU5aR1haUmgwbEh0TWtYTEVIUEV0YmZXM0U0Unk3SXdCQm50OXg3Wkp0N3Q3eC04OHo3Y0paREU4b3gzem9ubWPSAaQBQVVfeXFMTTFaMzJodU9aZWlRMU1zandRMHc3SmJpckwzQmNHQWdDVHJ5eVNvNWtzSmowd2lyTUptdTJCUTJWZVVzX0E5RFZNT1J2YW1JcHctcUNOa3pnbW84cXE5eEthYTNqa3VPUDI3MEh0VzlfUTRVQ0VrODA0RlBGaVJuUjhlTndwc2JPM2ttVDlwQmxyREpBZXhmUjh0SXNJSGxyMGdfUzQ,More,1 hour ago,2026-08-20T08:00:36,Cybersecurity,"https://encrypted-tbn3.gstatic.com/faviconV2?url=https://abcnews.com&client=NEWS_360&size=96&type=FAVICON&fallback_opts=TYPE,SIZE,URL",2026-08-20T09:24:14.330309
War: Watt Is It Good For?,https://news.google.com/read/CBMib0FVX3lxTE9TaFJnVHVxbGg5RmZTZUpEbE1TSzBPTzFxZENyRHZ3eVROeVNWX0lpUUwxT3JuME9FalBNRXBsSXlnOU1rTzFtajh6bHNUaUJPc0J3TmZBSGlaMU12OE8xcm00UWFFY19QekpzbVR3MA,More,1 hour ago,2026-08-20T08:00:28,China Cyber,"https://encrypted-tbn0.gstatic.com/faviconV2?url=https://warontherocks.com&client=NEWS_360&size=96&type=FAVICON&fallback_opts=TYPE,SIZE,URL",2026-08-20T09:24:14.330312
Top US law firms hit by backlash over ‘crazy’ hiring of first-year students,https://news.google.com/read/CBMihAFBVV95cUxOaW5WZUk1QS1pWWNPRWVnbVdnY2twaW82RnhrX1RobHllVjM0NThzOWdtRHpvT1ZkNzk3N1hrdlVDRTh0Zm93X05xTHF4Q3ZTV1pBSGhCLVNkTU1WTHJGX2dkZlRMamFrN3pLUDc3VGlxVFRoQk5FZ0pnNkRKRnpTYlZhaF8,More,1 hour ago,2026-08-20T07:50:49,FT Fresh,"https://encrypted-tbn2.gstatic.com/faviconV2?url=https://www.ft.com&client=NEWS_360&size=96&type=FAVICON&fallback_opts=TYPE,SIZE,URL",2026-08-20T09:24:14.330315
Critical GitLab Flaw Exploited Shortly After Disclosure,https://news.google.com/read/CBMijgFBVV95cUxQc3g1WHl3Nko5dWlsM0hCeTVSM2dGZEVwby1qOVp4V1p5OVNQbndGRVRIZmM3Y3dEdEdPU1ktQXVNWUJxTzI2b3B3a3JEYVJiR1F6dUNlVlE1cElGMncwSW5VdF92REhnQmUxdUpsZGRaUmo3MzNZRjZfYVpRcGNrYTZWMjQ4ZWlIM09BNm9R0gGTAUFVX3lxTE5Ma2thdlE4Ym9CNlJIV2NPVkpNZEdPakRsY0pGcm9aY2RLeGxadUhmVlBrU3FRZFFUdjgwbzdfVFBZTnhjb1JWSVh1YXBDb0lBYk5KNUF0bGRHdmg0YkpxQ3llTk9VNGExV016UWhvbHB3ZmlDTFZ5R1JFdTY0dDktcmU4MWlhME45dU04RUhhR19VWQ,More,1 hour ago,2026-08-20T07:48:24,Supply Chain,"https://encrypted-tbn3.gstatic.com/faviconV2?url=https://www.securityweek.com&client=NEWS_360&size=96&type=FAVICON&fallback_opts=TYPE,SIZE,URL",2026-08-20T09:24:14.330317
ICC slams US sanctions against staff,https://news.google.com/read/CBMihwFBVV95cUxOZHRKZDJqZHlkLXFZVTFsb2VHZnN3dm5tSGQ2SGNTSFRMaDc1U1pfZVhFT05DTDdHcVB3NUhOdnhlMW5jZmZwVXhGa1FtTmhscXRQOVNYUDZnOHFPZzFFQlVFWUswR18xVS1wTjBfVFI0bGlxOEhfS3RmaWc2dEVjS3laX1d2aEE,More,1 hour ago,2026-08-20T07:46:00,Sanctions,"https://encrypted-tbn3.gstatic.com/faviconV2?url=https://www.nwaonline.com&client=NEWS_360&size=96&type=FAVICON&fallback_opts=TYPE,SIZE,URL",2026-08-20T09:24:14.330319
"Behind the Clop Cyberattack Breaching Shell, Philips and GE",https://news.google.com/read/CBMimwFBVV95cUxOS2xjMnVjd2tiMk05UGtDMklKYzVlUGIwOER1a1ZMYm11bWRJX1FWdDZCWGtaMEo3S0NWR3dKTGY2QV9nYUpkbWZhZDJvMnhYSWJubFJoR09JaGREaGUyV1BwMVhGVk5yOGVxV1BJel9YLVNLZDR6R0NLUmR2aE9rWFVrbEFNREJNYVRqT2pHQXJpVkRHaklybGM3RQ,More,1 hour ago,2026-08-20T07:42:07,Zero Days,"https://encrypted-tbn1.gstatic.com/faviconV2?url=https://technologymagazine.com&client=NEWS_360&size=96&type=FAVICON&fallback_opts=TYPE,SIZE,URL",2026-08-20T09:24:14.330322
"Over 153,000 students, staff affected in Canvas data breach: privacy watchdog",https://news.google.com/read/CBMizgFBVV95cUxQME9vXzNidlUtODNrd1VOOEZGd05XMXNuTEUxbkdLR3NrSVN5aWNlWktBdE1iSW5QYjZmajBCSTZjU1cwWEpQOFNVV0FvcFUxbnVzdWd0ZGt2cFRKbEZETHB2STdnbXdfandYcEt0NENCZERWZ2N3a081Z19IT1JlcGJKb0h3eFdzZmdBY19vdVFhYXlTbGswdFBoMjB1eUNFU2tuTl9XTFQ3R184UWUyYnNXcExSQTVLTFRSa2tHWThpb2tudDdmZm1ObmwxZw,More,1 hour ago,2026-08-20T07:35:55,Data Breach,"https://encrypted-tbn1.gstatic.com/faviconV2?url=https://www.scmp.com&client=NEWS_360&size=96&type=FAVICON&fallback_opts=TYPE,SIZE,URL",2026-08-20T09:24:14.330325
"No motive behind circular on student participation in CJP, Left parties’ protests: Tamil Nadu Higher Education Minister",https://news.google.com/read/CBMilgFBVV95cUxPbUo4UUhycnBnajFodGpWQjVQNDV4enhKZlhiS1FIOXlkS18wVVVfWGpsYzRhSFlsRFlLb0FoMGpybExqYkhzR3QyR1NBc1lHSy1NN2J6azVVcDJHQ3YxcFFNYWptS0xSV0hRbXY5V1hPdU80ZTFZLUdXYVF4VnNERFpUWWNwMEJXTnFmb3pVM09LY2c1RmfSAZwBQVVfeXFMUEtYLVVoN1ExSnEyVC0wM0pmVUtVVU91a3ZpX1laSEQ4Q09ydnBDRGpCVy04enJsUFlPaDBwRk5vV0NXSHEtUzY2QktBWWs5SGhrMHdCY1I4X3o5bW1uQWlCMGg2bHJkc2RfWWs4T29aV2p0S185MEY3b1RJVUF6VmZZYU01OEZ6MGFjd2J1bkRYRElNVGhtWDVuZ25n,More,1 hour ago,2026-08-20T07:32:38,The Hindu Fresh,"https://encrypted-tbn2.gstatic.com/faviconV2?url=https://www.thehindu.com&client=NEWS_360&size=96&type=FAVICON&fallback_opts=TYPE,SIZE,URL",2026-08-20T09:24:14.330327
Tufin expands Unified Control Plane with AI intelligence and multi-vendor automation,https://news.google.com/read/CBMixwFBVV95cUxOcXQzeXFOTmNoZkhYYUx6TXNGUFpHQXRDazg4eEJpRTh1UmtDZjlnRmx0ejk1T2JoZk1NcUc4THMzUHVxbkVyclNvVVB4cVROdHA4VTF0MFNyRHhDVGd2OFl3My1YODA0X1pZNERaOXZkUGQzZ29odTBPWHRENVJuelZOMkpab2htTzFPVlJmWm4yaFNlM2xEdDVnYi12SnZiQnBlZ0VWRTdwa1VBYzZpNVZid3M1NGdBdmVYaldHTkVjaFF2U0hJ,More,1 hour ago,2026-08-20T07:31:56,Network Security,"https://encrypted-tbn3.gstatic.com/faviconV2?url=https://www.helpnetsecurity.com&client=NEWS_360&size=96&type=FAVICON&fallback_opts=TYPE,SIZE,URL",2026-08-20T09:24:14.330330
How to Fix Gradle Dependency Verification With Renovate,https://news.google.com/read/CBMihAFBVV95cUxOZUhwR2VqOFFxUjZJY2h1Zl9nT1gyUHJGdzRYSlNxSko0QVVjX0pPTGttTDdjQmhhRE9yOUs0cjhQOS1PM1hDR08yYW9mWnhhQmdXWmhKYUNkTHUySl9SUzhLTkZhTmcteU83VG9rblV1dThGaDdFUWkybS1rSUdFUHBpLTk,More,1 hour ago,2026-08-20T07:31:30,Supply Chain,"https://encrypted-tbn2.gstatic.com/faviconV2?url=https://hackernoon.com&client=NEWS_360&size=96&type=FAVICON&fallback_opts=TYPE,SIZE,URL",2026-08-20T09:24:14.330332
"Underestimated, unprotected, underinsured: Cyber risks for SMEs in Switzerland",https://news.google.com/read/CBMiogFBVV95cUxQWldRaEV3NkxEMTE2U2d2cnAyYWprYkI0bFdwVjl3M3BRQ0lGX3ZnTG9scVhHWWhQVE9vZkEzb2RkUElOU0hUbTRPQUl6cF9rTHVwQm10RVZDT3RqOWZBTXZ4OE9SalZVTUlxSVk0eG41cGo0SXNyRWdPLTh1eVVPdEl2cE9tQ0ZyUUY1d0VKcV9na1d0Yk1jSmJaSGo1MFA2R0E,More,2 hours ago,2026-08-20T07:18:45,Quantum Threats,"https://encrypted-tbn1.gstatic.com/faviconV2?url=https://www.deloitte.com&client=NEWS_360&size=96&type=FAVICON&fallback_opts=TYPE,SIZE,URL",2026-08-20T09:24:14.330335
India Paces Cyber Shield For 50MW Utilities,https://news.google.com/read/CBMilwFBVV95cUxOMlhuNVhjcVdSVzZJYnVXUnctOGJfREJqVl9zN005b1kzV1VtU0thM1ZYQXlqcXllRWlvRzdqUkNjNWFDVEowZjBvdElHSVQ5eV9qbHhRQTBVM184X0k5X2cySk1wdkZTQkg5ekxTY1FEOXFRZFVWTE9mNUY4dU5rZnQyQkdEQ1hIVHV1NUY3QWRqTXQzcEww,More,2 hours ago,2026-08-20T07:15:22,Energy Security,"https://encrypted-tbn3.gstatic.com/faviconV2?url=https://www.esgnews.earth&client=NEWS_360&size=96&type=FAVICON&fallback_opts=TYPE,SIZE,URL",2026-08-20T09:24:14.330337
Palo Alto launches critical infrastructure programme targeting AI-driven exploits,https://news.google.com/read/CBMiwgFBVV95cUxQTU9ORDhoOGhQNFNER1BXdml3NVNQM08zVExwT21BcThEQzRZckJueWNrU0U1LUpoUWE0MThtaHZkb1BkTmhRYUJkY1IxXzZITnlTNUZzR1Z6emgzbFl4bHRnc2pzOF83aGk5YUF3OGtBTUZ4UDlGU2hWY2hhRzJNTG9rSHZlZjQ3dHZFeE1fRDlFUXBKOW9vRElNSWF1TUo1ZDU0SVpuZnJwTzZlV3ZiMGZvbkRic0pqN19qUHExV2ltdw,More,2 hours ago,2026-08-20T07:09:08,Critical Infrastructure,"https://encrypted-tbn1.gstatic.com/faviconV2?url=https://www.telecompaper.com&client=NEWS_360&size=96&type=FAVICON&fallback_opts=TYPE,SIZE,URL",2026-08-20T09:24:14.330340
"Sydney | Local News, Weather, Traffic, Guides & Opinion",https://news.google.com/read/CBMiSkFVX3lxTE1QN1hCVy1MTzBlZjBIZGJ4R0IyaUlSaEdRdU9BTEZPZEZZbmJJUnozNWNtUXcwWmJuR1RzWGxCcFlvM0JfNGRiSmV3,More,2 hours ago,2026-08-20T07:08:05,SMH Cyber,"https://encrypted-tbn2.gstatic.com/faviconV2?url=https://www.smh.com.au&client=NEWS_360&size=96&type=FAVICON&fallback_opts=TYPE,SIZE,URL",2026-08-20T09:24:14.330342
Medusa ransomware hits 500+ critical organizations,https://news.google.com/read/CBMimwFBVV95cUxPWG9MUEdYWG9BYllYV0w1aHZhUHoyUXhlS19VU1RPRVJXT1BacnYzeHV0RWdWOHE5dDkzMm8yMUYyMW1lTmlmSEkxazk5ZnlVV253ZlpLWmQxR1RHQVpJX1pZNjlSM2xhYWI3VkJVM0NHeHN1dmVWR3piUFhjY2RvcGZXTWdmWUx3ZzM3QVVqX0M1bXdMVnFKVW1rOA,More,2 hours ago,2026-08-20T07:06:49,Critical Infrastructure,"https://encrypted-tbn2.gstatic.com/faviconV2?url=https://cybernews.com&client=NEWS_360&size=96&type=FAVICON&fallback_opts=TYPE,SIZE,URL",2026-08-20T09:24:14.330345
"Shein Seeks to Rope In Boyu, UBS as IPO Cornerstone Investors",https://news.google.com/read/CBMisAFBVV95cUxOY0hWUzZhUlJ3VjY0Sll5XzlTaTlzV28tS3NIUWtBTkdMNnVhbndpbks1MlkzeEhhNW1ucUhucVVLZEhLZVFkd1NpeGxwbTNCb3FqMVhLYlJxbjFTVTJZMlNaazUzUjRQcUJYSE1VeGhEYU9XVURRR2ZPOHFnOEpYQlNKYnM4OUpfZm5tTDlIY3FKeFlXSmNhWWpGRENOU2REZG5Yak5YWjZMd25jdHlVMg,More,2 hours ago,2026-08-20T07:06:24,Bloomberg Fresh,"https://encrypted-tbn1.gstatic.com/faviconV2?url=https://www.bloomberg.com&client=NEWS_360&size=96&type=FAVICON&fallback_opts=TYPE,SIZE,URL",2026-08-20T09:24:14.330348
"Hyperscale AI Data Centre Cost Breakdown: Power Trains, Cooling Architecture, and What Drives the Biggest Variables",https://news.google.com/read/CBMikwFBVV95cUxOMDFoMzFCWkxYZmdRSV96VkRTSzlIaE9lVUNRN25udXlkQ1NZM0haRnl0ZWpJVmE1cUpaYWFSVndDM0ZGamNJTnI5VTE1TU1MSTRvTTE3UjNiS1pUdV9EbEd1NEgwUGZDRFVJTHQ5NkFZWTZ3VjVuVkRFMVhaeFZFcVpYbUxqVjMyY1JlX0FJOVpIMTA,More,2 hours ago,2026-08-20T07:03:18,Ransomware,"https://encrypted-tbn3.gstatic.com/faviconV2?url=https://cybermagazine.com&client=NEWS_360&size=96&type=FAVICON&fallback_opts=TYPE,SIZE,URL",2026-08-20T09:24:14.330350
Cybersecurity Threat Delays Start of Classes at UT San Antonio,https://news.google.com/read/CBMiwAFBVV95cUxQSmg3MHRyT25HMzQ0YzN6UXFLeGhkWHFmdko2MnFJMFRXYktOVHQ5XzFYWS11cDAtaFI2U0dYMFVLSE16eVUxbTkzMnB5OFJiNFJ5cDh6X3g2Z3ZmbmhpS2t0eVdJbXFrMkV5LV9oZC1say10QUZTOGotSy1zV1pwSlFzbWhNTHBwakU3eXNackRranRIMERtMEQzNmZKWkF1WW9YWktzTjlHWnJBSWZQdmZHMEQydG43SFNBTVdGTG4,More,2 hours ago,2026-08-20T07:00:49,Cyber,"https://encrypted-tbn0.gstatic.com/faviconV2?url=https://www.insidehighered.com&client=NEWS_360&size=96&type=FAVICON&fallback_opts=TYPE,SIZE,URL",2026-08-20T09:24:14.330353
AI agent suggested installing a malware package. Engineer almost took its advice,https://news.google.com/read/CBMi0AFBVV95cUxPRFVFRWxZdGtaR3BtaUJIekRRY1RpSFBFdmd4MkwyM05ZSHNJcWlnekNBWXIwN01IQkdYc2xxNDFRQ2gtcXVJZ2pJSmdGbnhIYS0xVWdDcDlBRlRlYnd0VGdRUU9OTTVPTGNYUUVuczJ2R3B5NDh0al84anpual9LLWpxLVozQ0ZXcXRsTGVZUjF5QmhCazBLZHVOOWZiV3otSFVNVEFWQU1DQnYzUXgtTFA0c3d0NTNlMnZnQkNlT1l6eVRTczVTU1o3NGRsenRx,More,2 hours ago,2026-08-20T07:00:00,The Register,"https://encrypted-tbn1.gstatic.com/faviconV2?url=https://www.theregister.com&client=NEWS_360&size=96&type=FAVICON&fallback_opts=TYPE,SIZE,URL",2026-08-20T09:24:14.330355
Aeternum Operators Use Polygon Smart Contracts to Rotate Malware C2 Domains Dynamically,https://news.google.com/read/CBMia0FVX3lxTE9nWTVWMmRCUEEydkpuVlV0ZEpRb3pKRi00b2hDZkIybUF0d1V6djdJRVVCamZ1OGlxQnE2ektWemFKRk9FN2NyUVoyM3pvRXY3MWlGejFjVHY0VlNyeGFBSDd3MGR5TDA4Z0pN0gFwQVVfeXFMT1B6LXJBZElOWWY0eW5ET3V1bnNiNkJnczJxZnZWUHp5Xzlla1Y0SlY3MDlkU0FWb2U2dU5FcWRNb3JuRjRmOWlxMGN6OVljMFRZYnkwMHA4LW94T3NlRVJMQnRsejF0cThuOER5S1RGcg,More,2 hours ago,2026-08-20T06:59:02,GBHackers,"https://encrypted-tbn1.gstatic.com/faviconV2?url=https://gbhackers.com&client=NEWS_360&size=96&type=FAVICON&fallback_opts=TYPE,SIZE,URL",2026-08-20T09:24:14.330358
"Taiwan Floats Record Defense Budget, Sending Message to U.S. and China",https://news.google.com/read/CBMirwFBVV95cUxPMnZGZVYxR0ktenNic1hUeEpBVlB3bmZ1eGN2eGl0VFZELXU1ck5OSlVhR0g1N1pYZ2c3ZTV4alNUbUlCSlY1Q1Rmd0liZTdHLXpnRUt5UkViT1NDaXNBcFdfajVDMzJ2SGVsUi1IVHctT3JMZ2ltOENrZkdxOTdNdTJlU0gyNzJzTmxVVHphZVFtVnpCa1lDdGxoVExQNG03azRKcGR6NmFQMlMyMC1Z,More,2 hours ago,2026-08-20T06:56:00,WSJ Fresh,"https://encrypted-tbn1.gstatic.com/faviconV2?url=https://www.wsj.com&client=NEWS_360&size=96&type=FAVICON&fallback_opts=TYPE,SIZE,URL",2026-08-20T09:24:14.330361
Microsoft says August Windows updates may cause gaming issues,https://news.google.com/read/CBMiswFBVV95cUxQeGRZQ1E1T3N3aUtrMmlwN1dzUlk3T213a1RLVlFUNHhSNnFxOTBBTUxTS3FBMHhWUFVjUTdNXzhoTVpJeTBzUTY5MmpKNWhHZm4yZEdlSWRMczJYNlNWNHg1Qm5Dd0EyX0dlN1JnY3NLd0J1RUstLVhQOVVQVVpxQ3c1WFJtZEQ0S2xFZkxRMGdrbWlyQV9PTjFoSmhkYXdsNU9GSDBLWWpDZXh2a0V0UmNaONIBuAFBVV95cUxOajgxTVhCYVpWMmZ1Z1ZjTVFhOUYwa2JqZWh5eEF0Sy1VOGJQZld4NmxBakFENExHLTNFZVNyMDY2YjVDSWZ2LUxYMHJTUVM3bE9yeDNGalUxWVpsRFdkcEN0cGZ0eU16aHBpOGxmNHpZSEg4X2R6QzhQdkFZNmwxQ21JcXRFY2tSampNT3JjUUk1T2ZiMVVHeUZkMmFXUGxoTlVDc3R1MHpLOTV1Rm50RFpjdjVGb1Zm,More,2 hours ago,2026-08-20T06:51:03,Bleeping Computer,"https://encrypted-tbn0.gstatic.com/faviconV2?url=https://www.bleepingcomputer.com&client=NEWS_360&size=96&type=FAVICON&fallback_opts=TYPE,SIZE,URL",2026-08-20T09:24:14.330363
US sanctions against the International Criminal Court,https://news.google.com/read/CBMitAFBVV95cUxQdkZuYnB4OUlOQ2xxZUJZOVZyVFRCUlJSbmlScUhVS3RBQkN5dnJmeU4xQnVNc1NOQjJpWFQ5Uzk0c1M4aHhyN092bVBxRUxtLXd6bkJtRHJ5ajZaTVNaaE4zRGdhcGszQVE1ZVhqUGtJLVI3a2JfRFg4bW96bDVEeHJyMXFUbGdpbXdxaUpSaWxQTmV3TFlRS2p5X2tUdTBGaVBsSmxTT2M0X0gxX25ILVpfMEU,More,2 hours ago,2026-08-20T06:48:32,Sanctions,"https://encrypted-tbn1.gstatic.com/faviconV2?url=https://amp.dw.com&client=NEWS_360&size=96&type=FAVICON&fallback_opts=TYPE,SIZE,URL",2026-08-20T09:24:14.330366
FEI World Championships: Jumping Qualifier Team & Individual,https://news.google.com/read/CBMiWkFVX3lxTE9qU3RWRnV0cFAtRGJaYXNRUExJajg4RFphdFJFZk9uU29paUoxSDhwSlNTNFhaa3RXbXp3dDhYWHJ0X0VBOWluemlNa09HS3NQdTktbEpjV2ZTZw,More,2 hours ago,2026-08-20T06:45:00,CBC Canada Fresh,"https://encrypted-tbn1.gstatic.com/faviconV2?url=https://www.cbc.ca&client=NEWS_360&size=96&type=FAVICON&fallback_opts=TYPE,SIZE,URL",2026-08-20T09:24:14.330368
"After weeks of rallying behind Fedorov, protesters reject his call for wartime elections in Ukraine",https://news.google.com/read/CBMirAFBVV95cUxQOG1oSUNzUTZnU3R1bVl2eVVNcjFlempKcDEwQkExRFRsMGdBcTVSTmJOcXdUVm1La3FlRVVyZFZmai1ubDBWR2dhUGh6S3pGV1ZreWVwN3RmZ2s0NjhOTTR4ZDZ1ME92a1RSU2lNa2JTYVItQ1dKdGl4VWdDZXJhZGUtZzVpdVhkMjFHUVRTVUxJczlPMHJKWVhnVjRBblJLNmFGMnRjMTRtSURz,More,2 hours ago,2026-08-20T06:42:02,Euronews Fresh,"https://encrypted-tbn3.gstatic.com/faviconV2?url=https://www.euronews.com&client=NEWS_360&size=96&type=FAVICON&fallback_opts=TYPE,SIZE,URL",2026-08-20T09:24:14.330371
"Inside T-Mobile’s Response to the Salt Typhoon Hack: Cut the Cord, Save the Trophy",https://news.google.com/read/CBMisgFBVV95cUxNeFVvRTlHOXA0NWJMTW0wM1pRNUdlYXJZalJiMmN3OV96Y0VRSkFXZjluNnprZGRTWlE3cFI0WU1mU0liTVlPc0dLaDBkZV8wcHpLUm9wSEtmOGhCUHpGVkZnajduaUM2NEVNemZsWUJkU2I4T1BWeDYydnl0M1VqQUMyWG95VTZUeEZSaGM3Umd5cVpnWG5rX01Iam1mSUNmUHpZSHlLQm1zRDk2T0FlQlRn0gGyAUFVX3lxTE14VW9FOUc5cDQ1YkxNbTAzWlE1R2VhcllqUmIyY3c5X3pjRVFKQVdmOW42emtkZFNaUTdwUjRZTWZTSWJNWU9zR0toMGRlXzBwektSb3BIS2Y4aEJQekZWRmdqN25pQzY0RU16ZmxZQmRTYjhPUFZ4NjJ2eXQzVWpBQzJYb3lVNlR4RlJoYzdSZ3lxWmdYbmtfTUhqbWZJQ2ZQellIeUtCbXNEOTZPQWVCVGc,More,2 hours ago,2026-08-20T06:38:44,Salt Typhoon,"https://encrypted-tbn0.gstatic.com/faviconV2?url=https://www.tmonews.com&client=NEWS_360&size=96&type=FAVICON&fallback_opts=TYPE,SIZE,URL",2026-08-20T09:24:14.330373
Hannah McGuire's killer found not guilty of raping teenager,https://news.google.com/read/CBMisgFBVV95cUxNVlVGSzBjbk14cHVqNWF1OUJHX2RfWmlWMEY3TGFid21fVG9vNU1XXzk2N21jYWtWNkY0c1owYldMMlE0b3Z1eXZWb0piRHdTZ1NGd0o0WTkyRkF2SW5vaHRyVU90VzNGdEZvR21IWFVRUWJBcUFDTUdpYTZydW9IbEtqbGYyMzNpYjlQSUZuOG1vN2FOSzktMk9rQnJMRUUySGhfNDc0UzFFbFhGTzFiTjRB,More,2 hours ago,2026-08-20T06:32:36,ABC Australia Fresh,"https://encrypted-tbn1.gstatic.com/faviconV2?url=https://www.abc.net.au&client=NEWS_360&size=96&type=FAVICON&fallback_opts=TYPE,SIZE,URL",2026-08-20T09:24:14.330376
Public Exploit Code Released for Microsoft SCCM Remote Code Execution Vulnerability,https://news.google.com/read/CBMie0FVX3lxTE9Ya3g0aEZuLUxES0t0RmlseVI5OFU4N2IxdG1qYXZDaDdmbkNzd1FSWWU4NF9tZnFaWFhuODBTWWVZbGJpa1YyejVxakpkYVBZZ2JaOFlvVmV5blp6NmVxaEdWeklqVUpKS1VXSkQ0OWlENFNBWkFKZUdJc9IBgAFBVV95cUxQTEdzRURMVmJGbUZvSGh6djN1YnhtMWFwak45N0NhRS03cHpiUG5Sc202UjUweDZDYnp1SUxrRjJXc1pELVBkX1UtaUdXbk5ybHZKWGZfejJRZG9ybUdMVFZpbUhiNnVKdVZTTmdGWmc4dUhyTTRfblRabEl1RWduMA,More,2 hours ago,2026-08-20T06:29:37,Microsoft Security,"https://encrypted-tbn0.gstatic.com/faviconV2?url=https://cybersecuritynews.com&client=NEWS_360&size=96&type=FAVICON&fallback_opts=TYPE,SIZE,URL",2026-08-20T09:24:14.330378
Global wheat buyers brace for supply squeeze amid Black Sea attacks,https://news.google.com/read/CBMiugFBVV95cUxPQkdmTDJWOFZEQ1FJdDFIZzRXNlAwRjdSS2NEMHRQYlYtWGs0elgyckI1aGJDN21VdDJwSGtrcWFDOTZSbE96LXh4WUdSX2tVb3huZW1wRFlaSTFFWVJ5QlJNS1VnQ3BwU1pyY0xKRmlSMGtBZ1hwYm5oWW5EZXk4TVRmbXdTMVVrYkxYazRMVkU2VVRFeUpSeFZMbmV6R3g5Vk1SWTZ2RTNLamRDV0x3UjVuclRfT1B0cUE,More,2 hours ago,2026-08-20T06:28:00,Reuters Fresh,"https://encrypted-tbn2.gstatic.com/faviconV2?url=https://www.reuters.com&client=NEWS_360&size=96&type=FAVICON&fallback_opts=TYPE,SIZE,URL",2026-08-20T09:24:14.330381
"Israel's military to investigate Gaza attacks, and other major developments in the Middle East",https://news.google.com/read/CBMiqgFBVV95cUxPN3FpVDQ1a0dNeEY4ekFyYU9oTGp2bDJ6MXdDc0JEYUsySW14ejZxeE83MzU5akV4amJiMUlBaWxVZk81aW1JYzhSZW0zbXFCM3VaMmcwV2oyaldRMy15S2ZWcEhsbGx5MEZ5Nm5xUk9PZnZ3T2Uxejd1V1VNUXJpUHNQQTlxNURnd2tyOE4wQ1NGbUtmUGx4TEVWUWZHSUY2b2RpWi1uWTRVQQ,More,2 hours ago,2026-08-20T06:26:38,Middle East Cyber,"https://encrypted-tbn2.gstatic.com/faviconV2?url=https://www.wral.com&client=NEWS_360&size=96&type=FAVICON&fallback_opts=TYPE,SIZE,URL",2026-08-20T09:24:14.330383
"EXCLUSIVE: Mossad chief, Syrian foreign minister discussed Turkish military deployments before strikes, sources say",https://news.google.com/read/CBMiuwFBVV95cUxOaWlKV0RUU0lqVEhJdVJ2NmJXeXNIQlFuMDQ2eGstbW4wWFEwcHdfdE1landiUHpHVTM1c0dWVkpMLWc4Q0ZVWXBUWFBIaFotM1pvczFvakhyS2d4a1dBNVFEZDZwRzBpSWZhb0tmdDBjVG5OcXh2MDJCZWxnOWZ4dm5QV3FBaXU1UzU2SXRlSEhYUFNPQThibmxjSjgtZS0xU29UUjBvUUpjbjM4bGRFbHEzMFlBR3hCM1FZ,More,2 hours ago,2026-08-20T06:26:00,Reuters Fresh,"https://encrypted-tbn2.gstatic.com/faviconV2?url=https://www.reuters.com&client=NEWS_360&size=96&type=FAVICON&fallback_opts=TYPE,SIZE,URL",2026-08-20T09:24:14.330386
T-Mobile Physically Cuts Network Cable to Evict Chinese Salt Typhoon Hackers,https://news.google.com/read/CBMibkFVX3lxTE1BclgwMzN0NEZRZjBFVFEtT2hPeDd1al9MNFBlaDIzVjZBR0tQWUlWNl9fVVBmZGxjWTlYb3dma21fX3QtLTFrUnU2bkVGYWlTUE4xUlRvejhmT3ZVcDYxQ1VUc1FHNm90MG5vR0ln0gFzQVVfeXFMT25JdV8wclRjNTd4eGFsbEdyZkdWWW4wbERXZWs5UTFWR1ZseUNQNFNsOElzblBRQTBWVFVESlJjVUthRGlDZ0xRUG9aR0FFb3NlRFdienNzRk1zR2lBZFBpNllvUjZqc3lUS0NiQmFZQk9wUQ,More,3 hours ago,2026-08-20T06:19:54,China Cyber,"https://encrypted-tbn1.gstatic.com/faviconV2?url=https://gbhackers.com&client=NEWS_360&size=96&type=FAVICON&fallback_opts=TYPE,SIZE,URL",2026-08-20T09:24:14.330389
"China puts robocops on traffic duty, minus the arrest powers",https://news.google.com/read/CBMioAFBVV95cUxNblFqaGhQV3N2aDFBakVtbzBDMUphR0RiVVNZb2JjdksxdW5vSEpZcVdObmRDeVNZeUJwdUZra3J3eWVTX0RFSTRIQTExRWtnenU4UmZEenI5bWczLWdyNUFOZnE0RlNlRFFkVGNoSjd6RUU4OUZwTlZHZVZRT1R3VWNxS1A2TVV5LUllS2ZpWmdudU5ha2xZN003NDFZVVNz,More,3 hours ago,2026-08-20T06:17:00,Reuters Fresh,"https://encrypted-tbn2.gstatic.com/faviconV2?url=https://www.reuters.com&client=NEWS_360&size=96&type=FAVICON&fallback_opts=TYPE,SIZE,URL",2026-08-20T09:24:14.330391
China Unicom appoints Qiu as senior vice-president,https://news.google.com/read/CBMimAFBVV95cUxOOEp2R2VhQld4SFpiUm1ZMmFKVWhsRk9iN3N0eGJjYklPV1FjbzV5X1pxcjJaNkJiM0psU0piNW5fTGwxRUQwR2JfaEJldEdtRDA3ZDliSkg2bGg3WWNWY2czWTFwbTdmX3pNV1BpTGFoUHJaLUZFU3RzcnhzQ3lhRDd6MF91ZW9oM042RWZZaExQd0FHcnVndQ,More,3 hours ago,2026-08-20T06:15:20,China Cyber,"https://encrypted-tbn1.gstatic.com/faviconV2?url=https://www.telecompaper.com&client=NEWS_360&size=96&type=FAVICON&fallback_opts=TYPE,SIZE,URL",2026-08-20T09:24:14.330393
Australia Says Relations with Israel 'Difficult' after Aid Worker Death,https://news.google.com/read/CBMiqAFBVV95cUxPdjhXWmZaNlJKdmFjczNhTVc2Qk5yS2ktWnQySFV2el9vc09zYzcydTdRbkdLSkVEa0NHVE5yS3dlTGxNclhEX2htczU4MWJNLVN4WXBVSTk4bjBGdW9iX3M1Wndhck41VjJLZzZqR1V3RTBVOUdWOF9ZRDBzblFKRHBTSThOVjJPSl9hNWFjVlFFLThURVJObVNFT2xXakRhZ3NRSWw4WW8,More,3 hours ago,2026-08-20T06:11:57,Middle East Cyber,"https://encrypted-tbn0.gstatic.com/faviconV2?url=https://english.aawsat.com&client=NEWS_360&size=96&type=FAVICON&fallback_opts=TYPE,SIZE,URL",2026-08-20T09:24:14.330396
AI models used fake identities to trick humans in cyberattack: Officials,https://news.google.com/read/CBMirAFBVV95cUxNbkVvbk9ob3JSTkNGZERRNjQzWnpZc2c2VUVDbUZuT0xnNG14Wmx0MlBrYWVhLVMyUFp1Y3NfaXlYQWpuM0lIWGE1bzVnSVZrdUdGSWZFbWlzX1Rnd1RrN0R2ZmpLc0xzZlRmNWd4cXNsczBuT19kaTRMVDVXOF9pX3ZrTmp5UGVIN2k3WmhrcXFkMzAyX0RrUTgtVHBTNFJYRElscTh1c201UXRD0gGyAUFVX3lxTE4zUHUxRHVEdnB4QzRMSmY0RW9Yckl2bUFtRHE0UnU2S1Z2UW5oNE5pRF9EVUhzMENiSnJPcC1EVk5tdksxUXltYVpVTFhhbnpDT1dDR251UktWV1N5am5peVBkRnpmR2ZMT0lYeUhMZEpkTHpRVjRNWGhHb3VLWHVjTzhIbjMtbWVtSlRQTjBJdUxERjI5RzdBQ0NUa24yN01LMUxMYXdCMEhERUxvNlhCQ1E,More,3 hours ago,2026-08-20T06:11:37,Government Security,"https://encrypted-tbn3.gstatic.com/faviconV2?url=https://abcnews.com&client=NEWS_360&size=96&type=FAVICON&fallback_opts=TYPE,SIZE,URL",2026-08-20T09:24:14.330398
"Mythical beasts, almighty gods, new technology: The epic blockbuster that could be India's answer to The Odyssey",https://news.google.com/read/CBMiWkFVX3lxTFBTTXhwNnQxeTdRa3A2RmpfU0d6WGxua2YtTkNkWHlhN0poZTFudkFwQXY0VHF5Qmt2c3gtTFM0YXl2YTdhY2FCbEU5eG9GVVNwUVg0ZEdtVi1Sdw,More,3 hours ago,2026-08-20T06:08:02,BBC Fresh,"https://encrypted-tbn2.gstatic.com/faviconV2?url=https://www.bbc.com&client=NEWS_360&size=96&type=FAVICON&fallback_opts=TYPE,SIZE,URL",2026-08-20T09:24:14.330401
Four workers dead after being hit by train in Japan,https://news.google.com/read/CBMiWkFVX3lxTE1fRDVxazktTGZhZWdtbHNrY25valIyTkpBeDFQUkhURjJNNjBySUs2b1FmVGN5a0tQRWRZYTZJd3VOWVFTYmpZTjN1bFNWRGNuZUU2T1g1SnVFdw,More,3 hours ago,2026-08-20T06:02:10,BBC Fresh,"https://encrypted-tbn2.gstatic.com/faviconV2?url=https://www.bbc.com&client=NEWS_360&size=96&type=FAVICON&fallback_opts=TYPE,SIZE,URL",2026-08-20T09:24:14.330403
2degrees adds network-level blocking of known malicious sites,https://news.google.com/read/CBMipwFBVV95cUxQN19Id1hheEJVTE92TUcyNWdEdndsdW9sVE14T2FBdzVYLTFXZVR5ZzdpQXd6RlRFTXhWb0xtRTRFT0x1aFpRT1BlNkd1ZFcxbTUyRHh0MmJoNFZfMzZPS3hTWmI2TkNLNE5sXzVBOUdCc281WTNIT1ZSOFFhRjBBeGExYmJiMVBHX2w5SkJ0cGZYZFhLY3AyYldWRXM2bV8tYVlhTkc3SQ,More,3 hours ago,2026-08-20T06:01:18,Telecom Security,"https://encrypted-tbn1.gstatic.com/faviconV2?url=https://www.telecompaper.com&client=NEWS_360&size=96&type=FAVICON&fallback_opts=TYPE,SIZE,URL",2026-08-20T09:24:14.330406
SpaceSail’s record funding fuels China’s satellite challenge to Musk’s Starlink,https://news.google.com/read/CBMivgFBVV95cUxQeVBuRkdfQ2x5eXFLUnFFckxDNVZHYWd1N1JCa1ROenEwVm1qMHNtVXpVUUtvYkhsLU91NGpVcmdKNE51TUtBcUN6NkhTNGdGX1NoUmJxMHV3c2hjTndHbnR2Z2NMSE9fV01xTThiMXFqOTVrZ0Z4aEhyMmluc2Y2M09yeHA0UThHUWxBVUVPbUJtZ0xPV1Q4QkFYRzNKZlkzR0x2TEpRdkhPTkhGSXZ0UkZlc3pUUlpIdElLcWJR0gG-AUFVX3lxTE9Zc1g2elhxR1FuUlVpclJHMXh4YV9fNGVaTTBJcEpiUDdVTjZjeEN1eXo2S2FCVE5ZY2c3elZSelYyRnJmbDVzSWpVTGtGNFowSEF1WTNuUU05cUZCcGJ6ZE1Lcl9ZVEpOZ18zMkV2VUdiXy1fQzlqa0FqOWdnTEZDTzdjOEd1YVdIMmkzZGZyRW9PSXpaUV9GYlcwbExtb3U5WF9NMTFnak0tZ0xCRDVXYy1pMG11VDZFeUxLamc,More,3 hours ago,2026-08-20T06:00:29,SCMP Fresh,"https://encrypted-tbn1.gstatic.com/faviconV2?url=https://www.scmp.com&client=NEWS_360&size=96&type=FAVICON&fallback_opts=TYPE,SIZE,URL",2026-08-20T09:24:14.330409
AI Startup Callosum Raises $100 Million to Match Tasks to Chips,https://news.google.com/read/CBMitAFBVV95cUxNMDJrRGhUVW9QUVhkRmc4U2dBZnpuMnVJVFlPNUt0T3JySXpBX2JhS19xcDJua19pbzVIS3FFem1WRlVDLUhuT0tsZjYtVlZUTzhFczZlbkdIbkxBLTFuMWpWdWlYanlkRmkxUlBJSW55a3VKcFZMbl85aDZuRUNNY1hJWS0taWc0WTJNZW1mWEQ3M05RaDZZb0F6SmlmY2hweEN1bFFkYXlXR1RTeGFXZmYwRW0,More,3 hours ago,2026-08-20T06:00:00,Bloomberg Fresh,"https://encrypted-tbn1.gstatic.com/faviconV2?url=https://www.bloomberg.com&client=NEWS_360&size=96&type=FAVICON&fallback_opts=TYPE,SIZE,URL",2026-08-20T09:24:14.330411
"Europe's gas prices have doubled, with the worst yet to come",https://news.google.com/read/CBMipgFBVV95cUxOZzlSVHF0OFpsaF84bkxNanhJOEF1akdhcnNWY1VQMGhTaUFFeUFDVGtsX0E4VVdiS0w3ZmxpZTZXQnBlcEM3Q3U2TVA0RmJra1FSQXlEU2xUYlc3T3hjdXpNUmNTUmtnRWlsOE9GcDVrU1ZBeWMxMGdkblBOMjFoYXY0LVZCamE3dW0xMDgtc09feEtvVi1FcFN3QVBMZTZpa1FLckZB,More,3 hours ago,2026-08-20T05:47:46,Euronews Fresh,"https://encrypted-tbn3.gstatic.com/faviconV2?url=https://www.euronews.com&client=NEWS_360&size=96&type=FAVICON&fallback_opts=TYPE,SIZE,URL",2026-08-20T09:24:14.330414
Lily Hooper: Missing teen hiker found dead in Australian bush after eight-day search,https://news.google.com/read/CBMiWkFVX3lxTFBqaTJsMEYyUVc5NHZCWnAxeXpiT2VrT25JZHRlS3NiS2Z5LXhzRTlxdER6bHhDdzk1emdLbHRlVnNNMEZhWXNkbGx4N0RUbC1DOXJTRHQtQ0h0Zw,More,3 hours ago,2026-08-20T05:45:53,BBC Fresh,"https://encrypted-tbn2.gstatic.com/faviconV2?url=https://www.bbc.com&client=NEWS_360&size=96&type=FAVICON&fallback_opts=TYPE,SIZE,URL",2026-08-20T09:24:14.330417
Evergrande Founder Sentenced to Life in Prison,https://news.google.com/read/CBMikAFBVV95cUxNWVRMaldfMFlEVERzR3o4cFpmeWdFN1c1bmNsX1B1X085TnQ3UlNHT0NfUUFIWjlIT3UxWVJNajM0aHpCQjFQT1JKNzY2bHZhWUZaWlp4d1cyMk04bmFWb04zMkN1ZnpteFFaUEh4Yzg1djQ3UDR6bGwtU2w2bGRGazdGNGRuU0xrWEh1MEh6Xzc,More,3 hours ago,2026-08-20T05:45:00,WSJ Fresh,"https://encrypted-tbn1.gstatic.com/faviconV2?url=https://www.wsj.com&client=NEWS_360&size=96&type=FAVICON&fallback_opts=TYPE,SIZE,URL",2026-08-20T09:24:14.330419
"Over 1,000 UK Charities hit by Cyberattack targeting Healthcare CRM Provider",https://news.google.com/read/CBMitgFBVV95cUxQUGo0THk5VXV5QVRUWHR5RUdsaGVHS3ByR1ZUNU1xZjYxaVJLZ1JfeVg0RllBQkFrdi1BOFE1NjBBM2QxMjQ1dElQanhlSnh3V1otOWM1aE92NWVicG1fcGV1VWtjcDF5Zk1sU1ZRRmJWd1ZBX0FzVnpLZlhIT2wwYm1fT2xnVEhaNEIxWWVfZldNTkJ3TVFicWc3aUFVOUkxNW51dms1c0drY1JNUUR6Qmp1dk1rQQ,More,3 hours ago,2026-08-20T05:42:02,Healthcare Security,"https://encrypted-tbn1.gstatic.com/faviconV2?url=https://www.cybersecurity-insiders.com&client=NEWS_360&size=96&type=FAVICON&fallback_opts=TYPE,SIZE,URL",2026-08-20T09:24:14.330422
China Sentences Evergrande Founder Hui Ka Yan to Life in Prison,https://news.google.com/read/CBMitAFBVV95cUxOX3pvV3p5MUtYSTdHOXJReWNvTlJxNkNCWHRidnp0VHYzZUlKY2s3QlNvNHdpdE5IQUE3cFU4Q2lpOW9HRVpCeUd0cWcyX01OSXNRV2VOREZ4MGp1YUdRSDgySVBEY2dOd3lBbDV3NGZaZFFHQjBacVp1MHo4WWVNdExGMXZOU1FDblZvUmpqMUxzU2dlOTJwc0EtSkV1Mnd1YnpJVnZFTXZ4TjBOcEd0dGtkMV8,More,3 hours ago,2026-08-20T05:40:00,Bloomberg Fresh,"https://encrypted-tbn1.gstatic.com/faviconV2?url=https://www.bloomberg.com&client=NEWS_360&size=96&type=FAVICON&fallback_opts=TYPE,SIZE,URL",2026-08-20T09:24:14.330424
Srsly Risky Biz: Trump's Private Hacker Memo Is the Right Idea,https://news.google.com/read/CBMijAFBVV95cUxObDV1TmFIRW9CVnJFQnNtUkpXX0llSW5idTBGOUs4aElqeXhfUWhJY2xndTJIS211R3VsbVhJN1VIem1XTDdjdDFwV2lTZTUzRWp4emphdjFMRGdRb3R2cUhObFgxOE9kNlM5RzdTUjhDVldGOHZMZl9pZVF4XzdSSGhWRnZBRVBRQ3B5dg,More,3 hours ago,2026-08-20T05:33:20,Risky Business,"https://encrypted-tbn1.gstatic.com/faviconV2?url=https://news.risky.biz&client=NEWS_360&size=96&type=FAVICON&fallback_opts=TYPE,SIZE,URL",2026-08-20T09:24:14.330427
Kyiv targeted by massive Russian strikes killing several people,https://news.google.com/read/CBMiqwFBVV95cUxPX1pJcl9Gd1p1UUxYRVUwY2M1VjVha0dfX0tLRTRvME1NLVhacVQ0Y1NrYUh2R2w0NF82eGFfLWR5S2UwbmRTeksxcnNqaUM0MjFMZ2ZzX25zTTRsSnhGZUZXWWN1QXFtUDdQZ1UtZ0J1aGJGQmp4d2hZdkk2dzZLSEI2d0RfcFhzM0s5bFd6M3RlNGFFdnNlS0k1Q2JCeEpkLS1ZUFViZHFja1U,More,3 hours ago,2026-08-20T05:30:24,France24 Fresh,"https://encrypted-tbn2.gstatic.com/faviconV2?url=https://www.france24.com&client=NEWS_360&size=96&type=FAVICON&fallback_opts=TYPE,SIZE,URL",2026-08-20T09:24:14.330429
"GBHackers Security | #1 Globally Trusted Cyber Security News Platform | GBhackers Offering Exclusive Cyber Security News Coverage, New Research papers & Technology Updates.",https://news.google.com/read/CBMiggFBVV95cUxOU3RIOE8ybndCQ3NaWE1sZ0NkZVdhM29Id3ZFcmxfUnNtLW50aHdqYkcwS3ZaODliTWJtUXFUMy1Mbnk1YWFEOEFUaGF5SjlCcjhZb3hpVEFKQ3lNOFhQenAzVzNHdTF1SUJNbU9OSnROcURZdmJVZ2hiaXRhWlZOVzRB0gGHAUFVX3lxTE9wZDdIM1FRcUQtUEdNUkMtN19FRlRNTG9IQVVwZlp2aDZjMjNQUnQ5UlBvQkZWcTVDQldnRW85V0xrYTQ2MTV6MlU0dzJiZHp5NVM3RFNKMkRzbFVWdXhpMWRZdHVCRUxXUm9adFJ3VHRuX3pSSEtXa3lfbmVSZ3hueEhBR244VQ,More,4 hours ago,2026-08-20T05:17:30,GBHackers,"https://encrypted-tbn1.gstatic.com/faviconV2?url=https://gbhackers.com&client=NEWS_360&size=96&type=FAVICON&fallback_opts=TYPE,SIZE,URL",2026-08-20T09:24:14.330432
OpenAI fortifies advanced AI models to block autonomous cyberattacks,https://news.google.com/read/CBMi2AFBVV95cUxONkJ2ZmhvMjRBV2FTV3JxcnhBX3pueU9NS25SZEZ3T2xILVI4Vlc1ZVg1dUxTbkR2S0hPUkZRb1l5NU5QR21nemZjSEpmM0FCMFVzTU9RRDdkRUU5SkZuS3BhVlB6NzVlSGxaR05lT3ZSQ1owZmh3SEpQT04wM2w5Wms2TE1FMWxaVnBIYnJhSzYtcHhhUE9Fb29QQlhQMTg1NEowR3V6MTE1TTU1V24xMGtsNDBWaC1rWVEtSGNROHVKNzFaeDYwSThCV25oTXhHY1RoV0ZLR3c,More,4 hours ago,2026-08-20T05:10:02,Zero Days,"https://encrypted-tbn0.gstatic.com/faviconV2?url=https://www.escudodigital.com&client=NEWS_360&size=96&type=FAVICON&fallback_opts=TYPE,SIZE,URL",2026-08-20T09:24:14.330434
CK Hutchison Seeks $1.5 Billion for Loss of Panama Assets,https://news.google.com/read/CBMitAFBVV95cUxPd2JNbEZuaXFTdWoxQzRzd29FTWNJTnFSV3VBRHE2SHprQVFyREJUam1WanRiZ2ZHcWNGQXMzMGQzLXFvbVNXd0JuYjdGdWRjX1Q2dUtGYVZxN1BjcGNGSzl4UmVaRko2am9uc1Q5Z3lDUkIwTHpKSDl6a1BNamU0TEpaQUxPVm53d0dvZEstOFBFYVVYeDNXSjhtMzBLTVhfMUNkcWFNOVFfOW1QMFhTOXZJX1A,More,4 hours ago,2026-08-20T05:04:00,Bloomberg Fresh,"https://encrypted-tbn1.gstatic.com/faviconV2?url=https://www.bloomberg.com&client=NEWS_360&size=96&type=FAVICON&fallback_opts=TYPE,SIZE,URL",2026-08-20T09:24:14.330437
Captured Ukrainian-born soldiers tell BBC why they fought for Russia,https://news.google.com/read/CBMiWkFVX3lxTE1USFZtYWNCTkM1bm1wcFd2TWt4c3lNVVVwb29iSFpPeXF1eE1YNFVyek1rd2U5cHdtZkxjNklHcHFDSTE4ZVoyOHRhVXlTVHA2aG9EY2VhSWZ4Zw,More,4 hours ago,2026-08-20T05:01:24,BBC Fresh,"https://encrypted-tbn2.gstatic.com/faviconV2?url=https://www.bbc.com&client=NEWS_360&size=96&type=FAVICON&fallback_opts=TYPE,SIZE,URL",2026-08-20T09:24:14.330440
Unitree Sees Robots Reaching ‘Mass Market’ Within Decade,https://news.google.com/read/CBMiswFBVV95cUxOQVpNcFdaTmwyakZhMnFyVHZXdnQ3SDd5U2JERHpqbUxRbjhPTnB2d0NqOVQycFQya2ZOVk5VRW10VEFCbUdMV2RVTmtrQjgweHJYY3RHYWtiVGFwanhXWXRxWnJoa2F4RTdzcE9rUUJQX3FWTjRHV01iSFhTQUsyY0xhMl9qVUtLV3ZtU2ltekFITGZsWHNxVDNIT21hVU94aGRjVGxSODQtdnhtdEw3NGllZw,More,4 hours ago,2026-08-20T05:00:00,Bloomberg Fresh,"https://encrypted-tbn1.gstatic.com/faviconV2?url=https://www.bloomberg.com&client=NEWS_360&size=96&type=FAVICON&fallback_opts=TYPE,SIZE,URL",2026-08-20T09:24:14.330443
"AI-enabled attack inevitable this year, say 2 in 3 APAC firms",https://news.google.com/read/CBMingFBVV95cUxNRXFOR1BWb0FRX0ZxUGdvMzhjQ0dYcFd2TndwQ3ZjbjN0a1c5dlRhVVRNZXQxUmwwTFFRSWZ3blFhOHRaUWljVjR4WUZ2Zk1rSlhBLVhoRVEtSHg0NEMxMmI3YWJsS2xxOWctMVJwanhHblNqay04YzMxYkZLQS1tMmRhWmVsbGl1cERVS1BTQTkxRkxoTjFKQkZaRi13UQ,More,4 hours ago,2026-08-20T05:00:00,Phishing,"https://encrypted-tbn0.gstatic.com/faviconV2?url=https://www.frontier-enterprise.com&client=NEWS_360&size=96&type=FAVICON&fallback_opts=TYPE,SIZE,URL",2026-08-20T09:24:14.330445
Iran shifts to offensive as diplomacy with US stalls,https://news.google.com/read/CBMioAFBVV95cUxNbzI5TGpuREJMT1lnc2ZHU01uVV9YV0hOY0FKUFNYc1d6LXNMOWRRTnFzb3hHRHFXd0pnYU84V0VKX0ZYTFNFbnBKamhXYU82YjBzbkZjdFJTQnpWNWU2TEpYXzh4bVNCMjZ0c0hXNHlCampQb0d0NzJvbGRndmd3MkVyUWI5SmtneXoyZHR5dnNWcnRKQTd1UThtd3NsTDJ30gGgAUFVX3lxTFBMVGpRY0owNzliRTh4b2k3R0hsWnpIdmk0SXlZZnFzR0M0TTVNdWlXVlVHNVVxZ2RtSTRtVzhscXFTX1Q4VlNabmdFbFZNLVlSWk5OMExzYW1zS3BZTW9Hb091eHFTaTFtZWR4LW1VS2pCSS1Zc1R1Y00xVWx0RGlKSXQ4M21WaF9EZ2ZOWnUxOXZPeVdnam9EOVNkdkRybV8,More,4 hours ago,2026-08-20T04:58:20,SCMP,"https://encrypted-tbn1.gstatic.com/faviconV2?url=https://www.scmp.com&client=NEWS_360&size=96&type=FAVICON&fallback_opts=TYPE,SIZE,URL",2026-08-20T09:24:14.330447
BitGo becomes 1st foreign digital asset entity to secure VASP license,https://news.google.com/read/CBMiygFBVV95cUxON3dWNEJONlBDWTlvMUZrVXdVRkY2M2hRREdtNmdNYTRlcG5iSUkzUS1Ba25sRkdjN2hRMWxLODAzNld1Z3c1YTYza2JqNFlCTHlLbFRFQTg5UUdibEtGbVlleU5MSW5JNEd4STEtUU5kaFY0SExHTkhFUDBQNC1pT0x6MVBhaGV0TmVJQklyR0F0Sk5vNDUwTGRpeE9WRFhmSmpPVU5uWG1rYjZoOFlJel94ZVY2MElabUpTRTRYUGNZWVRrdTVSVXlR0gHPAUFVX3lxTFB3RGFCOTFRX0VZU0FFYUt1OUFDSllUMWhuQy1aeUl3Wk1qZE81ZmlnTVozWlkycnI4VUhXbkY4UTY5aWlSX1AzMVlYZ1J5Z1NlMjl6Q2s2WDJjN1pHdmotQ0pFQUwxcjR6dEpOUk5EUmw2Y3VaMGF4OUpaR3VaalVRc1FVVHI4TmIxWmFILUZJT2hqMFl3dng4T1ZuNlIxYmQ3LUh1M0ItZzlpa3ZELW5LSy1EQURVWENwSm04TEh1azViTGV6Q2Z3Vy1Ld0ljMA,More,4 hours ago,2026-08-20T04:46:03,Korea Times,"https://encrypted-tbn2.gstatic.com/faviconV2?url=https://www.koreatimes.co.kr&client=NEWS_360&size=96&type=FAVICON&fallback_opts=TYPE,SIZE,URL",2026-08-20T09:24:14.330450
Taiwan proposes boosting 2027 defence spending 18% to a record high,https://news.google.com/read/CBMitwFBVV95cUxNZkhITHJrak1JYzUzNnhrb1lqUVVRY1J0NWJ1VExDVGptcDJYNTZhYnlhS3ZJbEFtejZYdlFHbVhpRzNDaTVWOEZvb0xJNXNneG1rZllid1FlQVR6dkgyZEJnMGFIcmZDV1picjdfMVZiTXJsZVNuX25nVEttNUxfVUc1WkxmQTRxUUtxdEdJTnZzaHFYM1pFd2p6OWh6LWdkQXJtSXNmQjNLbUdlTEk2Q2xmVG9KNHc,More,4 hours ago,2026-08-20T04:42:00,Reuters Fresh,"https://encrypted-tbn2.gstatic.com/faviconV2?url=https://www.reuters.com&client=NEWS_360&size=96&type=FAVICON&fallback_opts=TYPE,SIZE,URL",2026-08-20T09:24:14.330452
"Exclusive: China slows exports of key optical, aerospace metals to Taiwan",https://news.google.com/read/CBMiugFBVV95cUxQSG1Ud2FXR1pDRHRTVDNsejdVbU9iWXgtc2M3Ml9QQnI1ak5SUzhydEhJdUhQRXVhcGR1dlc0WE1TMkxLdXFYRnM5QV9leklYVVMzNmhOUXRkQ1V0NDI0ZnJpWXRXaE5qMktnTjVob05tR0l4Ui1tbk5jRV9yNm9NYU1kMk9tVnVvNHJmMWR1Wk84NEt2cXpoNzBjaF91UmZ4anc1XzVaWjhxT1hVaTYxRXFBTEpUNERTSUE,More,4 hours ago,2026-08-20T04:42:00,Nikkei Fresh,"https://encrypted-tbn2.gstatic.com/faviconV2?url=https://asia.nikkei.com&client=NEWS_360&size=96&type=FAVICON&fallback_opts=TYPE,SIZE,URL",2026-08-20T09:24:14.330455
Unleashing Hackers to Be the US Government's Bounty Hunters,https://news.google.com/read/CBMimwFBVV95cUxNVVExRjdPa2Z5Y1Y2MUhNclhjbjBydnk5REFZbFlLT0RPVVd5UXpLVzN4bEdhYm00RG11X29ZaXFzQ0tlLXo3WWNVMnNJTkhURndHTzNXZC1nT1VuMEVHNjgyX21XclZ1MlNnek91cUZ3b1F6elhNRHh0bHNuWDNybldKMURzSl9EemdOYk0wZERPdlUya21LdE5jSQ,More,4 hours ago,2026-08-20T04:38:11,Bank Info Security,"https://encrypted-tbn2.gstatic.com/faviconV2?url=https://www.bankinfosecurity.com&client=NEWS_360&size=96&type=FAVICON&fallback_opts=TYPE,SIZE,URL",2026-08-20T09:24:14.330457
"South Korea estimates North Korea has up to 120 nuclear warheads, far above Trump's figure",https://news.google.com/read/CBMi2AFBVV95cUxPai1rZ0dWNGExT2VoOUNnVEs4X01iZlpPVkU0aUlQTE9aNVJXNThnV0k3aEtZMm9yNmxBWWgwTVJzdFMzN2s0ZUR5amstVHNtQnNESkdRQklHV2Jtbm4wRm84OEN0WlVZU0ZuV3lNX3ZkVnlzbG1mYkU2dnRHS0xnQzY0U1Z1amx4d0hRMnkyNmxsejlnN1ZCTFVKenRyUXdXaDdibUVBaktqT3l3N3dJTldHaFR0N19WQUtTNklFV09NLVNzWFo0ZEhhZ1gxYjhqNmhIS2hRN3U,More,4 hours ago,2026-08-20T04:36:00,Reuters Fresh,"https://encrypted-tbn2.gstatic.com/faviconV2?url=https://www.reuters.com&client=NEWS_360&size=96&type=FAVICON&fallback_opts=TYPE,SIZE,URL",2026-08-20T09:24:14.330460
"Exclusive | As Xi’s US visit approaches, basic details of planned AI talks remain uncertain",https://news.google.com/read/CBMiwgFBVV95cUxORFVkSmZWdllBa3U4cGtwa2tJOUpyYlE5NU5GS0g0MkVkVjZSam9OS2J2eXl0dnhmLUIwR1ptSjhkMjdTWnBuc3hTYWhOSnhFbWpveXhzeDVEd2FOcklBT1dyTXNDYXBHWUExX2lIQWUzUkpSMGl3M3JUUWk0SGwwMFdaNG9IaV9tam9HcmhOUTl1NGhvc01QTFl4ejJ2RlZKNnpIYjF3dmlkT0hUbE1UeGFCbmV5RVhEWWYxcHkyMFhQZ9IBwgFBVV95cUxQd3UzUTBZR3Y5cmlxTEVnbkJFWExiSk82ZG00Q0MycWpIWVBDWG1MUkhLdW9BS0did2EzQURDLWJRQ1E0QVI3QkQyS2RCYXBjVjB1SHZGajVyZUJadUl2cXB4ektfUldpTnJxaHRKbFRRY1BhcFZFTDhRVmNUMFprRVprQUVCUW5XUXVrSjdRZUx2eTFob2pLVlRabWFfaThMS1BmekdYU0JNWkJUTlhleXYyMDlSTVNORDhjUDJRMWprUQ,More,4 hours ago,2026-08-20T04:27:39,SCMP Fresh,"https://encrypted-tbn1.gstatic.com/faviconV2?url=https://www.scmp.com&client=NEWS_360&size=96&type=FAVICON&fallback_opts=TYPE,SIZE,URL",2026-08-20T09:24:14.330462
"Robots poised for 'ChatGPT moment,' Unitree CEO says",https://news.google.com/read/CBMiogFBVV95cUxPdTBFUDUyY3VFZGlQY0VvSDFSRDV6bTJLSVV5OVd4Zk9tbzFjYkdVZ3Fxc3ZZbGNKU3lMdGhxRU4wb0F1QzIzMzFOUHBvdVlWVHB0MEFQSkN0eDVHOF9VMktYR1pETnpfcUt2TEJwLUJyMDZRam55a3hhUHFWN0ZwVWlEV0FRX21aN0lyNjhKVll1ck1CWE52cjgzNEFQeGV1Rnc,More,5 hours ago,2026-08-20T04:18:00,Reuters Fresh,"https://encrypted-tbn2.gstatic.com/faviconV2?url=https://www.reuters.com&client=NEWS_360&size=96&type=FAVICON&fallback_opts=TYPE,SIZE,URL",2026-08-20T09:24:14.330465
T-Mobile Cyber Team Physically Cuts Cable to Remove Chinese Hackers From Network,https://news.google.com/read/CBMifEFVX3lxTFBOSFlKdzZ0MUVqUzRNdWdIa1JGVkY5ZHFvWmowV3AwWjhvczg5RUp1MVRiMDNwbElkdFM5Sk1EVkxscWRYWW1WaUVMdTBSaHFsT2JrVGVpSFJBWF9qakN6WHhnb0ZmS2hkLVdlWkgxX01PWmZhR3Z0Nm0wN0bSAYIBQVVfeXFMTkhDeXNkZWNQZkFORU9rMkpTdlhlV0lYUDFhVzM4OXJyVUQtcnFCNHFvR3RKLVlZQmdOb2lQWEd1bmZNdEl1T0FzVmhhNkRmTDlza2JHaHJQTk9wcGJTU0J6N1g5Z21Rc2kzYWUtWVF4QnZSZm0yMFhtVWRWTWs1SVhmQQ,More,5 hours ago,2026-08-20T04:17:46,State-Sponsored Cyber,"https://encrypted-tbn0.gstatic.com/faviconV2?url=https://cybersecuritynews.com&client=NEWS_360&size=96&type=FAVICON&fallback_opts=TYPE,SIZE,URL",2026-08-20T09:24:14.330467
Ethereum Foundation-Funded Program Exposes 100 DPRK Workers in Web3,https://news.google.com/read/CBMirgFBVV95cUxNNTFPTC1vNjhfSWdiVlpsMUZELVhrU2h3RzVZN1NYcldDSEFJelpyR0JhRm9KaUROb1Z0Z0UzUWd5V0Fua0Vrck1VdXFNMnVYaF9QZnBiOGVtU2JOVDJZRWlmdlRDaG9kQkRFNFhlZUtYN3VlTTd2UFhPRUlXLTJyWTdUYXRNRzFPd1FFZTREQWx0S3NsMzFzRlBWWHVCNGI2RENpdF8yWGlNV3k1c1E,More,5 hours ago,2026-08-20T04:17:09,Lazarus,"https://encrypted-tbn3.gstatic.com/faviconV2?url=https://coinmarketcap.com&client=NEWS_360&size=96&type=FAVICON&fallback_opts=TYPE,SIZE,URL",2026-08-20T09:24:14.330470
T-Mobile Team Physically Cut Cable with Scissors to Expel Chinese State Hackers,https://news.google.com/read/CBMiowFBVV95cUxQTVdCc3Znd1BtbFotRGdVVUVybnJQdGZlWHA3WkdNOFBTaFRFMVNkUHhSNVRIMEFROGJ1WUl5N1RZTHhzX3RiWEVQN01PWE1zNV9yZUhBWlp2ckZNanVPbEgzcENGd2lPTWw3OEJ0VFNtTHJxZkd6SUswcVVFLUJtLURYR1ZTbTdHUmZVbHFxWnVjc1p3cXp3SDNYaGdseXVfVDYw,More,5 hours ago,2026-08-20T04:10:19,State-Sponsored Cyber,"https://encrypted-tbn0.gstatic.com/faviconV2?url=https://www.sofx.com&client=NEWS_360&size=96&type=FAVICON&fallback_opts=TYPE,SIZE,URL",2026-08-20T09:24:14.330472
Rahul Gandhi wants monitoring of colleagues after Kharge laments their silence on Haldwani ‘purification ritual’,https://news.google.com/read/CBMi_gFBVV95cUxQVDBoc3pUUmhUb0JNc2VmczlYY085V0RsTzFfb1hheF9FT3h1Z0p2UzluR1I1M3k5dlVOVGZ0VmZUOHRqMnQ0ZW1uSndnN0hpMFVwbXlGd3ktd3ljUG9wVi03MGhKTEc0c29RZ2xGZmt5Y2dlTmRCa2x2QVJIdDdBcXBJRmFvdTJhWlNhUTEzSXRYX2pTVFJfdGh1bkxRN0JuWG9VZkwtd1pybE9lb3ZVYUFHdnZrX3RwQnhIUzVqRjY0UGRBRk9vd0Nac2FtMVlxNkYyQVRMUFcxNzhUVUZsS1ZHZHNOV0FPMjE3TXZubmxGZmhkb1oxNElfN3F4UdIBhAJBVV95cUxNX3VSb1JvTmRjY0lsOTVFdUNlTC1fWXBWU2NKeEtaUHYtYWRuSDlIT0lxdDlRZUoxbERRZ2EzWXltVmM4OWxWb3VjT0VEb1p0LWlmRV9GelNPN1BCdHEwaUgwNndLa0hlTGtCbzNDaEViTVUyeE9yelBhU2M0WTFZTXBsZDFhU0Z0RjUxZ0kzLXdyaE40NXNEOFVSNnFOdWZsX0NjQ0d2NmV2YzVfeWxUZFpfenlHaWtxRDZiUFZYMV9XZ0d1Z0t2ZWZ4VmhIQTFtcTRlaDFzQk5MUlpESkRaTFR1VjVoWTZEWURsYk9YdGR6VzFUQnBQb0llTzhpeFVDVGt4dw,More,5 hours ago,2026-08-20T04:08:09,The Hindu Fresh,"https://encrypted-tbn2.gstatic.com/faviconV2?url=https://www.thehindu.com&client=NEWS_360&size=96&type=FAVICON&fallback_opts=TYPE,SIZE,URL",2026-08-20T09:24:14.330475
North Korea shrugs off Trump's scaled-back drills with South Korea,https://news.google.com/read/CBMixAFBVV95cUxQZFJSWWM5RXhmNy1vRGVLYnFLR0xvZU8ybEdmTWhnTWVLTUh1bUowbzRPeFg4bHZqOFU2WF9CdnpoNEZoMFRHVkt3Nk0wOVY5Y2pFRjNxTnpMWG1mSTJBQU9GMUZDWS1CVVJWVHlrZ0o3alI5c0hqM1Aza2VYMlVwREZsRDJHZUNxN2VjY1dGU1c2eWZ3WW96bzFuQUNTVVZ0dzV4Y3BkNFFFU0RhZDN3QWtsOHdPeURqUjljQXNBQlFLb095,More,5 hours ago,2026-08-20T04:02:29,Euronews Fresh,"https://encrypted-tbn3.gstatic.com/faviconV2?url=https://www.euronews.com&client=NEWS_360&size=96&type=FAVICON&fallback_opts=TYPE,SIZE,URL",2026-08-20T09:24:14.330480
France/Indonesia/Philippines/United States • French firm Cyber Test Systems expands in Asia-Pacific region and targets Africa,https://news.google.com/read/CBMi2AFBVV95cUxOTTJPSmZyZWRTMWlhR3BibnFwN2ZWYldQWGNvSUl2TVVidzM4aFdJTVRJd0licnp1YndGaG5PRmhCNmNDUEZ1VjRxLXRrNmJLcTZxblhwMG1sa202Z2pFVldpVkhHSk5SVjlXODhuRmtVdUk0LThHMDgzTl9mbXNPTlVRYXFYeXh5bGVacTkxSEEyTEYweTBxU3M0T1FyaGlDdEgyMzZST3RJdjRCLU9wWmV3MWVmX05WV2lRRlEzVHdPLVRZZUwtdVpHaXhXQ24wbjc4LURZSVc,More,5 hours ago,2026-08-20T04:00:54,Intelligence Online,"https://encrypted-tbn2.gstatic.com/faviconV2?url=https://www.intelligenceonline.com&client=NEWS_360&size=96&type=FAVICON&fallback_opts=TYPE,SIZE,URL",2026-08-20T09:24:14.330482
Europe/United States • US and EU hire former Mossad officer to probe missing Ukraine funds,https://news.google.com/read/CBMi0gFBVV95cUxQOTZvQW5PZkhvcHJUcHVubGoyRlVteW44dllvNEk0ekYxQnJnRVp2VGh2dG1EMWxBcnRkYUI3M1dfWnR4WXZKSFc5OUpxNWs5SERPSGZsNDMxVGI2T19mdXgtN18wN1ppZkZjeGZhQ2p1cldkOVh3bno5ZFV5dVJuSWlhSS1aT212aUpsZVlRMXhOOEUzU3N6Vk92M2FpbXU1Z0hOMlVDRWx3dEZpNEtlNU9zUjZXZjBlZkhoMm5jSEpzUjltNFgzbkIzYkY5RUMwb0E,More,5 hours ago,2026-08-20T04:00:46,Intelligence Online,"https://encrypted-tbn2.gstatic.com/faviconV2?url=https://www.intelligenceonline.com&client=NEWS_360&size=96&type=FAVICON&fallback_opts=TYPE,SIZE,URL",2026-08-20T09:24:14.330485
France/Iran • Paris avoids Tehran escalation with tit-for-tat expulsions,https://news.google.com/read/CBMizAFBVV95cUxPNVV2eDNyT1BZZmpBUFMtbVVZb3hNdFBxc1pkbEdEcUlNajItcDhxNFNXWEN0Ui1BZVZlUm5mdkZ2cWNnUnE1YnliOFhpZFdYRnJjeEY4RUJQZTVVQ3V5ZFp0YWtxeWJFSS1Bd3B3U3pYUTFnU3VHMlhBSGVueDV6V2pmV2xEbFdDbnFPS3E3Q2tjcmx3MmRieXVFb0c1NHVCUzE4V3F2YWFzM0dFSU82aW43MkRkRlRabmZjd2g4UEJDWDhJcGNMQlFqQ0Q,More,5 hours ago,2026-08-20T04:00:46,Intelligence Online,"https://encrypted-tbn2.gstatic.com/faviconV2?url=https://www.intelligenceonline.com&client=NEWS_360&size=96&type=FAVICON&fallback_opts=TYPE,SIZE,URL",2026-08-20T09:24:14.330487
Ranked: The most and least expensive airlines in Europe,https://news.google.com/read/CBMingFBVV95cUxPTG1vVHZFRnBiUUptZGFUbHpQTHF0bkNIMUFwcEhtcG9uUlQtZUdFVDl2WFB1ZHhJSEI4b3F2UF90TFVSeXp4NERuMmhWeEVxMFFPNDJDbFlkTzlLRVBPYWhGNldjT3RyN1FYWmM4X3ZiN21YS1YtZXJFUnpUcnJ1T1M4T3hKWGRnR3ZpeHNfLW5EZmpPSFd3NlBHUVk3Zw,More,5 hours ago,2026-08-20T04:00:03,Euronews Fresh,"https://encrypted-tbn3.gstatic.com/faviconV2?url=https://www.euronews.com&client=NEWS_360&size=96&type=FAVICON&fallback_opts=TYPE,SIZE,URL",2026-08-20T09:24:14.330490
Huntress Cybersecurity All Blog Posts,https://news.google.com/read/CBMiUEFVX3lxTFBIUVRKdlRrc2NPSS1RaUNxaTZQXzZDMV9QUzI0MzlNaU9WRi1vVEM3dm5sbHpEZE5CRUdSbWpFODNoNUhGTHhEWFZfaWczcTVX,More,5 hours ago,2026-08-20T03:59:47,Huntress,"https://encrypted-tbn1.gstatic.com/faviconV2?url=https://www.huntress.com&client=NEWS_360&size=96&type=FAVICON&fallback_opts=TYPE,SIZE,URL",2026-08-20T09:24:14.330493
EHR Vendor Notifying 3.8 Million Patients of Data Theft Hack,https://news.google.com/read/CBMingFBVV95cUxPUWtJWTc2N1N3c2ZQemszUGN3SjN6aGt4Nk95aWJqUVJQOEtuRjBaMGZjR0M5aUVGUnR2WHlwZ29vZUpHVDY3NFNwdldsem9TSTQ4M2IyRXVVajZwQklKMzRwdTR2SC1rWVpCMS12eHQtY1Z4cnA4R2NTUkp1SFNhX2ZsMFVpeWFKOHNTeF9NS0ZSMXVxWUhac2NVSzNQUQ,More,5 hours ago,2026-08-20T03:56:15,Financial Security,"https://encrypted-tbn2.gstatic.com/faviconV2?url=https://www.bankinfosecurity.com&client=NEWS_360&size=96&type=FAVICON&fallback_opts=TYPE,SIZE,URL",2026-08-20T09:24:14.330495
"UTSA cyberattack attempt shows how quickly threats can target universities, cybersecurity expert says",https://news.google.com/read/CBMi3AFBVV95cUxOZmtkeUVHS1FYLTBidWhYNFA5SFJaVWNXZjBjRUlfNENCSWVQTFZTbUhrcENMeXNaNFFRVEdaV1l6S1A1Ykk1UEtON05xOEc2Um42MWxXWVVuOUtScmUtMjU1NHVIYUlKYmlnUjNnRk1xcmZtZXRmekt4TmxMemFUdzZkUnlTazIzSmRSYXZEcnJLeUluQVdzYUFFMTRnZDRHV3FFd205b1hvdlBmbGVzY19jQVh0dVByVGYxOFlHRnpoUzZndEhqbUZobVMzcXJVSkd0UE5QYmxNR3U5,More,5 hours ago,2026-08-20T03:45:37,Cybersecurity,"https://encrypted-tbn2.gstatic.com/faviconV2?url=https://www.ksat.com&client=NEWS_360&size=96&type=FAVICON&fallback_opts=TYPE,SIZE,URL",2026-08-20T09:24:14.330497
"News - OKNG, Royal Brunei Armed Forces strengthen cyber readiness during Pahlawan Warrior 26",https://news.google.com/read/CBMivgFBVV95cUxNSkNVLWxhMEw1V3BXajctb1RsYXFQZFFrYVBjMmZCYzFqWFdRN0F1T3N5Ymh4eHJWU1pzTllodEhlYkhTeGNlNVMtMGJXRTdJNUxqTFhiUUNQNVlNNDV6SC11Y0UxNWlhbllOMDBaVkF5elZ6NWp1SDUyeTNiZkd0dEZ4VDFneDcyX0NTQ1NpejRZekllS2JIQzZrRGlMZ2h4eUNRZm9naGlRZUN3V0VYck5salpSRXpTY1FkN1h3,More,5 hours ago,2026-08-20T03:34:00,Cyber,"https://encrypted-tbn3.gstatic.com/faviconV2?url=https://www.dvidshub.net&client=NEWS_360&size=96&type=FAVICON&fallback_opts=TYPE,SIZE,URL",2026-08-20T09:24:14.330500
"NASA satellite rescue mission fails, swift telescope set to fall to earth",https://news.google.com/read/CBMiugFBVV95cUxQSXFfdVRMNVlzZHo0ajBVNG5HS05MWENRR0s2S1dabHFXNFNOYi1vYWdhNE50NlJhZlBaN0EtR29OQkdVcDhIcTlGZE5tNWx6MmpzN3VNYVJENklrbWRWOGpNdFpoMkdJMjM3N1dSaGlmeFpvTkkxLTlqakJyRWFiMzNKME5DeHRCSkk4dUROWHE0a0E2a2J4V2VNeExTcUluNS1GSXNpZXVLdFR1LU8ydUlVTFdqNEo0R2c,More,5 hours ago,2026-08-20T03:31:11,France24 Fresh,"https://encrypted-tbn2.gstatic.com/faviconV2?url=https://www.france24.com&client=NEWS_360&size=96&type=FAVICON&fallback_opts=TYPE,SIZE,URL",2026-08-20T09:24:14.330502
Trump threatens 'tremendous economic consequences' on any country helping Iran,https://news.google.com/read/CBMiWkFVX3lxTE10NXpxUDd6UnRUMjB4X2k3SnljQ0VYNjJCb1VUaUpJTmV3SlFPdWszMDZVWWdzUkduVEpBWk9zSGNseW56M2JWOXEtRjV6WVlxMlVTc0N4bVRKdw,More,5 hours ago,2026-08-20T03:22:57,BBC Fresh,"https://encrypted-tbn2.gstatic.com/faviconV2?url=https://www.bbc.com&client=NEWS_360&size=96&type=FAVICON&fallback_opts=TYPE,SIZE,URL",2026-08-20T09:24:14.330505
SilkParasite: Tracking a China-Nexus APT Across Central Asia,https://news.google.com/read/CBMinwFBVV95cUxQUFQwLUpFMUJLdExiazdXY1NRc1RzV2VUQnFieV9mVDlQOXVKeGhEZXplbFJWeUlhS3pBNjcxek5yWERsbkRsRDMtT0EyUTRDRXV2RVhJak51TEp0QUtlLTB6SC1VOWhwN0dSLVVPbWdFN1YxbmFiWDQ5R05aLUU4aEZGT1VCOVV2d0FEcm9GaVVnVVNJZ2o0TEZJQkU2QlU,More,6 hours ago,2026-08-20T03:22:30,Advanced Threats,"https://encrypted-tbn3.gstatic.com/faviconV2?url=https://securityboulevard.com&client=NEWS_360&size=96&type=FAVICON&fallback_opts=TYPE,SIZE,URL",2026-08-20T09:24:14.330507
Albanese dinner host's family fortune linked to corruption involving relatives,https://news.google.com/read/CBMipgFBVV95cUxPeV9PS3daUWtRdlBLc2ZfcWQwemoyeC1Ja0d5M19IZnMwVWZJdTJLRDVjVFFZNnV0WWpVQjlqdzlJZlZDNkY4S2hhOWlvRFMtUXUzUFZtV2dSU0RNTDJRT1I2bHE4cFQ3QWtfM243LUFURU5FeWZPa3NfNUJSeVhYbEZtcFpIVzlBUTJLWFlDeC1YSjdnbDBORG9kaFVwN1Y0bWhJUk9n,More,6 hours ago,2026-08-20T03:20:58,ABC Australia Fresh,"https://encrypted-tbn1.gstatic.com/faviconV2?url=https://www.abc.net.au&client=NEWS_360&size=96&type=FAVICON&fallback_opts=TYPE,SIZE,URL",2026-08-20T09:24:14.330510
It's easier to ride a sandworm than to buy 'Dune: Part Three' IMAX 70mm tickets,https://news.google.com/read/CBMia0FVX3lxTFBmT0hRcVpSMFl4ZTFpaWVGUllvT0Z6OUpnQkpKeHFPSFJCenlXSXJucmRTY2NjQllvM0JUdFlKdkt1TThTS3NtT1hEb3I1bHRKQjZZZkk4c2s4cDg3ZUVUcTBIdnpTcWc3QVpn,More,6 hours ago,2026-08-20T03:12:00,Sandworm,"https://encrypted-tbn0.gstatic.com/faviconV2?url=https://mashable.com&client=NEWS_360&size=96&type=FAVICON&fallback_opts=TYPE,SIZE,URL",2026-08-20T09:24:14.330513
Trump’s Plan to Squeeze Iran’s Economy Will Live or Die in Dubai,https://news.google.com/read/CBMirgFBVV95cUxPb2pfemR3czYyOTVqcnF1bWwweUVZVFR4NjRNRXFobmpwMmxHanNlQ29KelBpcHZUUTQzWURFV1VaZENJNTJjRUNwTkhHTkZDVVNjLUJROVVLX3NoQlVsb2M3ZWUwQks3LWRtbkc1U1Q1M1ZBTE1aOVZrNFVWcGVPd3VsSkU2aGpsZUY3cUdOZGpqTlN2Qms0TkVHRUJmMk9pNlRLeDNEWTh6UkRSTWc,More,6 hours ago,2026-08-20T02:58:00,WSJ Cyber,"https://encrypted-tbn1.gstatic.com/faviconV2?url=https://www.wsj.com&client=NEWS_360&size=96&type=FAVICON&fallback_opts=TYPE,SIZE,URL",2026-08-20T09:24:14.330515
What to know about the trial of former Tiananmen vigil organizers before a verdict,https://news.google.com/read/CBMigwFBVV95cUxOTWZLZDV0b0I5cXFoaEppdXdLbU12d2xUM3pvQkdmbzBSR3NRWTFKdHN4bzdRZjZHUjl3cm9ueDdBMnhXMTAyVzJFamh5cFFJSHR6TVpKNWxMdm4zZjF4YWpMNUF6MGhvN1R4eDVsT0FGNm9GekQ0V1dSQUpvNXJIN2VJMA,More,6 hours ago,2026-08-20T02:33:27,Taiwan Security,"https://encrypted-tbn2.gstatic.com/faviconV2?url=https://www.aol.com&client=NEWS_360&size=96&type=FAVICON&fallback_opts=TYPE,SIZE,URL",2026-08-20T09:24:14.330518
James Braid to depart White House,https://news.google.com/read/CBMiiwFBVV95cUxNTk44OTdQcWF6SUNvNjVQZXJqX2lZMkNyNWlMeF94UEhYVDFRTTFCOHVJVERSR3pMRVpVRkpTZHlrNV9FT04zd1FzNjFSNmQyYVltdUtXQ2dVYndiMHpiN1E0RzFBQ2FYSmdqLW5obk9JZnJhLWtLeWtldmttY1hWelNrSnhXTl9VZ05F,More,6 hours ago,2026-08-20T02:29:00,Politico Fresh,"https://encrypted-tbn1.gstatic.com/faviconV2?url=https://www.politico.com&client=NEWS_360&size=96&type=FAVICON&fallback_opts=TYPE,SIZE,URL",2026-08-20T09:24:14.330520
India faced highest cyber attacks on phone users in APAC region: Kaspersky report,https://news.google.com/read/CBMi1wFBVV95cUxPdEVCLXQ2dVFaLXNPQ2x2Q0ZYeWI5QXpxdWFLSHlGWHBjdG9kNHdFOVJOcWRud2FNNm9aVnhrNG9mbDZ6ZDZCaG13UlhwNGlMOWlheFN1ZmNCWmNGN3cxSklwdWJCemNoMk9sNEgybHRXX09BSzh1dUxFb3UwMXk3czdkT0ZrOGduaGk1dzNtWlRldXVzbzFlZ1ZoTWR2RDRaMnNUakdrZnhMeDlueDJpeWVTakVMeG8tQ21kY2xJdEZiZy1hMnl4bmo0ZTB4VDJjSC1VbVREcw,More,6 hours ago,2026-08-20T02:29:00,Taiwan Security,"https://encrypted-tbn1.gstatic.com/faviconV2?url=https://www.deccanherald.com&client=NEWS_360&size=96&type=FAVICON&fallback_opts=TYPE,SIZE,URL",2026-08-20T09:24:14.330523
AI-assisted tool helped secure satellite communication system after 2022 Russian hacking,https://news.google.com/read/CBMiuwFBVV95cUxNQ0U1WVpIWlFfX1I2UEJKeFZxbjJ5UW8tMFpDa1JPOTJOaWFvSEFObTg5NHZWcUNHYnhpZlhHNERRX0VzUTE5ODZlOVhnSDZQSy0xWEVyTGJpOXBTRG5sS0FaaVhGb01YbmlnWC0wRlVYQlpkdDQ1SktVdXZ3M3U5cnBJX1VuQTRzZ1ZmZV9sUU5TZ2FET2pDYUo5bzR5ZGw0UENIUDZuYUpfYUxTZG53ZFAzRzl4cDhJci1r,More,6 hours ago,2026-08-20T02:26:15,Russia Cyber,"https://encrypted-tbn0.gstatic.com/faviconV2?url=https://wtop.com&client=NEWS_360&size=96&type=FAVICON&fallback_opts=TYPE,SIZE,URL",2026-08-20T09:24:14.330525
South Korea Seeks China’s Help as Trump Pushes for Kim Meeting,https://news.google.com/read/CBMiswFBVV95cUxOUC0yb2tKMmRObzRpV2l5SWNuUG5vMkI3QXlfX3N1THkyN1k0WmNTUV9NX1Yya0E1ek1ReVJ4aUFmQkZNRlhvaWJCSkttUVp3VEVrTTVraXotalFnRGJPRFlGbWtxR3pUeExZOWloV051OWduMHZCY2hkblhMbl84NUFVSTlTXzlCSlRtRjRKclpPN1BqbTJTYm9ERWdDZjdzVnNHMVdjQWZya28wOG1YaEtHWQ,More,6 hours ago,2026-08-20T02:26:00,Bloomberg Fresh,"https://encrypted-tbn1.gstatic.com/faviconV2?url=https://www.bloomberg.com&client=NEWS_360&size=96&type=FAVICON&fallback_opts=TYPE,SIZE,URL",2026-08-20T09:24:14.330528
Zelenskyy faces election call from the popular defence minister he fired,https://news.google.com/read/CBMiWkFVX3lxTFB5R1RwVlQtTWQzSUprUEl6Q0xQQ0J3dmoyOGM0Q1pFZ2JnVnRUQThXakxFa0otMWozZG1Yc0xMZ1lTUzhIMldXT2JPVWlRaE5LOW56TXhRUDFjUQ,More,7 hours ago,2026-08-20T02:15:06,CBC Canada Fresh,"https://encrypted-tbn1.gstatic.com/faviconV2?url=https://www.cbc.ca&client=NEWS_360&size=96&type=FAVICON&fallback_opts=TYPE,SIZE,URL",2026-08-20T09:24:14.330530
Splunk Products Multiple Vulnerabilities,https://news.google.com/read/CBMilAFBVV95cUxNWmpOc1V0TDg1QmJEV2o0RHozOXVwY3BaS0tDcnVvRUlXSHJFT3pwTHhSSUtWbmcyQVZSSXZ6UzI0V1NZMHRObGQ2R1l0UzRMVmlNdE45OUtfYlFuckZNdmdMT1JsNk1VTjZNS3dVNktPekJNcWdVR2VubnFJNjJpRkhlZnFYZnNYbklwWlFxNkdENFhG,More,7 hours ago,2026-08-20T02:14:17,Vulnerabilities,"https://encrypted-tbn1.gstatic.com/faviconV2?url=https://www.hkcert.org&client=NEWS_360&size=96&type=FAVICON&fallback_opts=TYPE,SIZE,URL",2026-08-20T09:24:14.330533
Giant whales move into Greenland waters as ice disappears,https://news.google.com/read/CBMiWkFVX3lxTE5VQVEwTzJGazljLW5fWVdzWjRaeTE1NGowcU1GOVJfbDBfeDdvaGluS1lJSTVfdDdueEM3X0I2dUx5dk0tY1o4aEI1MWc3WkxJb0hBSWV5SmRjUQ,More,7 hours ago,2026-08-20T02:05:20,BBC Fresh,"https://encrypted-tbn2.gstatic.com/faviconV2?url=https://www.bbc.com&client=NEWS_360&size=96&type=FAVICON&fallback_opts=TYPE,SIZE,URL",2026-08-20T09:24:14.330536
Opinion | Why Chinese film-goers are flocking to a movie they hate,https://news.google.com/read/CBMirwFBVV95cUxNUms5TGxxZk5Kdjdtd1B6WFYyUXNwdzVhYk9FMkYzLU1MbExQWElxZDRWMDluQVl5bTNReDJKV0pNVFBEX3QwZ3VmX29CX3l4RUFINWRTc0lRSUlzU0xkZ1VNYjFPUDRMVjVzWkZjc3dwa2R6Mndxc3lBQ1ZEQlJ2NkhsS2dhd2xocWVTQ0xuQnlWM3JMaWpsS0dySEVTN0U3eDFab011N0l3OVAxenJv0gGvAUFVX3lxTE1nbDdkVVlFWi0yLU5kcWtYek95UjVyTVZzTjZhdkxPMERwX2pJaTNKckZKU2dfN20ydHlzbXk5V204bG1hUkc4cjRqSUJzcnVNOEtVTmlSWHZXTS1waFlFRi1oQ3FFTm5mbVVBYTBKQmlTWFJqSG1tSDE1dXhMc1N6eGZHb2J0SUE5Q3JHUnJ1NFp6WnJHSU9KcWFQbHlVSnI0UXpjbFNIOUxhcW5LQkU,More,7 hours ago,2026-08-20T01:30:07,SCMP Fresh,"https://encrypted-tbn1.gstatic.com/faviconV2?url=https://www.scmp.com&client=NEWS_360&size=96&type=FAVICON&fallback_opts=TYPE,SIZE,URL",2026-08-20T09:24:14.330538
"US-led drills to end six days early, South Korea says, amid Trump push for Kim Jong-un talks",https://news.google.com/read/CBMiqAFBVV95cUxPRnhqX1VqR0NUeGNfS0JhZl9PTy1ELVNQNUtPbjQwNk5JanNQR01vSjFTdmF6ZVZPSWZ0bENlTGR5ZmxDMENrMzBYQTJRaDV3RTlURVRTb3NOb1pkdmtxa2wzU1RTOFJ1b1FxVVlaYlJvU3M0NDFSeWhxdU95WkQtSGVadDg5RllsZmh2SW0xdmZZM0Fld3ZZZHBTRHdBNWh3WUlWcEgyVDY,More,7 hours ago,2026-08-20T01:30:00,Guardian Fresh,"https://encrypted-tbn0.gstatic.com/faviconV2?url=https://www.theguardian.com&client=NEWS_360&size=96&type=FAVICON&fallback_opts=TYPE,SIZE,URL",2026-08-20T09:24:14.330541
"In cutting joint drills, Trump has given South Korea’s president what he wants. So why is Seoul so uneasy?",https://news.google.com/read/CBMinAFBVV95cUxNa3ZaUkcxMU9kZ0dhZW5DczJQVkpGM0s2ZFFEQlhwUUItYm1oN2NCUUVQWTFkaU11bDdzR1BsSDh1R3RiWExhcmZzdnJIdF8yZHRiU0RYME9CSDZiZ1RySGExeFF6dlIza1ViZExnQ05vbGZxcWV2WFJZb0VaRDlKLXYxS2lxSmF5VVdSS2JveTE1QUNoSVVheXRDck0,More,7 hours ago,2026-08-20T01:30:00,Guardian Fresh,"https://encrypted-tbn0.gstatic.com/faviconV2?url=https://www.theguardian.com&client=NEWS_360&size=96&type=FAVICON&fallback_opts=TYPE,SIZE,URL",2026-08-20T09:24:14.330543
The Freedom Caucus is having a brutal primary run,https://news.google.com/read/CBMijAFBVV95cUxPdlFkTjdMWVViamV6RURxWjBVR1ppUUxKcE1SV0Vkb0xpRXN0VnFmNHFGcVFvS1BMUHVMTXhBdkVQV0h1WHU5dDR2elRuMzNrRkRjYnhoS1BaTmhwdHFlVWdTUTRGTkJXQkNSRFltVVgxYUJQWVlUcTdGNC1JSW1VeUdOa3ZFdVdCZTVzWQ,More,7 hours ago,2026-08-20T01:29:00,Politico Fresh,"https://encrypted-tbn1.gstatic.com/faviconV2?url=https://www.politico.com&client=NEWS_360&size=96&type=FAVICON&fallback_opts=TYPE,SIZE,URL",2026-08-20T09:24:14.330546
From Detection Gaps to Faster Response: A Practical Approach to Reducing MTTR,https://news.google.com/read/CBMinAFBVV95cUxQb2VsUTJEVjBWNWVJVWJYRHF0YkJIR3c5YmRlWWdxWjJfUFlhQmlldXpJMEtMX2hnOUhBVFhsM2U5NG1iUjBlZFJLT29Kb2RtVklzTjBjdGVNeEhMbjFGVms5bGk1MUxUN0R0VzZvbFNMTXUxamtoS3dheXRqMV8zQ1Z2cldmdTZaMzZibmxKd1BMSFdsZUFLclJSS0w,More,8 hours ago,2026-08-20T01:23:18,Phishing,"https://encrypted-tbn2.gstatic.com/faviconV2?url=https://tech-insider.org&client=NEWS_360&size=96&type=FAVICON&fallback_opts=TYPE,SIZE,URL",2026-08-20T09:24:14.330548
Hong Kong’s CK Hutchison seeks HK$11.7b from Panama over takeover of canal ports,https://news.google.com/read/CBMi1AFBVV95cUxPN2dpTWFWR3JZT1ZfYWRTaUhRaGlxQjVqNkptalgwZ1ZGQ3ozU0VHWF9sNXppRmtZazg5QXBiZEhCWTdpcFNjZWVqYXp2RlpPWFdmeDRVT1lIMHFHSGV5REd3ajE4eUktZXZFOWExdHo4NlJ3NDZzMjVrVG03Wk5GUkw3MV9jWjZjVGxLLXlYVF9KM2Nrc0VRUEttZUNLaFA2b3pJRjFPRTlPbTNiOF9KRmZveUV4N3Vicmhkb0N3T2NnNThmV2h6OG1aMlQyRk5iaVB2UtIB1AFBVV95cUxNOXlaeE15bU91ZDZZcXFQdnI4WjFEeTJ3VUhwNnlMLWFoRTViNHJEMnpQTTU5YUpjbG9DNTRHcmdjNnotMzRraDlOMjV3VjYtdzIxOHprLTgySVQ3eFB6dHQzMlJiNUNXSklyZFFVRVdMN0EwTHRoa0taRVFTblM1aUo0WjdxbHRJRC1kdHE0eDRtNEFWRXpCSWNiZjExdjNGNXRtY3ZTRV9LVTdydHZDN2FsV3BZWnFUN0M4LTRuSVE5eWJaQVhfMEhhUmMyVmpwQ2VQMQ,More,8 hours ago,2026-08-20T01:14:55,SCMP Fresh,"https://encrypted-tbn1.gstatic.com/faviconV2?url=https://www.scmp.com&client=NEWS_360&size=96&type=FAVICON&fallback_opts=TYPE,SIZE,URL",2026-08-20T09:24:14.330551
"Gold holds near $4,500 as US Treasury buyback sends yields lower",https://news.google.com/read/CBMiogFBVV95cUxPLTNuWVFtbWVfYXBXLTBPYkNPdXZBWWVQbGptN1c3SDNHREd3czRZcVhhV0JlRjZFLTVTbWVKV2h0ZlcwdHRGZE0zTHFoZm9jMEI4emNuSFp6eU5lZkFBdDZId0F6UFlETHZocUFaMXZmbDl2OWtCRzg1djR0WkhBdnRxREZnU2VnNTBCaTRCeDlqTlEwUDNLcUNmLWxhbVNqRVE,More,8 hours ago,2026-08-20T01:12:00,Straits Times Fresh,"https://encrypted-tbn0.gstatic.com/faviconV2?url=https://www.straitstimes.com&client=NEWS_360&size=96&type=FAVICON&fallback_opts=TYPE,SIZE,URL",2026-08-20T09:24:14.330553
"Israel admits firing on car carrying five-year-old Hind Rajab, opens probe",https://news.google.com/read/CBMitAFBVV95cUxPelZzSnJWNDJZd0p5a294RWVSWTdnZ1pHdExKZ1V1OHR5NDg1Rk53a1ZoMllacXNPVFhfamtzYWlDTGp1dHV2NFZrb2hnT1FYeXpFaGJ5S09zN0UydzlXR0pmeFFzYXZ6di00Y2NkbEtrdjJYZ2x0ZVFGLU9SS3lkSk1rclNPZDNsX0JEdDE0RnpLVG40dE1ELXlNNzdVX2Jxc0RIRkpkdTJfd2htbThxT3FIb3PSAboBQVVfeXFMTW5OSVdFQUViZzVtUG5oY29lcEJhbE1tcHpvNlgxNllHUW5KWEl1VnVzR2N2TTZkd3NoR0w5c0U3R3JVNnVnR0M5RE5tZGpXdGVobHE1Szc3RUJfSExXUXVZcnRRcG5CQkZ4RXhpYTRsQ21yY1ZTaVd6WXBLVWF5ZkV1QlBBSVZubnZlWUJQZTM3RjEzSjRydjRVWjFnYnR1a0gxRHg5al9XNGY2VHRIVzZTTzdpWVdMOW1n,More,8 hours ago,2026-08-20T01:05:42,Al Jazeera Fresh,"https://encrypted-tbn0.gstatic.com/faviconV2?url=https://www.aljazeera.com&client=NEWS_360&size=96&type=FAVICON&fallback_opts=TYPE,SIZE,URL",2026-08-20T09:24:14.330556
Trump Threatens Economic Pain for Countries That Help Iran,https://news.google.com/read/CBMifEFVX3lxTE9aMHBHY1dJV3pyZjZQaXc4OXI4NHNjUnBlR0d5MFhsWVZXeG0zeGVDZUtTQjZ6UnpxODRUWW9sVGdZdzVVWkkzNEg3c1ZxdUprTU8yNlRrZnF0SHNPUFZ1bG9vWlcwQWhjcFV6M28ybC0yUmFqbjhadkx0RUI,More,8 hours ago,2026-08-20T01:05:21,Sanctions,"https://encrypted-tbn2.gstatic.com/faviconV2?url=https://www.nytimes.com&client=NEWS_360&size=96&type=FAVICON&fallback_opts=TYPE,SIZE,URL",2026-08-20T09:24:14.330558
Trump says US will begin punishing new economic sanctions against Iran,https://news.google.com/read/CBMitgFBVV95cUxOdDhVNzRHX2g1MV9uSXU5QXN3QjZJRW5ISkI4YW10My1SVnRQZzJ5VVM5ODAxZEplMkk5OTdWMXNJREMtZW1kbENFRjBHUkFCZUZUMzkzMEJFLU5qRms2RmtTTXJNd0dNWks1c3k5eHQ0bFU1TngwWXBwZWJhSU9PRlN5R1NXNXB3emhYdDYxQ1NfZldIemtXVy1wMUlzSjgxRzVYTlhUMVFaclBwS1FsNXRuMTBEdw,More,8 hours ago,2026-08-20T00:50:27,Sanctions,"https://encrypted-tbn2.gstatic.com/faviconV2?url=https://www.scrippsnews.com&client=NEWS_360&size=96&type=FAVICON&fallback_opts=TYPE,SIZE,URL",2026-08-20T09:24:14.330561
Silicon Meets Asphalt: Cybersecurity Project Uses AI to Protect Highways | Newswise,https://news.google.com/read/CBMiqAFBVV95cUxNdDhGaHZzU01mX08zZHNDSzhsTFY2RklpdjR0aS0wNVZnaHpXRmJFTENwQlZCdUtIOE9iSlcyVHRiSG5sRFhJWHRLUTBoN3pvRVlzNU9EVTQ3V2UtYThjVkRaaG8tSFFsWmJMbG5fQjRzcFdjUHVSTHgyTWZmWFdBSzdSc1lacWJ2bFlBNHpFUloxRDBRUEpjU0RlQkJrY1VJaWJoMlpPUmLSAagBQVVfeXFMTXQ4Rmh2c1NNZl9PM2RzQ0s4bExWNkZJaXY0dGktMDVWZ2h6V0ZiRUxDcEJWQnVLSDhPYkpXMlR0YkhubERYSVh0S1EwaDd6b0VZczVPRFU0N1dlLWE4Y1ZEWmhvLUhRbFpiTGxuX0I0c3BXY1B1Ukx4Mk1mZlhXQUs3UnNZWnFidmxZQTR6RVJaMUQwUVBKY1NEZUJCa2NVSWliaDJaT1Ji,More,8 hours ago,2026-08-20T00:45:00,Cybersecurity,"https://encrypted-tbn1.gstatic.com/faviconV2?url=https://www.newswise.com&client=NEWS_360&size=96&type=FAVICON&fallback_opts=TYPE,SIZE,URL",2026-08-20T09:24:14.330563
Casiny Promo Codes Are Turning Friday Free Spins Into a Weekly Event,https://news.google.com/read/CBMiqAFBVV95cUxNa1VGb3hjZ1VkbllZcFJsNkNueE50S3N6REl4NjFCRURJc2JCNzNNUkM1SUZ2WUdoZERid2Y5MnBVX2lmZDNNNm5xVDBKLTVRbl81eWY0RTIzWl9SRVlpVG5Iam9WeXlaaWRiM3RtamdQaDQ3UV83UUUyM2JrT01pXzlac3diMnVRQVMxcGd3SVZjdnVNdnI5el84cDBPZ19pbEh3ek53ZHo,More,8 hours ago,2026-08-20T00:42:55,CPO Magazine,"https://encrypted-tbn2.gstatic.com/faviconV2?url=https://www.cpomagazine.com&client=NEWS_360&size=96&type=FAVICON&fallback_opts=TYPE,SIZE,URL",2026-08-20T09:24:14.330566
"‘Tsunami’ of emigration reshapes Israel’s future, experts warn",https://news.google.com/read/CBMioAFBVV95cUxQNDVaUFpVNmEyaFZTZVo2SXBoSUJ2X1R5TzRqV09tNjA5bk11TlVRWlgxMnVwN1JJRnlETVd2NW1xN1pyeG1HR0tRUDB0MFBWZUoxc0xxczFONWdfNU1EN0pQejJIS2diN0c4ZjRmX0FpYUNHcE83TzF0b25qUW11cUI3eFpYLXhUY3FpQnlaREwwV2dBTHZaLWJfS3YyVy1W0gGmAUFVX3lxTFBHUnFpSXZKUmJwRTBURHpXdm9BSHVTV1h2SWJxQVdyaXV1RUVwZ1A4YTgzdWdxTjNBemRvTEF0MExNZ2NBZUZ3cU1RcGctNDNRd2Q0bXhZZURoaGlockpwdEJWQjhlRGNXZ0xESUlvT1VxWldEMUFrQ0tVZW9IeGhXRjAtRTAzMFl3YllWS2kwRlN6MGVDdDNFemNwX1Jpazd4MEY4ZEE,More,8 hours ago,2026-08-20T00:35:47,Al Jazeera Fresh,"https://encrypted-tbn0.gstatic.com/faviconV2?url=https://www.aljazeera.com&client=NEWS_360&size=96&type=FAVICON&fallback_opts=TYPE,SIZE,URL",2026-08-20T09:24:14.330568
Army cyber chief reveals AI task force building agents to ‘hunt’ in the DOD network,https://news.google.com/read/CBMiuwFBVV95cUxQX01nMGJsYVFhNkV5WGVMM1R5b0N1emthRF9IYlB5VXFWTGVwaElJblR6MXNUalFjektSNWFibU5XajlOVG42X1RtaW1JMWtkT1RCSWNxY0VOam1RQWRoNDNKakFfREtNaExfclpObkt1ajdWUE9Lcy1sbFZ3cFF1QXVHS3RjUVA1OTc5Tm5GbTVYalhyUHhtM1dWUEVkMDNQaTU4cnJmOWNxVDFIQ3g3ekZOQ0ZtbS1DY3p3,More,8 hours ago,2026-08-20T00:30:38,Cyber,"https://encrypted-tbn3.gstatic.com/faviconV2?url=https://defensescoop.com&client=NEWS_360&size=96&type=FAVICON&fallback_opts=TYPE,SIZE,URL",2026-08-20T09:24:14.330571
"Downloaded macro for game and saw trojan/malware too late - Virus, Trojan, Spyware, and Malware Removal Help",https://news.google.com/read/CBMivgFBVV95cUxPR1dEWTkweThZSS1DdzNoVVhQWlJwbHBlMFA2T1JGR1Q2b3VkV0QySUxfWXBnQXBBNzhRcUFaSnA4RGhjSTQtUzI2RU5zWkcxdGZJSFRsbHBUTEJidXYxcGNCZFFlT1lvdjB5YnFtMFNVY1BWdi1rRFRySVJLWGtBSURkenNSWGhUcVFhVFBDaHpUSjRlejdndmlDdjRfME9FeGtXTmJCMXhiclpHZXFybFBhT0RMQmEyLWczd25B0gHDAUFVX3lxTE5UR2FZZGE2R2pka1ZOU2Npa2ozRnN2OUxWb1RFTmJUdlNkOEpiQ2hUZEYySkNFTWpiZkltZU45ZEdKbFgtOHNZWkdfSktlZTRGT1k5VkZ6dXRnUnIwMWF4UkdXYktabjZOS2d4M29GWXI1T0ljdW0zTy1XdVBYZkhzeHZkWjFrQ2dfTnRiS1pSX2NBTHRwN2haZEl4ZWp5dzlySHVYc24yLWJoWlRBQUxiVGo4STJZWjdvWDVUQmlHd3dTYw,More,9 hours ago,2026-08-20T00:20:55,Bleeping Computer,"https://encrypted-tbn0.gstatic.com/faviconV2?url=https://www.bleepingcomputer.com&client=NEWS_360&size=96&type=FAVICON&fallback_opts=TYPE,SIZE,URL",2026-08-20T09:24:14.330573
NASA calls off mission to rescue Swift gamma-ray observatory,https://news.google.com/read/CBMioAFBVV95cUxNdDhjbmotRUJiY2VCeUlpUGU2eV9mdzVWLUpRaElNa2RzZUZCRmJkM1VRck0tRm5kWWc1V3pROWZJVHVkbVliYmVicnVJQjlOLVgzbG1EVEkxZVNYYTdQY3pmYldxYk1ia2RaeFNGNEtaa0hhTlZjcS1ZcnJPWm40VGtZR2FOS0ZyR21VVUZzd0VYWThRRElLUDdYVnF4bWE2,More,9 hours ago,2026-08-20T00:18:48,Ars Technica Fresh,"https://encrypted-tbn0.gstatic.com/faviconV2?url=https://arstechnica.com&client=NEWS_360&size=96&type=FAVICON&fallback_opts=TYPE,SIZE,URL",2026-08-20T09:24:14.330576
Court blocks Chakwera-linked group from ousting SG Chimwendo Banda - Featured News Malawi,https://news.google.com/read/CBMimgFBVV95cUxQSTJQcVdFaEkzeU9OMlZzTkNLUDAtV2VtaWJvd0JFQnowV0hobUxTc0xlcUpDMFVpZGlnRVU1UXFiYUZ1cFZIcjFjRnpkS01kclpfMEMwMm9fVElqbjIwWkZDazVWZUIwYzhrYW43Q21oR3ZCVmJwSEwweEFxN1lTOHNIQjEycUUwclNDWVBnR2paYkY3b2U1Y1hR,More,9 hours ago,2026-08-20T00:13:15,Lazarus,"https://encrypted-tbn3.gstatic.com/faviconV2?url=https://www.nyasatimes.com&client=NEWS_360&size=96&type=FAVICON&fallback_opts=TYPE,SIZE,URL",2026-08-20T09:24:14.330578
University of Manitoba's medical school welcomes incoming students at ceremony,https://news.google.com/read/CBMiUEFVX3lxTE92U1pnQ1JERGZyRnRYMmVBQ2ZyTzB2TEZ5MENYb01SOG5yTDhWX2gxYlZlRy1zZFJtblJfNVB0bDAzVTdrR0xrdDNjWHN2c25l,More,9 hours ago,2026-08-20T00:11:38,CBC Canada Fresh,"https://encrypted-tbn1.gstatic.com/faviconV2?url=https://www.cbc.ca&client=NEWS_360&size=96&type=FAVICON&fallback_opts=TYPE,SIZE,URL",2026-08-20T09:24:14.330581
Department of Homeland Security warns of potential attacks amid Iran operation,https://news.google.com/read/CBMipwFBVV95cUxQLU12eXQ5aUJqT0J6NVNvYzhIOU10QVo1TzRkeThUeW52a3FnMU1uM0M4S1hmczJqUmNFa0tKTkdxalN0eHhvUnFVV0N1Q3NBVGpGS21Qb29tbFljbG9ReFhIS3JGQWU2SDd3TnFsRTdrSmdHcktOblZVLVJSYzFlMzBxSzVwTkdCXzNtbUZqM3RvUFpseFg3YkNZYTlOVWZLemJGY281d9IBrAFBVV95cUxQYWlmZkRpU2ViVExUZDdObUJhQUNFZWdJRXkyWUdzNTJaY0Q5anVjclhEbVRrN3hFN244XzFjUHFQOVctNWVpakk2UFFFR2NpaXFuY1BvNGRYV2V0TV96V3ZfOGN2cHFFQmk2emJmZFpMbFd3cElMRWJneUVkN1BnUTNIY2Y2Skh6VU55Rl8ydzFQZy1CcUMzdVlDOGR4YzU5N0JuVl9icWE3UFkz,More,9 hours ago,2026-08-20T00:07:58,Iran Cyber,"https://encrypted-tbn3.gstatic.com/faviconV2?url=https://abcnews.com&client=NEWS_360&size=96&type=FAVICON&fallback_opts=TYPE,SIZE,URL",2026-08-20T09:24:14.330583
"CrowdStrike Expands Project QuiltWorks to SMBs, Extending Frontier AI Risk Protection to Organizations of Every Size",https://news.google.com/read/CBMiqgFBVV95cUxQUkNhSmRDTXp6SFRhRmN0Q3lYV3JBTzhfNlZydXRSbkwzNVpheFd6eFVTZS1zMEM4U3kzNHJDMXlKam10X1VleGZhLVpzd29ib3FPUVg0VHNXTmtIOFBGQUc0Rkd5RzlvM3lrT3NUOWxPQWd3aUhCX01KVkRkTDR6VDRra2hUMmpqa0VweWNkY0w3aVRGQmJIMWxJSm01SzNYcWlvUWEwdnFYUQ,More,9 hours ago,2026-08-20T00:05:31,CrowdStrike,"https://encrypted-tbn2.gstatic.com/faviconV2?url=https://www.crowdstrike.com&client=NEWS_360&size=96&type=FAVICON&fallback_opts=TYPE,SIZE,URL",2026-08-20T09:24:14.330586
World in Brief: Trump pauses tariffs on Canada; Ukraine’s former defence minister calls for wartime elections,https://news.google.com/read/CBMilwFBVV95cUxPeWlXek5nb2hEZnE1ZmtObk9DSEpKNVJrekJFNlhqYVBDeDA0WjRsb090TEtySFcwNlpwZHJJY1VhWGNSU2hyd2ZwVjRsdmF6blQtMWhzemt2cVprYUhPVVB3eDZpZE1wbzg5cHRPME1NZlBZZEVPVjFhSGR0bzAxaTVINnU2RXVFakpGLUJ5MUdiSW1QSUVn,More,9 hours ago,2026-08-20T00:00:00,Economist Fresh,"https://encrypted-tbn2.gstatic.com/faviconV2?url=https://www.economist.com&client=NEWS_360&size=96&type=FAVICON&fallback_opts=TYPE,SIZE,URL",2026-08-20T09:24:14.330588
Direwolf Ransomware Attack Targets Swedish Health Tech Firm Lifesum,https://news.google.com/read/CBMilgFBVV95cUxQbklMZzRPcFJYWWI5bHNuR1hHbkMzQWliZlFnb2hra3lWcVlOSUctUkx0SE12M0Nhd2FsOGlhc1JzbXJ4eWRteWtFVnRWS0JFT0FyMV9yNVRfaWVTTVpNTnpPa3NMc2N0MTA1Qk9Walk5M3FDRDVjdlMwMnpBVmtJWjhWQ1BZeWd6cGhxTksxVjZJSE94dEE,More,9 hours ago,2026-08-20T00:00:00,Ransomware,"https://encrypted-tbn0.gstatic.com/faviconV2?url=https://www.dexpose.io&client=NEWS_360&size=96&type=FAVICON&fallback_opts=TYPE,SIZE,URL",2026-08-20T09:24:14.330591
"Senior Technical Account Manager, ANZ",https://news.google.com/read/CBMihAFBVV95cUxOTFZUZktjazNHNEx6dC1DWC1aM0xDSzJib1BWc1cyUEVEcVBsSWM0aHNKSmp5aGVwWGc1Vlk2b2dtdmg4ZFNuUG1LZWJucnc5NldpVzlKUXRoZWFXVndhcXI5bWRXVHB2bXRLOFEtMlZweW1nNm5zYXRvajFGR3VTQ2dkQ08,More,9 hours ago,2026-08-19T23:54:06,Wiz,"https://encrypted-tbn2.gstatic.com/faviconV2?url=https://www.wiz.io&client=NEWS_360&size=96&type=FAVICON&fallback_opts=TYPE,SIZE,URL",2026-08-20T09:24:14.330593
'Have they brought value?': McIlroy fires shot at returning LIV Golf stars,https://news.google.com/read/CBMisgFBVV95cUxNNkdlNGlpY1pLVFR2cnBndUdSNF95VFM3cnplTFRUSUNLTzl1dTlUOHpiMzBxbjdUTEtJbHU0cnZLZHBibVoxVmZFV1NJX01YMmdGbjhzTEZOdDZ2WktSZzBrWnl0Sy1xQzJIRnF1ZWFMWFNacGpGbENVaHZoMktUYWlIcksyb0VXbnlHTVJKNjJocHJKMEd6SmdUMEZQSEQ4QnNXal8zZzZfbm5wMXBoMV9n,More,9 hours ago,2026-08-19T23:46:50,ABC Australia Fresh,"https://encrypted-tbn1.gstatic.com/faviconV2?url=https://www.abc.net.au&client=NEWS_360&size=96&type=FAVICON&fallback_opts=TYPE,SIZE,URL",2026-08-20T09:24:14.330595
Switzerland’s Three Strategic Dilemmas,https://news.google.com/read/CBMif0FVX3lxTFBPYnRudmdOeGlKckpTQWhmTEJPa1BuTXZUV0htZmduR1Q3U1o1NXNFVWY2UXJDS0ZXdEhHeGZrNVl6c0dvTk5lb2RuTTV5d08wRHQyTWd4bVFIRlF2dGlSdkNQenhGSUVjU0d1enkwMWRMb0g5aXB1c3drLTVVRmc,More,9 hours ago,2026-08-19T23:34:18,National Interest,"https://encrypted-tbn0.gstatic.com/faviconV2?url=https://nationalinterest.org&client=NEWS_360&size=96&type=FAVICON&fallback_opts=TYPE,SIZE,URL",2026-08-20T09:24:14.330598
Relativity Networks raises $22 million to bring a faster kind of fiber to data centers,https://news.google.com/read/CBMinAFBVV95cUxQNlcxVVhqWXJOM2lXdmh2Uko2WjU2ajB4S3ZOTmlUaDFzd3p5bm8zWDhTZlY4M081TF94dG9VeFNEMGVyUENMdXc2MG45am1qUmItVGFlVHNaMy1PY0pGSUtvWE9meVgwaWZQUVh0YmtrS1Fsd25BbXh1eGhLTldmUXI3SmRPUjZqNG1uU20wZTU5OUZkNFdnSTBTWDI,More,9 hours ago,2026-08-19T23:32:00,TechCrunch Fresh,"https://encrypted-tbn1.gstatic.com/faviconV2?url=https://techcrunch.com&client=NEWS_360&size=96&type=FAVICON&fallback_opts=TYPE,SIZE,URL",2026-08-20T09:24:14.330600
Airlock Digital Completes Independent IRAP Assessment at the PROTECTED Level,https://news.google.com/read/CBMivAFBVV95cUxNNzV0TUNDZ3N2cmRBekdkcW8wcU9XS0ZnS3VTdmwydWlERmIxY3FMdWFkOERWYUtrbGlrazVOSEk1WlBEUlpsYjhYMklsUzd0Z3ZyVHJiRE44eWJRS3cza2RBNTJmUzAtZlgzQ2l4bEVWTHlvUnBLOXE5X0x3aGI1UzdiTmRHZk1reUoyZVdXOGdrZEdxamZGaVZpajNpdE1kVGJRYUp5OGJUUFo5clQ0bG9ReU5fYUg5ektlcg,More,9 hours ago,2026-08-19T23:31:02,CPO Magazine,"https://encrypted-tbn2.gstatic.com/faviconV2?url=https://www.cpomagazine.com&client=NEWS_360&size=96&type=FAVICON&fallback_opts=TYPE,SIZE,URL",2026-08-20T09:24:14.330603
Trump supporters angrily defend his loyal aide after taunt goes viral,https://news.google.com/read/CBMiqwFBVV95cUxNRzdZaVJLRXhGMEtGYUpqTWcwc1Y1VVFROUIxbl9qLWpRUG82OVByUzdxTzJoX1QzTGdqbkNFdV9qSnVQNTR0TjVrZVBTYWlUdXFFWTJpZ3laTTZudEFSWi1DNHpONDMyWXNSMUd0NDF3Smxna183Sk1oSzk0Z1dqWU9fRks3SXNVdmpLVWtta1lHX0o3bWdPeWpFMnZJQjZfTEpyUTdtejVDVkU,More,9 hours ago,2026-08-19T23:30:22,ABC Australia Fresh,"https://encrypted-tbn1.gstatic.com/faviconV2?url=https://www.abc.net.au&client=NEWS_360&size=96&type=FAVICON&fallback_opts=TYPE,SIZE,URL",2026-08-20T09:24:14.330605
The Hidden Debt That Apple Owes to the CIA,https://news.google.com/read/CBMia0FVX3lxTE1IUVcwa1ZCQlhOWms5XzZZaThMcVpybGkzSXF0SmlsMEdyeUxGRTEwMkwzVFR1a1Z2aUYzT2dwN1QtYXVndmpwd2xzb1dYNW1JaDRnNDZqd1U5YlQtVUJmWTBFejNpXzlpb2tF,More,9 hours ago,2026-08-19T23:29:14,WSJ Fresh,"https://encrypted-tbn1.gstatic.com/faviconV2?url=https://www.wsj.com&client=NEWS_360&size=96&type=FAVICON&fallback_opts=TYPE,SIZE,URL",2026-08-20T09:24:14.330608
UNBC launches engineering PhD to advance research in environmental and resource management in the north,https://news.google.com/read/CBMiekFVX3lxTE0xdi03bmNEWVBfS3Y1c1FvRmlmSEFBbTNNZTN4R3VMWDh1a0xWbEJLN1QyYjF5bVF4VzR6NzRSc0VlcU9MRkxRSU1fcTdpUUdxZWNZb19KYjFOanU2eXo0QTFKdzZwUDkxNWdDaEt0WXpXVk5UeVhIalln,More,10 hours ago,2026-08-19T23:20:00,CBC Canada Fresh,"https://encrypted-tbn1.gstatic.com/faviconV2?url=https://www.cbc.ca&client=NEWS_360&size=96&type=FAVICON&fallback_opts=TYPE,SIZE,URL",2026-08-20T09:24:14.330610
"Prince Harry, Meghan returning to U.K. with their children, says British newspaper",https://news.google.com/read/CBMiuwFBVV95cUxNQ0Y5ai11YV9hOUtPNXNFX1BST1NGc210WjJscE9ETE5WbXEwdExkUlZUcks4Z19na3RMTGZKOVIxekhOWWRwZTdNZTFYX3k0TUxsT080TVdUTGhvU3BWWUhUTVJ4Y296ZUxlU0dIaHdGaWFTNGUwaUpXWU9sM196Y205UFFjTWJseGUtazR5ekVnZVl4SV8tdk53VENsZDRWMDRCc3FaTUJ1NEF6YmcwR0J3WXBQaHBsTTlj0gHCAUFVX3lxTE1fOHZJSmc0bzZNZVk1Zmh2aE5rODB0UWFWdEpXcUFtQTJXSmxLaHBVbVhCWFRSUDFZel9kMUhEbWtJdG5uRmt6TnpZbFlyTmRSNDhWMTlaV3FBVVlDX3NUUlZOSzUzNFB3akJTRUo1X2Y1VzVpckJRUkxHYmR6MmtldmR2aFEzOGhqOEZ4TnZXZHBzZUZ0MnVfamE0UThKd01hVy1ORjhnR1dpNVBoUEVHSU1JT2ptc2NwcTlXOTNZUTNB,More,10 hours ago,2026-08-19T23:14:00,The Hindu Fresh,"https://encrypted-tbn2.gstatic.com/faviconV2?url=https://www.thehindu.com&client=NEWS_360&size=96&type=FAVICON&fallback_opts=TYPE,SIZE,URL",2026-08-20T09:24:14.330613
Texas Cyber Command confirms breach at UTSA; fall semester start delayed to Monday,https://news.google.com/read/CBMivAFBVV95cUxQbUEzSFRBdDhzVUxaX093d0FMa1ZKamstLUhvTkczNGItWUszRGtJT0FMNU5kUHd2RFV4ZS1zUEg2RnlnQlhPRG5kcHdMUlZremFjOEhlZ3E2TnNROFJiNEYxQ1NLMnBWSVZTRG5RNV9EVlQtYmxNZ0h3bDFodzNZYUJVNVdKbGRZTmFfYlJicGlqaHdRZkgyejdDUFpqeWxiSTlsUUNDTFdxc0prRnFIOFFvZUVJbUprbFVZVA,More,10 hours ago,2026-08-19T23:12:31,Cyber,"https://encrypted-tbn3.gstatic.com/faviconV2?url=https://news4sanantonio.com&client=NEWS_360&size=96&type=FAVICON&fallback_opts=TYPE,SIZE,URL",2026-08-20T09:24:14.330615
Why Tet Did Not Warn CSDD About the Cyberattack: The Company Commented on the Situation for the First Time,https://news.google.com/read/CBMiwAFBVV95cUxQc05SN3J5ZUVTcXFGd0xQaHdTNWpCY25zMjlvanEyeHdHOHlHbmlEdmhCOGZUNkxHaWxCQ2p1dUd1d2U5ajNMVm9fVG53V3Uxd2czN2tOR1lZbzdteUltVkRwU1VncG1HbXo0ZkUzbmpaT21xT3JqMDhFNElUM0Jqd2VyTmN6bU1WakZ0enlRM1BhczlfNDRrYWE2LWo4alVXRmhRWXJSLTJ3LUxoTEd6Q3l4d1gwdjZlUUFmQVRIcGI,More,10 hours ago,2026-08-19T23:08:09,Defense Security,"https://encrypted-tbn0.gstatic.com/faviconV2?url=https://federalnewsnetwork.com&client=NEWS_360&size=96&type=FAVICON&fallback_opts=TYPE,SIZE,URL",2026-08-20T09:24:14.330617
The Morning Risk Report: Pivotal Child Safety Trial That Could Change Instagram Starts in California,https://news.google.com/read/CBMiwgFBVV95cUxPeUZHOVZYQnhoYWJQRzMxYjY2ZXQ1TzNCS2pzMGdHUVFtX0xfX3M1RnBEeGU5a1BzNGtPUG1wZHV4bHMyOWpJc2dTVTRWNGQ2VWFFNHhMTUFncXlFbmxHMTNHSWwyZkdoc0o1ZGZqcVNhdkkxRnZvUm05eEN4eUVQVWVpTWZuWDg5eGxWdWZQVkwteERSZU1WZG5POXlROUxvelZxblp3dE1ieEZTRUI1ZEVFZ1hNZUdYcXVjWkQ1eHR6dw,More,10 hours ago,2026-08-19T23:04:00,WSJ Cyber,"https://encrypted-tbn1.gstatic.com/faviconV2?url=https://www.wsj.com&client=NEWS_360&size=96&type=FAVICON&fallback_opts=TYPE,SIZE,URL",2026-08-20T09:24:14.330620
DoD Regulatory Pause: No Excuse to Weaken Supply Chain Trust,https://news.google.com/read/CBMiogFBVV95cUxPSzVwSG9iRWdENTFKT1pDQjZMS29XazlPMjRfT3BfT2dTY2ZnaDVVOHFWMk5uYTdtMjBKTDlRei1XaTQxeldYZkZqNjVLZTdXY21CY2xwTzNSa1k1dFdsdmdDNnk5UFRDWGtHajF2SFM5SkMtcWZRNGZsclI3cUt5UWR1WkJvRmtucVd6QlN1S2VZN0w2RjJmNzd2OGw1aVdaTlE,More,10 hours ago,2026-08-19T23:02:09,Supply Chain,"https://encrypted-tbn2.gstatic.com/faviconV2?url=https://www.bankinfosecurity.com&client=NEWS_360&size=96&type=FAVICON&fallback_opts=TYPE,SIZE,URL",2026-08-20T09:24:14.330622
Exclusive | Carlyle Joins $1 Billion Investment Round in Missile Startup Castelion,https://news.google.com/read/CBMiqwFBVV95cUxOdkEtNTZ4VWduNERSd2pFVzR1OHlTeHJaV2xISGVaZ2NuSGhuTTVFYjhJRkNOZEFHUkVzUW5IMm0zSWVBZGgxck5iQkFiSzlEZ1ZZbXBfMHAyem1yNXZhNGlSQ1ptVVpwMjFaUDlhQlU1cFRrN3ZOekVTNWVKOUFCV2VRNHVXbDFjRzNtemlyRjhNLU9Fb2hhWnpSWG1iclMxbXBBMkhDM3pYQUk,More,10 hours ago,2026-08-19T23:02:00,WSJ Fresh,"https://encrypted-tbn1.gstatic.com/faviconV2?url=https://www.wsj.com&client=NEWS_360&size=96&type=FAVICON&fallback_opts=TYPE,SIZE,URL",2026-08-20T09:24:14.330625
"AI threatening musicians as UK regulations fall behind, study says",https://news.google.com/read/CBMinwFBVV95cUxNWkNyRHZaLWp1UHRjNGdBcGhiQlcwV1lzYWx2LW5RTEVTeHM4aDVJTzJZWjRjeVNBazFoUHoxMkpsYTVnVWgyQ0JQVmsxUUhTY2tUbFR0QzVFVHlwbW5NdWxDOGpJNlFna05aMVpYb09Ua0YzRGw3azF3Q2sycVBibFUtYmw2OUNVd2JaSFlxQUZuVWN0YlVmeXBZem9wVzA,More,10 hours ago,2026-08-19T23:01:00,Independent Cyber,"https://encrypted-tbn1.gstatic.com/faviconV2?url=https://www.independent.co.uk&client=NEWS_360&size=96&type=FAVICON&fallback_opts=TYPE,SIZE,URL",2026-08-20T09:24:14.330628
"Foundation AI in July: New Models, Benchmarks, and Security Research",https://news.google.com/read/CBMilwFBVV95cUxPbkRGQlhTMF9SeE9yanJsSEw3eGRLUU1hR1N2ZVF3V2h2cFVmdG1UZjNxQ3J2eDBJdFo5VVEtXzMwaWJENzVVQWZ0RUtlRmNRdUpfZXVYSWxfczJxX3lvN2lTTHFQREpoRXVNSmVqVFFtWjNMb0xieUJNQ1phTUQtQkYyU0R6RmZYUXo2cm9LNTFDeFNmeE1V,More,10 hours ago,2026-08-19T22:58:59,Network Security,"https://encrypted-tbn3.gstatic.com/faviconV2?url=https://blogs.cisco.com&client=NEWS_360&size=96&type=FAVICON&fallback_opts=TYPE,SIZE,URL",2026-08-20T09:24:14.330630
"Caulis Inc (153A) Stock, Price, News, Quotes, Forecast and Insights",https://news.google.com/read/CBMigwFBVV95cUxQazNMRHRFR3h6dFlGOU9ONUJNZk9CTkFhTFhQVUZ6SkZTd0pyUFUxb19Wcmh2dk5saHE3T0cxNl8wQWpyc0dvUEwycEFQcGh0VzV4Nk1Qd1NMRm9SR0R4OG44RGJxSHZWOU9fZXZXZFBhRDdiajBBYnJVakI4Nk5xc2gxdw,More,10 hours ago,2026-08-19T22:58:11,MSN Cyber,"https://encrypted-tbn2.gstatic.com/faviconV2?url=https://www.msn.com&client=NEWS_360&size=96&type=FAVICON&fallback_opts=TYPE,SIZE,URL",2026-08-20T09:24:14.330633
65% of companies were breached in the past year by their own AI agents,https://news.google.com/read/CBMiswFBVV95cUxOYmZjWTdNQUVpSU42NVppcG5tRUxVam1PUTFZSHVPV21Fck53WmxYa1R5THZEOEUyR1pnMWRvMVU4V0tFMThPUHhWakFWbW45X1VpSzVVS3p2YzlWUzZMQzJJbGdHNmh0REtyUWd2Y29JMXRVTS1ER21IQUJzQ1dnS1VQNlNVNnVhZkNHSDhQcmVQa3A2Wk8xUmxZMGRwUVo5ODdxV01ocWVOeExJTkRTaWE4Z9IBuAFBVV95cUxNWnFpZnI5TWFUOHZiYTFKMFVXTVpLOVhjZlc0OTRVMEc2bWNHQnVwU2lyUjBfZi1GOU1EVk9YVEYwb2ZSWVRIWVJUSm1jWlZ4ZUFpMkstVk5Sa3FRdUpyclo3c2FvaTVLUHBmMlpkbTJWZmU1Zm9lQnYtTG9YWl9EQnlma0hsc3BsaVBtSnI4UnBIZ3ZrY2gwanRGVUNEbjJFOWZzZzZyTG1FY2VabmFWdGRMeDBhSWJX,More,10 hours ago,2026-08-19T22:57:00,WION News,"https://encrypted-tbn2.gstatic.com/faviconV2?url=https://www.wionews.com&client=NEWS_360&size=96&type=FAVICON&fallback_opts=TYPE,SIZE,URL",2026-08-20T09:24:14.330635
Trump’s snub of South Korea sends region scrambling,https://news.google.com/read/CBMilAFBVV95cUxOSHJqVWxjam9RLTRjaWt4cFRjZ283cXdISmUtRVg5TGtzcndUcXZnZDlPV2p0ZGhDZHRyQTRGZUp0VzVEd1RfanlPeWpGNVF6YmFKazk1LVM0WmJWY0s2ZVlzVnlMZmNvZ0J6dnZ2UG1DUnJiUWpqblZMODlfalh5QjhTM21mNVZDZDB0YUQ1cmswMXBE,More,10 hours ago,2026-08-19T22:55:00,Politico Fresh,"https://encrypted-tbn1.gstatic.com/faviconV2?url=https://www.politico.com&client=NEWS_360&size=96&type=FAVICON&fallback_opts=TYPE,SIZE,URL",2026-08-20T09:24:14.330637
"Israel lessens strikes after US-backed disarmament plan, rejects initial withdrawal; IDF reports 16 Gaza ceasefire violations July 31-August 18",https://news.google.com/read/CBMilgFBVV95cUxNVGZwdHp1SlZyS0FBRlR1cGJka01ZMkpYQzlXWWluSnZySEYtcHFlVFJFaGxqMDI1Rmd6NXAxa3RQMjF2OE1BNDVvTEtKRG1FR3J0VzRfb3JaMkFkejlDY3FKSUx0WDZYWnJ2R2RTNHhNenU0Qi1Vd0ItUTVmYllVN05BZUlDTENhbUFHd3RtS0QtMHN4aXc,More,10 hours ago,2026-08-19T22:48:27,FDD,"https://encrypted-tbn2.gstatic.com/faviconV2?url=https://www.fdd.org&client=NEWS_360&size=96&type=FAVICON&fallback_opts=TYPE,SIZE,URL",2026-08-20T09:24:14.330640
Timeline: Key developments during Prince Harry and Meghan's 6 years in California,https://news.google.com/read/CBMiqAFBVV95cUxPOUVCekM5RWpvTkJ4OVlwVVRNR1lmaHRYWUU2SW5kXy1GcmlHTEY5aUpVcGx3ZlRiRUhKa0kwVTFzYk9BVndwY2R3Ml9jOTJHdkxBUWtIendGeHpoaWdTNnRycjE0ZWZxbGdrMTFnckc3SFgxeFlFWDk5QjBCSTYxdmx0NDJvaDNiZjRMS2lrUzVNZHQxbW1RbDlEbl90QjN2N2RGLXJ6V1k,More,10 hours ago,2026-08-19T22:47:01,Straits Times Fresh,"https://encrypted-tbn0.gstatic.com/faviconV2?url=https://www.straitstimes.com&client=NEWS_360&size=96&type=FAVICON&fallback_opts=TYPE,SIZE,URL",2026-08-20T09:24:14.330642
"SUSE Empowers Australia’s Digital Sovereignty and Resilience with Enterprise Open Source Infrastructure, Driving Cyber Compliance, Edge and Production AI",https://news.google.com/read/CBMi9AFBVV95cUxPbmpVSzZFajR2NjljemFDQml0dDJQTmtUVFRyRHNDaEQzLWpWb3hldmFXYlpuenpodFVBNkVaZEtYajY2UnA4SnZpSUZZOVExaEN1RzB5b2FfdDFxTXNaQU5heTNDMHFYaUdHTkZSNWplRE9yYVh1WGxkYUsxQ0dlS2xwdVRTRUpfSi10aWRjLXNselFzbkFGTVlYei1aaFR0TDV6YjN1TlNzVEZBX0hRemYwZE80VUdpS3VCLWxHQXhHejJwT29WUkpkYUxUMTA5Z3BLcFVwbkp4WVFsWHcwVzlqZUJkVXFBWVpEdTZBSFpDaXk0,More,10 hours ago,2026-08-19T22:38:41,Critical Infrastructure,"https://encrypted-tbn1.gstatic.com/faviconV2?url=https://www.theregister.com&client=NEWS_360&size=96&type=FAVICON&fallback_opts=TYPE,SIZE,URL",2026-08-20T09:24:14.330645
AI Attack Targets Government Offices,https://news.google.com/read/CBMilAFBVV95cUxOSGVTSHdEMWVUdU44Rlc0N1NZUnc2aG12V2dxTnZkWm9oaG5BR3hFOW9URlkwaWw3Vm1abUdrWFJRZ3VkV2JnMVkyejRQZ0RXVVRtOEpsUkF5VFFTMGo1WUZUdXlWN0ppSVZMRm5FNWZUWEJQUmxnWFFpQVB4Uy1SOUtNS0FoeDduNmp4T0VrOWU0TGkz,More,10 hours ago,2026-08-19T22:27:13,China Cyber,"https://encrypted-tbn3.gstatic.com/faviconV2?url=https://www.mbtmag.com&client=NEWS_360&size=96&type=FAVICON&fallback_opts=TYPE,SIZE,URL",2026-08-20T09:24:14.330647
Prince Harry And Meghan Moving Back To U.K. After 6 Years In U.S.,https://news.google.com/read/CBMiuwFBVV95cUxNTzhndlpjWUhDTXo5MWNqR3pFSWI0VXpNbnIyOF8zSGtlVnZsMElyaHNSWS00eDl5TFhKTzdoYkZRVms1U01KWU00d21keXRLTjJ4OWkyXzJjVXJUeU1mNDdtY3hOY1ZpNFBrNlRhczRQT2JxN21rNXB6VTgyUUxHcG5tejdPaGF0cGREQWVPUlJLV1M2Q2NJUnFCZ1J2RlRhTGFzQzlVMHZiWHEwVGpuTVpGcUQyWXI4MVQ4,More,10 hours ago,2026-08-19T22:27:00,Forbes Cyber,"https://encrypted-tbn2.gstatic.com/faviconV2?url=https://www.forbes.com&client=NEWS_360&size=96&type=FAVICON&fallback_opts=TYPE,SIZE,URL",2026-08-20T09:24:14.330650
"Waymo’s cheaper, next-gen robotaxi is now open to all riders in these three cities",https://news.google.com/read/CBMitgFBVV95cUxPSlBIcjVwN3NMcS0zUUtHZDZxNl9YcVdHbHZfYUFUQVNXSjR6UVVOR2NRQ0w4ZzlFMkhmekNHNmdVams5QmpULWhQZEk4UWozRG1iLU9QbEpmYzY2VEVqYWlhbUdQZFY3WlFqVXU4enlOZ2NSeEY5R0UzUG5LazlGWUJqQlhiNDFlY0FkaTFhQmZOM2RlWFlJSGUyUW8tWVdxb2MtdkFFcDF1OVFFbk8zdVN1SGtOUQ,More,10 hours ago,2026-08-19T22:25:01,TechCrunch Fresh,"https://encrypted-tbn1.gstatic.com/faviconV2?url=https://techcrunch.com&client=NEWS_360&size=96&type=FAVICON&fallback_opts=TYPE,SIZE,URL",2026-08-20T09:24:14.330652
ebook: How Optiv Agentic Security Operations is Changing the Threat Detection Landscape in the AI Era,https://news.google.com/read/CBMiYEFVX3lxTE9rZWIxY1NjTDZyUWVtYzl4QjZqeWFsYVVsM0RoNWt4ektGX2lWeWFpcTZLNFdfQ3dUbjloLW41SDU4S3JLd1RMWnczNjZqTndIRnFYZnlOUktOU094cmZiSA,More,10 hours ago,2026-08-19T22:22:01,Bank Info Security,"https://encrypted-tbn2.gstatic.com/faviconV2?url=https://www.bankinfosecurity.com&client=NEWS_360&size=96&type=FAVICON&fallback_opts=TYPE,SIZE,URL",2026-08-20T09:24:14.330655
Thousands of North Korean IT workers are infiltrating corporate America,https://news.google.com/read/CBMimAFBVV95cUxPTWtmX3h1LXhTdFh0QWcwOVZPQkdhcGV2SEhrcG90NURXZE5tM3gweG9ZNFFZcUV2ZVRLTXpCVXpscE9DOE12cGdrdE5wSk9pSlNvU2o3S1BjYkdhUXFxZEZCU2N0QnNlb1UxNEg1V3pXcno1eEIwWlpzNlQ2bVR0SERmeFZGYU12QUotdXdGeTNuMnp0UlJXR9IBngFBVV95cUxNc01XYmhOTnRWMVo0QzU3bE5uV1lkTEQ5b1pCQ2VlcnNTQVJOSGJ6bkg4dFBYNl9Td0h4aE1sM2NmRFNYbXhlQnhjVmNGbjZiVVJRTk9RWDZ1V1laaV9FOVdoaWZ1T1BHa1pER0dscmlrbDJ3d1pJb3MwelNUbWZmRWxNUV9QZ25sSnN4WTRKZzQ2Mi1IMXN1RlgzWWdJdw,More,11 hours ago,2026-08-19T22:21:07,DPRK Cyber,"https://encrypted-tbn3.gstatic.com/faviconV2?url=https://www.foxnews.com&client=NEWS_360&size=96&type=FAVICON&fallback_opts=TYPE,SIZE,URL",2026-08-20T09:24:14.330657
What is A CASB (Cloud Access Security Broker)?,https://news.google.com/read/CBMigAFBVV95cUxNV0E1RDNLbDZEX0JZODR1R29ONUxqeTU0eGVDbXc0SXNNNk1SenIyNF9sRDZFalZwcEp4TURaMFpiT3JoM3FjSE5Oc0xUZHVhNmlvQTkwMFN4c2Q4TUdNT3V1UFhiLTZFcWY2NDdGYW84d3ZGWWp1SzQzM3Zxc3hZNA,More,11 hours ago,2026-08-19T22:17:02,Wiz,"https://encrypted-tbn2.gstatic.com/faviconV2?url=https://www.wiz.io&client=NEWS_360&size=96&type=FAVICON&fallback_opts=TYPE,SIZE,URL",2026-08-20T09:24:14.330659
"Claude Mythos Cracked Quantum-Proof Algorithm HAWK In 60 Hours, Its Authors Quit",https://news.google.com/read/CBMidkFVX3lxTE1zdFJsYjNGTkhMTURPVW1mNVRXdlVjVmctcVpnQXlnZS0xMDZnRk5sYmFHSmdrb1prZ212TmFsMmhkWWVHYi1ycnA4SUZyY1pQY1U4Umt1Vmx2emxReG1GQWdjazhkam1EOUV3a0lNZVFyMmNKYVE,More,11 hours ago,2026-08-19T22:16:07,Quantum Threats,"https://encrypted-tbn3.gstatic.com/faviconV2?url=https://yellow.com&client=NEWS_360&size=96&type=FAVICON&fallback_opts=TYPE,SIZE,URL",2026-08-20T09:24:14.330662
US national debt exceeds $40 trillion for first time amid rising borrowing,https://news.google.com/read/CBMiugFBVV95cUxPRWJUcTVxSFFWSjJtN1JKYmxyQUpqV2xhRklLMTlMRWJjYlJia1RyTTVTaUJsRm10N2lnYUlKZ0w0Y0dCQV81dGUxcEZBVTlKbG84MHpyMXJjS0ZTY1dFa2xackFNM0ExWmgwNG5QeHpOaXZkV1ZEVmRBdlRBTHdQUkM1LW53dVZVY3YzZ040Ty00dEdpeFF4bm03X1BFUmo2NXpFQkpxZl9nR0RGNjlHMDBzS2l1ay1qdkE,More,11 hours ago,2026-08-19T22:12:00,France24 Fresh,"https://encrypted-tbn2.gstatic.com/faviconV2?url=https://www.france24.com&client=NEWS_360&size=96&type=FAVICON&fallback_opts=TYPE,SIZE,URL",2026-08-20T09:24:14.330665
OpenAI seeks to one-up Anthropic with new customer privacy protections,https://news.google.com/read/CBMiqAFBVV95cUxOeE1RX0FaeTZ4N25BV05ZYnhqS3I3bVd4aHB2WWI2QUhCV3czRmh2UGxWUjhKNDB5OWNoUldnd002WWFidk5QaXhtVG1Kd29UX2JaR2FxcWNIbGVCNndVVnhRYkF4UlpHejZRTWFVWXdvR013dkU3TWFzbjJIbG9sbDFHYTI2S3I3bFZaQkJTYXg5aVhoMHVtUHVYSHB1dExJTTUzN1poa2I,More,11 hours ago,2026-08-19T22:10:46,TechCrunch Fresh,"https://encrypted-tbn1.gstatic.com/faviconV2?url=https://techcrunch.com&client=NEWS_360&size=96&type=FAVICON&fallback_opts=TYPE,SIZE,URL",2026-08-20T09:24:14.330667
How AI Agents Personalize Security Training at KnowBe4,https://news.google.com/read/CBMimwFBVV95cUxOQ1BPazExSUFVaUY4azVFQ1pDNURlRFpnNlVFQ0F3YlBvUDhlcS1aaVl6ZkF5OWVCVVFzdUpoVFFxNWdGWmtXVEdIMjJSV24zUHd1aW1zbHVfelQ2M3Rhbi1qYjZTNUpNdWhGaHROeFNKUVgzbk5xUWIzbWJOOVVlZEZPTVJUQ21jS2xOdDdXYVNMS19yckh0X1Rwaw,More,11 hours ago,2026-08-19T22:10:31,Bank Info Security,"https://encrypted-tbn2.gstatic.com/faviconV2?url=https://www.bankinfosecurity.com&client=NEWS_360&size=96&type=FAVICON&fallback_opts=TYPE,SIZE,URL",2026-08-20T09:24:14.330669
Sunoco ‘trickery’ doesn’t warrant sanctions,https://news.google.com/read/CBMifEFVX3lxTE1tcjhUQzRoZk1Na1FaeHIyLTRZVGlQZFI5SS1ZYUhRendsWTRFdWtLZVFtTUkybmJ0ZDJpcTl0c2Ezc1lac2JJSmlEaVNpT0YzNWRmZzZNcVdVU3NqS0FNa1hsTkVkWXpTTU1sbEFpT2owajMxWXVGeTFESzU,More,11 hours ago,2026-08-19T22:05:33,Sanctions,"https://encrypted-tbn3.gstatic.com/faviconV2?url=https://www.courthousenews.com&client=NEWS_360&size=96&type=FAVICON&fallback_opts=TYPE,SIZE,URL",2026-08-20T09:24:14.330672
Russian forces kill 9 in Ukraine as Zelenskyy faces pressure over elections,https://news.google.com/read/CBMirwFBVV95cUxOWlF0OFVFelBmX3B2MWFEUXhCTWI1TG1sMzNfa1loejMwMlRUMHBqS0lGTUJ4MnRiVzVxbXp4cEpjd2RRd25tcjBTeVpZQXlNOS15RVVFNFkxRmJxZzNETXc3TW5pRlV4UUxtMXU0bzJ2WERNNV9PUHk4YkhXOWN6SzViOXZXU09hUEdnM3poTmU0TEo4NzFEbV9BTEE0ZWsxMGVybnhWZGJRZndBSEJF0gG0AUFVX3lxTE1DX3FLRHpiVW03eEJzQUlsQTVSRHUzajQwZEdINnNQb3BpamFPOW5yRFdncEpkcDVaU2NXekVTZXJlMVpseDVyMjlqbGxpaGNyZUw2bDg5OUdhN2Z5YU1ZV0JydFhFUUNRZHc2Q3MwcGc4RldiV19XdklGS0xkRDBnSG9rcHczenB5eEkwbFJfVXZyV19yRlpUeEZlNmRXZWVpNVdQRndHbDR0UzJGWElpQ0ZpOQ,More,11 hours ago,2026-08-19T22:05:10,Al Jazeera Fresh,"https://encrypted-tbn0.gstatic.com/faviconV2?url=https://www.aljazeera.com&client=NEWS_360&size=96&type=FAVICON&fallback_opts=TYPE,SIZE,URL",2026-08-20T09:24:14.330674
A California county wants to hire Tina Peters to help run its elections,https://news.google.com/read/CBMia0FVX3lxTE1oWENtNXdDVTAxNUdGMWpxTkV0cnd0b3hRTmRFUmpNZG44aXU0TmkwWHkxM3dCY3FSZU1JOXA4dGJwcm13TUZkenpvTFJhcmFxZUFRWW04Z0c0ZU04UWdPejJkWXFmaEFMY1I0,More,11 hours ago,2026-08-19T22:03:20,CyberScoop,"https://encrypted-tbn2.gstatic.com/faviconV2?url=https://cyberscoop.com&client=NEWS_360&size=96&type=FAVICON&fallback_opts=TYPE,SIZE,URL",2026-08-20T09:24:14.330677
"FCC abolishes gigabit speed goal, suggesting it is unfair to slower technologies",https://news.google.com/read/CBMiuAFBVV95cUxPOWJ3dDBveDRZcFRqTEVrWTFScnBjSGxnbjFlOUR1SDBjMU1OR1M5R25JVUVVZmhCT0luWmJwN1VnZUZIN0wyeFRHUlJ2NmNrTXZRRXdQWXR2LVdycnFvR19NZ3JybHV0WDdoem1XTmcxeE4xNE9qejFibGJzNFdqbVFiaTFyemhzTTVjQmR6UUR6TWFjZHRXQlo1TDlXVW1ELTllZVAxRUg0LUUwcVRJSFdmamR1SXVP,More,11 hours ago,2026-08-19T22:02:38,Ars Technica Fresh,"https://encrypted-tbn0.gstatic.com/faviconV2?url=https://arstechnica.com&client=NEWS_360&size=96&type=FAVICON&fallback_opts=TYPE,SIZE,URL",2026-08-20T09:24:14.330679
Hyundai bets on physical AI to evolve beyond automobiles,https://news.google.com/read/CBMiwgFBVV95cUxQV1pUcHNUWFFnNFFDbkFfTmJjZklJSnBpODJRQk9FeVJudU83ckdFcWQwLS1yVzZqTElmR1FnOWxNRmh6eFhTV3REMDFCaGt1QVVVaFZ2Y09OTlh0THFMQV9DS1VSVTlWcUVZb0tRdHJib0xxLU5sY3BxSHNONHNZV0NlZUMtTE5lY0dhZjhBYTgxR2tJZnZ1TWpBQmNpWjB6VlVvZEdFMGxDZ1BNRUR6aDFLZUs1dkotZUVfaU5lMnl0dw,More,11 hours ago,2026-08-19T22:02:00,Nikkei Fresh,"https://encrypted-tbn2.gstatic.com/faviconV2?url=https://asia.nikkei.com&client=NEWS_360&size=96&type=FAVICON&fallback_opts=TYPE,SIZE,URL",2026-08-20T09:24:14.330682
Florida Dems scramble to regroup after Nixon upset,https://news.google.com/read/CBMikwFBVV95cUxOWVBXWEJNeU5hYVN1d2lUalN3RVZXYVlyZnc3N01vZnRZRmo0ZTFzSnlaVkZBN0s1cTZqQ2k0WHk0eU5ObWtLaGFHc3ZJNXUzZGNOUTUxUzlsOTRmVDFkOXpqYWlsdTRqcTlJMXNMODduSHplbzUyVDVOQWMzenc4N0lOX0lNb2dKYmZFYy1yT0d0V1U,More,11 hours ago,2026-08-19T22:00:00,Politico Fresh,"https://encrypted-tbn1.gstatic.com/faviconV2?url=https://www.politico.com&client=NEWS_360&size=96&type=FAVICON&fallback_opts=TYPE,SIZE,URL",2026-08-20T09:24:14.330684
Cognition CEO denies report that SpaceX tried to acquire the startup,https://news.google.com/read/CBMipgFBVV95cUxNX1hlckx5ckZLaDBjd0w5MU5jMlhtTWtnMkgwZ3NUVFpBdGtlSHR3VTJIZmxLc2dHYUJsMndfREhpd3FjaDdLN0lOdkYwdlhuTVFlNFU4cjhXcVRoMC04WUJkS3NrZjMwLWJXY3FCeTlnVWVEcmdJc2pCTDJCa19nVXV0SDNRcDdLVEI2bjh4aC1hVXRWRXB2V0xPWjlHQmlmdnRTT1lR,More,11 hours ago,2026-08-19T21:51:23,TechCrunch Fresh,"https://encrypted-tbn1.gstatic.com/faviconV2?url=https://techcrunch.com&client=NEWS_360&size=96&type=FAVICON&fallback_opts=TYPE,SIZE,URL",2026-08-20T09:24:14.330687
Travis Kalanick kicks off another round of VC bashing: ‘1% are helpful’,https://news.google.com/read/CBMipAFBVV95cUxQbVczUU53d3c5dWpwOVpSaktvVkV4MDZnTWRsbDVZZXlWamttOE5SalFEQzdKN216WlgzN0hta3BBNm1YN0tfMGtDT3AwRkMtZ3R2VjJBNXNjb19TNzBtSVRCTWt2aXg5VkF2Yjg5UzVyaVY0cTZ6MDJqUzgtaGdtZXlfMzl3UkoyRHZXampNNmZGTW1jbzU0Qzdxa1NZVUtLMzFsMQ,More,11 hours ago,2026-08-19T21:48:24,TechCrunch Fresh,"https://encrypted-tbn1.gstatic.com/faviconV2?url=https://techcrunch.com&client=NEWS_360&size=96&type=FAVICON&fallback_opts=TYPE,SIZE,URL",2026-08-20T09:24:14.330690
FIFA vice-president withdraws support for Infantino after 'final straw',https://news.google.com/read/CBMisgFBVV95cUxNMXEzd19GQm1fVENONVA2YnlMbFpzR2QzdkpUVGlkdkVucl9fN3RrTXM0cEJyY0h5X24zLTZEcmJOTzlnWmtwQkItM3h6Zkt2NmtxZC15dnAyNjRjRUlXMnVGaVNNa3JCVlhxZnB1b2FQdklyS0twWTI0ZmtsZDhDYmthRzFCd0YxV3ctaWpkdlJBaGxWVG1RMjJWVXNETWlmeDhQVndvbkYzNXZWQTJQMGx3,More,11 hours ago,2026-08-19T21:48:17,ABC Australia Fresh,"https://encrypted-tbn1.gstatic.com/faviconV2?url=https://www.abc.net.au&client=NEWS_360&size=96&type=FAVICON&fallback_opts=TYPE,SIZE,URL",2026-08-20T09:24:14.330692
"Prince Harry, Meghan and family to move back to UK, the ABC understands",https://news.google.com/read/CBMimwFBVV95cUxNSGVoVmc0REpzdWlmdzFUMjFsN052bnZoUU90d1R6UlNubmlEbG5JTmlqU3N3ZHZDdEh6dW5mcktSWER4bXpub0VETlB2bVpINllqWUNfOHB3dEYtWmpwNDRsTE9nMm1vajVyV25aTlB4ODM5VGp5djRBeWVpeFVRM1JwZ05iRWxTRE9sTG9wU3ZrOEFfVS1Bc0d6SQ,More,11 hours ago,2026-08-19T21:46:54,ABC Australia Fresh,"https://encrypted-tbn1.gstatic.com/faviconV2?url=https://www.abc.net.au&client=NEWS_360&size=96&type=FAVICON&fallback_opts=TYPE,SIZE,URL",2026-08-20T09:24:14.330695
Iowa attorney faces sanctions for Medicaid scheme involving his Rolls Royce,https://news.google.com/read/CBMiuwFBVV95cUxOal9ObUpINm45Y3ZsbXZHU3lIX0lsNUpRcG1NV2h0SzRCcHJMdU1YbDRKVjVsWE9ubVhMMzJNWTlEbUk1TThIaExLS0Y2UzNXN0ZjUVRNSDBHalNWcl9XaVBGOW9tZVhfNGt0SUJsbXZUODhKT2Zua1h6VzljdzYzMlh2b2xIVUp6QlFOX2g5aVl3TTd2ajZFNXlqMlhuWjNxVm90cWgwODVuVG84Umw5dE1mdVEwWkNkSDRJ,More,11 hours ago,2026-08-19T21:43:47,Sanctions,"https://encrypted-tbn1.gstatic.com/faviconV2?url=https://iowacapitaldispatch.com&client=NEWS_360&size=96&type=FAVICON&fallback_opts=TYPE,SIZE,URL",2026-08-20T09:24:14.330697
CAR: Scores killed in landslide at illegal gold mine,https://news.google.com/read/CBMijAFBVV95cUxOb0lfVHJTU251d1g0eHBSck9DN3pBNmRMMC1MSm9iUTFmWXUtRWduNThHNE55a3gyS0tmbVNqQXd0M0ladXFORkxIcXNWNElIYnREQlpkdzNPdmhFdzVxS3h5N2lwdUFKODR5S3JBMzlFeVJiWEp2MjhlaTAyQ0JMY3NRMVNEbGZsVmVrQtIBjAFBVV95cUxNcTRTbFJDX1ozSV9jelpQcFdqYjVCYjZJSzdqUzBiZmVkc3YtbjlyVVVPa0VvLUVpek9Jbk9PSUNhZWhJdlZkYWowRXpUQXBOU1hTck9ZTVNvY3Awc2E3Tkd5OGxhNzFrMzg2al9WbEVqdTdTNmFGRWJfQ2ZXTmNlSHFtUDhCR3ZQMTBwNw,More,11 hours ago,2026-08-19T21:40:36,Deutsche Welle Fresh,"https://encrypted-tbn1.gstatic.com/faviconV2?url=https://www.dw.com&client=NEWS_360&size=96&type=FAVICON&fallback_opts=TYPE,SIZE,URL",2026-08-20T09:24:14.330700
"KUVR - 17,000 emails quarantined in latest phishing attack on Holdrege Public Schools",https://news.google.com/read/CBMisAFBVV95cUxPUk9qTFo2V1VWcHNxdlNKYktHY2ppYkhmeXVZNktadGYwUDNxVU0wcmlhUWF3c2FGTlk5RHliRFNsMWxucU1IeWRnbFZKV1NFSnNhZGg3Y1RIckJzUk4zakJBY29oQlZEM0w3bUVHeWtIWHA0YVhBaGJ0Nkx6NWZzd2RaZXh6aURTOHVWQWVCWl9zLWd6VUtMa3hyZG1LY2c0MGI3ZjdON05rbEhDTHM0NA,More,11 hours ago,2026-08-19T21:36:11,Phishing,"https://encrypted-tbn2.gstatic.com/faviconV2?url=https://ruralradio.com&client=NEWS_360&size=96&type=FAVICON&fallback_opts=TYPE,SIZE,URL",2026-08-20T09:24:14.330702
Introduction: Governance Pathways for Cyber Resilience,https://news.google.com/read/CBMijwFBVV95cUxNVXg3M2xFcnBSMVRMakJQWE1QN0ZHZUdhRHBPU3FMaThjS2hQMGhlcE5heTRPSjhmTVdQU2tpcnBaQjdwX1BQRGNIejVlM1lSVmRFR2oxaVhOTWxQWlVHaGRCVlhsb1hUdklzY1daQkZpdXg5VEt4aXZhUDhpamhIbURQNi1JN2FsREktR0tlRQ,More,11 hours ago,2026-08-19T21:26:33,Critical Infrastructure,"https://encrypted-tbn3.gstatic.com/faviconV2?url=https://www.nbr.org&client=NEWS_360&size=96&type=FAVICON&fallback_opts=TYPE,SIZE,URL",2026-08-20T09:24:14.330705
UTSA Delays Classes After Cyber Attack,https://news.google.com/read/CBMiigFBVV95cUxNdkdYbVljR1pSNzJCTGcxay1hemhQWnkxUW8td0UtRGRYdGtidFJLem9RQkNWWEtrdHl1VzlLamdGclg0Yk0tckRveFlTTUUzZ1RlM3FMTzNiR0ZXbmx0SVM5NE9KN21iNTVRa2xQVm1sN1ctNmZTb1lCS0lqVk9fU1phYTlEY3FNX0E,More,12 hours ago,2026-08-19T21:23:11,Cyber Attacks,"https://encrypted-tbn1.gstatic.com/faviconV2?url=https://www.govtech.com&client=NEWS_360&size=96&type=FAVICON&fallback_opts=TYPE,SIZE,URL",2026-08-20T09:24:14.330707
US debt crosses $50 trillion threshold after doubling under Trump and Biden,https://news.google.com/read/CBMiwAFBVV95cUxQekFPaHY4aTJUWDNlYTBzNndKaTlYazZhaWlzaVd4Y2NEUnM0MTVlVFdBeEJRemJ5eXJLcGEzV2tSSmUyT010RW9TaGZCUHhxZUJLTExUTnZqNFhyc3RyczBlQ2FESE9nNVd4d0VCejlVWmNFYkhyQnJrTWNIQ0I1VGhWaC1aUWp5N2NnRXZ0b21LQWNXQ00xSXh4RlFjb3M2QTVVQXZTN0h0M1pJa2h2VnlWQ0VNSnZ6azBrT21yU2Q,More,12 hours ago,2026-08-19T21:15:53,Straits Times Fresh,"https://encrypted-tbn0.gstatic.com/faviconV2?url=https://www.straitstimes.com&client=NEWS_360&size=96&type=FAVICON&fallback_opts=TYPE,SIZE,URL",2026-08-20T09:24:14.330710
"Itochu expands into data centers, targets 10 facilities across Japan",https://news.google.com/read/CBMi0AFBVV95cUxPUUx5WGxubWJucnBWNkktdEk5bmR2Mml6QUs2YjlxY0w2cVowSnV6Z2NuWlBSbFg0ZnZBcWtzVTBsYy0xY3AtS09ZdS05aVdreTlidVRhY0RZRGRoNTR5NlhuZkMxZDQ0WDJJdVVvYXBFdVJDblpEMHhMRGdZQ0VJamh3V3MtcWpqYXJVQTc1Zk5MWEljelhUYmYtVVdoTm1DYUdrY0xScmQ4ODY3d3dvU2FTVkpXN3VQVWVSbnNsSmVVWlJrbGxmQURiTzhCczNN,More,12 hours ago,2026-08-19T21:15:00,Nikkei Fresh,"https://encrypted-tbn2.gstatic.com/faviconV2?url=https://asia.nikkei.com&client=NEWS_360&size=96&type=FAVICON&fallback_opts=TYPE,SIZE,URL",2026-08-20T09:24:14.330712
‘Woefully underprepared’: Graham critics seize on her foreign policy misstep,https://news.google.com/read/CBMinwFBVV95cUxNU1BFUXFTWWxZV2NIUndNMXIwRDYwRFlnNm16a3Q4ZWp4ajBRRlVuMmRrLU9sMTRLazBiSzZhdFl1a3BfTlF5MnZDaFZKOENsbmFURmlSb2RzWEIxWGVpLTg1WGdOTHYwUW1fYkNUZ2d0S2VwSzREOEJ1S3Z0ZFJxWHBZQlpLWVVrcXJFLW12djBUTnozcVBBbTk3b2ZFaUk,More,12 hours ago,2026-08-19T21:12:00,Politico Fresh,"https://encrypted-tbn1.gstatic.com/faviconV2?url=https://www.politico.com&client=NEWS_360&size=96&type=FAVICON&fallback_opts=TYPE,SIZE,URL",2026-08-20T09:24:14.330715
China’s espionage threat reaches American living rooms,https://news.google.com/read/CBMipgFBVV95cUxNU2VJVXhOMzk3MjNFT0xackxma1FQc0FhQVg4SVk2c2h2MjdCMjZiM0tlRXhoRnJTRjRfa1BEU05UNkNqVHRLWU9Gb1loMTRWUm41NUZYRWJkdDBBSnY3Y0hyTmpsVFBjUk1xVlVqSUl5Rkd2STIwbEdhMnAtbXdQczZaUEF2UmlldFFwQnNXYllodXUyT2Jfenozd1hGMnB1OGlKSHFB,More,12 hours ago,2026-08-19T21:10:53,China Cyber,"https://encrypted-tbn2.gstatic.com/faviconV2?url=https://www.washingtontimes.com&client=NEWS_360&size=96&type=FAVICON&fallback_opts=TYPE,SIZE,URL",2026-08-20T09:24:14.330717
Fortinet has acquired San Francisco-based AI security company Virtue AI.,https://news.google.com/read/CBMia0FVX3lxTE1jSVJkNGh5SklrZWc1c2tfLXBHTVZzbzBEUGJuXzVnU2EtRWJKSjZjS3dLNzdwS05jeHFuRjN5anlxdEZMa2V4SXJKQVdMZnBSX2lSNG8zV2tNS2JSUFNvN0hxd2pUOUZ1b2tV,More,12 hours ago,2026-08-19T21:10:08,AI Security,"https://encrypted-tbn1.gstatic.com/faviconV2?url=https://thecyberwire.com&client=NEWS_360&size=96&type=FAVICON&fallback_opts=TYPE,SIZE,URL",2026-08-20T09:24:14.330720
T-Mobile unplugged network equipment to thwart hacking attempt,https://news.google.com/read/CBMigwFBVV95cUxNUHZLZ1dxanFCdllqcG5BUkpPZ2lBUlZVUWNNU0VNdlpLb2wyVlIwUHZzaG9jMzAxVXZVSkNFNlpFNTlwUzE1dWc3ZWRjVHNSUjZFMmU4d0dYblRmZWtiWTMwOXYxcmFheUFrcGFONkNqdGU3M24xSG9kTUE3TUNmVUk0TQ,More,12 hours ago,2026-08-19T21:07:15,Salt Typhoon,"https://encrypted-tbn1.gstatic.com/faviconV2?url=https://www.phonearena.com&client=NEWS_360&size=96&type=FAVICON&fallback_opts=TYPE,SIZE,URL",2026-08-20T09:24:14.330723
Are You One of 3.8 Million Affected? A Major Health Data Breach Expands,https://news.google.com/read/CBMisgFBVV95cUxPUm9iQjBla2REUmNzNXh1ajFoNTNGMnZScTZfZmhMNGpVcHlaSjc4N3otaFlNd3JHZ1J6NVp6UTNxbDcxaERpUTRtNDduMHNfWHRmemRRNFRaY2VBOEpGN2VtbldHQ1VHSTNnV1NVSDhSMXlxTlBUai1iRnFvZGoxc0duNFRlQ0dBcllXOWxjZmI2VUtzZW9EX2FRSWlQTUxCWWpXYnpwMHQ4WmFpcm5uRldn,More,12 hours ago,2026-08-19T21:06:58,Data Breach,"https://encrypted-tbn3.gstatic.com/faviconV2?url=https://www.inc.com&client=NEWS_360&size=96&type=FAVICON&fallback_opts=TYPE,SIZE,URL",2026-08-20T09:24:14.330725
"Natalie Harp, Trump’s Most Devoted Aide, Is Always by His Side. What Exactly Does She Do?",https://news.google.com/read/CBMilgFBVV95cUxQWmV0T0d2MXJIOWVCdEhkamRpb2tUYUw4aHliUEtrVVpHRVAzWXV3YnpyZWZyNkxIYm9vRmY4OWdCNHFoMnpXdHpPWFhkN29Pc1gzTkJTYkZsbnpXcGpfSENjMFFTZWprTkJycHd4UkYzVnFzZnZWSm9ScWJXN19BMzBzVGE2VGFqNTFJclU4dnFHYVhmVlE,More,12 hours ago,2026-08-19T21:01:00,NYT Fresh,"https://encrypted-tbn2.gstatic.com/faviconV2?url=https://www.nytimes.com&client=NEWS_360&size=96&type=FAVICON&fallback_opts=TYPE,SIZE,URL",2026-08-20T09:24:14.330728
Rogue ransomware affiliate poses as recovery firm to steal payments,https://news.google.com/read/CBMisgFBVV95cUxOUEVxTWhpbzFIVDlETUVnWGNlUzhEdXVMX1hqNUMtSFF3LUJLSDB1ZjFZVkFOdTVhaEhIZ1dTQ2VnQjNxZzBXZnNlYm9pQ09Xb3pPaHJIV2tqSEVBQUsxZl92RmE3eFdQTDZQVEZlT1k5SC1PRi1tQzVRbVp3WGJZVUM2dWF0anRGRTVOX0V5Z2owQXBxTXp0RU1reVN6eGFMODBmSy10WmluY3otMFFWNGtB0gG3AUFVX3lxTE12eTlMM05KWmRMbjRYZmlmQjRCRzBHRVJRRzZ6T0l3ZGdiNDJ3TUM1Q0JHcDlMQ3N6enFuVUlfUWJ2a3BOVnRpcG5STXhGaEM1Tzk5QlVQeFJVdXl2al9JTDFGNWx5VkZzSWZQTG5uX3BMQUVZYjZNWm9UdDMwOThqaHVOd2s2bUY3ZGQwa1QwTGV3UUZwZ1lsQlNlcldFbno5OFFVUGlyNlFhQjE2UjYyTFl1RVZxTQ,More,12 hours ago,2026-08-19T20:59:58,Bleeping Computer,"https://encrypted-tbn0.gstatic.com/faviconV2?url=https://www.bleepingcomputer.com&client=NEWS_360&size=96&type=FAVICON&fallback_opts=TYPE,SIZE,URL",2026-08-20T09:24:14.330731
The Tiny Spanish Territory of Ceuta Is Grappling With a New Migrant Crisis,https://news.google.com/read/CBMirgFBVV95cUxOV3FPVDk2Rl8zTm81Rm83Q1d1VFhINmozRDhrcTByeC1YalphdDFKbkRPd19OTkJQclY5MG1PaXFzaWVZb0NzOC14OUd3R2Jtd2NqaHFmSFpVUmFON3E4MTE3N2ZlaUJpVno5cVJCQWcySW5GRkxkWk1VTjhiSWVrX0ZmbEZLZURScUpaQU9INzlxZlduWm45UmVqaU5Mc3cyWFBSQ2QwWGRabVhxQVE,More,12 hours ago,2026-08-19T20:57:00,WSJ Fresh,"https://encrypted-tbn1.gstatic.com/faviconV2?url=https://www.wsj.com&client=NEWS_360&size=96&type=FAVICON&fallback_opts=TYPE,SIZE,URL",2026-08-20T09:24:14.330733
"Jason Arday was treated as a symbol, not a man",https://news.google.com/read/CBMilAFBVV95cUxNLWRzTGdIaGFxN0lvOFZhdzhTRTZYUG5CSkhFWkVfT3k4ZXpvNURQSWZtbjNwMWN0LS16bFFQRGowQXE2Rl82dUxPelZydmlXeDhyZUowdUMzZE1XUG1MZ2ZSSzVzOUV3aDFsS2RhZXJhdVFBS3lObTMzOWhBOU1kNEFxRFRhQVVlamxZVG1SdEdGWVNw,More,12 hours ago,2026-08-19T20:53:52,Economist Fresh,"https://encrypted-tbn2.gstatic.com/faviconV2?url=https://www.economist.com&client=NEWS_360&size=96&type=FAVICON&fallback_opts=TYPE,SIZE,URL",2026-08-20T09:24:14.330736
Bellevue Cyber League Welcomes GFiber as Sponsor,https://news.google.com/read/CBMiogFBVV95cUxPNUFLWHdnZmdJWThqRFlDR3FWQzlQdWNwRWFMelRMVkc2ZWc2RDFsWFhYR3lBSnU4VmhpWlpKb0xHTFlWeU5pLUxUQW96cnVFM3VxaDN1UDZQNGhSRTBRQ2VDMVFBRGhXMEJ6M3FrbWZUMXZjX2pKdDBEbG94NEctc09EWkZzVUpRV3BIV0ZpTlhZSFA2YlFNbkNPMmpxOFM5b3c,More,12 hours ago,2026-08-19T20:52:12,Cyber,"https://encrypted-tbn2.gstatic.com/faviconV2?url=https://news.bellevue.edu&client=NEWS_360&size=96&type=FAVICON&fallback_opts=TYPE,SIZE,URL",2026-08-20T09:24:14.330738
The 'Industrial Accidents' Behind Rogue AI Agent Attacks — and the Sandbox Failures Exposed,https://news.google.com/read/CBMioAFBVV95cUxQYU5lNmZZSGVOTHJqLWhkSlNoMG5vSnlfeXVxaUpiNFJ3cVI3d3FONVB1N1Y3RTFlUmItNmE2SWVQOFBJT09LbFR3SmpEcE9hejJmeV9yRDYycmdkcTZtamlNdzJhTmpBUlVkNXdvRUthN3FUYlVPWkMxdFRLNFp2bzdCZWkxOWpyWG4wR3REamJtMHBaczlDdDVRU0RnVFI1,More,12 hours ago,2026-08-19T20:50:14,Dark Reading,"https://encrypted-tbn0.gstatic.com/faviconV2?url=https://www.darkreading.com&client=NEWS_360&size=96&type=FAVICON&fallback_opts=TYPE,SIZE,URL",2026-08-20T09:24:14.330741
Exclusive | FTC Warns Retailers on Using Private Consumer Data to Raise Prices,https://news.google.com/read/CBMipwFBVV95cUxQblg4WW5xSmEtZkZXQkw3VVA0SjloeTh4dWhvbkNPTkoyZzZRY3JKRlFIQ3FKTHBDR184cUlNaDlwZU9QaU5Kek83aDdfWENieVBzMmMzSG1PbFUzTHRGYzhTc21QNG55U2JndDB6cmxBZUQyUnh3SlpIeHpwb2sxTDBDOF9xVEpYY2QwRmNxb0NOY3NmZEVaTmNQa1RfMXl0N2dFSDF5QQ,More,12 hours ago,2026-08-19T20:50:00,WSJ Cyber,"https://encrypted-tbn1.gstatic.com/faviconV2?url=https://www.wsj.com&client=NEWS_360&size=96&type=FAVICON&fallback_opts=TYPE,SIZE,URL",2026-08-20T09:24:14.330743
"Nozak Consulting Recovers Client Websites After Ransomware Attack, Shares Guidance for Business Owners",https://news.google.com/read/CBMisgFBVV95cUxPWFRELVI0QzEtZmNfSUhnODFpNHRWdEU4SkR3T0FkQ2Zta2hRMVFkX3VPMTQzZEV4bnk0SnZ6WTE1b1A1NEFOR3J0VFpRb1N2anpzUFkyalB6Wmt1TGxTV3VWbEVmUXM2VUIxNlU3Undsczl4cEg3dVVOX0JLdmhpcThZSmRFa1Rjc2pwY0JaTnAta3ROSV9VcXNDVE9tV1k4bXhGZ0NfWU02dzU0VUM1Wlp3,More,12 hours ago,2026-08-19T20:46:53,Ransomware,"https://encrypted-tbn2.gstatic.com/faviconV2?url=https://natlawreview.com&client=NEWS_360&size=96&type=FAVICON&fallback_opts=TYPE,SIZE,URL",2026-08-20T09:24:14.330746
Ransomware Group Strikes Again,https://news.google.com/read/CBMiiAFBVV95cUxOM1FQaEJKSFV0VlhvbnBaYnNaY2tEdXhZQ3RmejZrbkQyanZEcFFUZGlmekdfS0p1UHE0NVYyMThERTNGb1hfLS1uU2sxNExDc1VaVW0waUFDMkFZSVl0Rjg1cU1tcVN1S1BIQXFFckQzOGh5dGUyVFFDVEJjOWxiTUxPX0UxNDZC,More,12 hours ago,2026-08-19T20:41:53,Ransomware,"https://encrypted-tbn3.gstatic.com/faviconV2?url=https://www.mbtmag.com&client=NEWS_360&size=96&type=FAVICON&fallback_opts=TYPE,SIZE,URL",2026-08-20T09:24:14.330748
AI Assisting in Attacks Against Siemens PLCs,https://news.google.com/read/CBMilwFBVV95cUxOd3VMdmdRT2RNLXk4bUM3dUMwZFBDTWlFQ01UM1QyNWF0VXVDZlRKY1VVSDl1b2pNcS0tNE02cTdKV1J3Rk04RHJyM3RmLXhBZzc1bV90MzRfV2JzSUFEbmZzTzEtLTFJVUNlV2p1WHhTbVBXRS1rZnE1X1Y2WlhiT0Rod3J1NkdZRTB5c3hrWDdNRTBGZHVJ,More,12 hours ago,2026-08-19T20:41:53,Supply Chain,"https://encrypted-tbn3.gstatic.com/faviconV2?url=https://www.mbtmag.com&client=NEWS_360&size=96&type=FAVICON&fallback_opts=TYPE,SIZE,URL",2026-08-20T09:24:14.330751
4 Key Cybersecurity Considerations Modernization Plans Miss,https://news.google.com/read/CBMirwFBVV95cUxOSzg5QXJMSWZlR2p4WDY2QUIxeWViTk1JOGQ1Q1BxeFVEb2FJQXBlYlhOTG5fdjhMV2NOeDJnU3VKcjhpbjFnLW9JbXNUNGNndGxaeTM1ckIydzJpX0U3aVhJM09rSHluNnVCRnQ2UjVPZ3cyQS01U2dtREc2ZnpqNGpEV3NVOUI0UXk2MWw0SzhnRmk1VWp4bXY0Qk9FbF9XRmppQ3FJNUFkQm9NcERJ,More,12 hours ago,2026-08-19T20:41:53,Cyber Attacks,"https://encrypted-tbn3.gstatic.com/faviconV2?url=https://www.mbtmag.com&client=NEWS_360&size=96&type=FAVICON&fallback_opts=TYPE,SIZE,URL",2026-08-20T09:24:14.330754
Agencies issue update on Medusa ransomware activity,https://news.google.com/read/CBMimAFBVV95cUxNZ2ZOejVRaXRJSWlNOHhBREpVcnlaS0dzRE1iT3FraTVGNmFjY1lQUzlpMXJrczVILVNmcmQyajZiT3hTa0daRjVudEtRcWZIUFRUa1FkMWZnUC1GM2dJWXRJYk42cmNGVTAybm5uN2w5ZWY2NnpNR2dqLXJaSWlPdHZDTXNLN191Xy0yeFpISnRJS25DUEd3Mw,More,12 hours ago,2026-08-19T20:39:48,Healthcare Security,"https://encrypted-tbn2.gstatic.com/faviconV2?url=https://www.aha.org&client=NEWS_360&size=96&type=FAVICON&fallback_opts=TYPE,SIZE,URL",2026-08-20T09:24:14.330756
What Is Frontier AI Resilience? A Complete Guide,https://news.google.com/read/CBMioAFBVV95cUxQVDJEaE50eE5XNHlZcnBqMjFiX0hfU3N1ZGtuMWpwWjdrdUVib1BBMzVLR29KQUNDM2hzRVBVNGJzajlXRGRPejdYMUY3N0xuTGpTOUlnbUdSMV9TTVVVamdQeGZMcXVSMllVTGFSVjJTNGUxcTY1VWF5SWVOZ2ltZlBLandONGlTaUFMZmR6Y295ZDF0VDdTZm5wRHA5dmI5,More,12 hours ago,2026-08-19T20:36:52,CrowdStrike,"https://encrypted-tbn2.gstatic.com/faviconV2?url=https://www.crowdstrike.com&client=NEWS_360&size=96&type=FAVICON&fallback_opts=TYPE,SIZE,URL",2026-08-20T09:24:14.330759
Sacked Ukrainian defence minister calls for presidential election,https://news.google.com/read/CBMiWkFVX3lxTE9JUHh2WktOZFAtLS12bk4yQ0UzMEFFenF3bWxOclpZaTRxd19hcm5NMG9fTV96T3ZtRXVjTGV1WGpEd1NJOWF0YmE5YTdVVEl1djA1T3hTNVdsUQ,More,12 hours ago,2026-08-19T20:34:39,Ukraine Conflict,"https://encrypted-tbn2.gstatic.com/faviconV2?url=https://www.bbc.com&client=NEWS_360&size=96&type=FAVICON&fallback_opts=TYPE,SIZE,URL",2026-08-20T09:24:14.330761
Alphanumeric Systems Data Breach? Lawyers Evaluating Claims,https://news.google.com/read/CBMiiAFBVV95cUxORGdKR1o2LVZORWNMZXpfeVRkeWp1UnpPYzhybWtyTi1qcjBGaWFQWU9QZTl3bjUwSElwQzBNNlJPdGFGXzhhZlBGT3J3TGxxRmtBV013bzBzZWRYajVlNWFxeW9PNFdhZi1QSHlQcE41Sk9HTVc0dGNwM1lCOW1mYkpDaFJrX3Vi,More,12 hours ago,2026-08-19T20:27:37,Data Breach,"https://encrypted-tbn0.gstatic.com/faviconV2?url=https://www.classaction.org&client=NEWS_360&size=96&type=FAVICON&fallback_opts=TYPE,SIZE,URL",2026-08-20T09:24:14.330764
"AI-backed campaign targeting vulnerable Siemens S7 devices, CISA and FBI warn",https://news.google.com/read/CBMijgFBVV95cUxOMHhpWEd2UnZqcGlxOVZaNC01WUt4cW9CTjlvZU1TY19OcndLY180X28zcGNqSWlEdUl3WWRzSHBRcDZJbzVid0VCRkNxa1VzeWk1bjA5NEJmZ05xNTNzRzVGYkZKYlFtQnNobmdlS2hDUFRaRkVEUnRSMkdTVXFZNWM2cXY2aS1ZSW9KZ0t3,More,13 hours ago,2026-08-19T20:21:38,Cybersecurity Dive,"https://encrypted-tbn2.gstatic.com/faviconV2?url=https://www.cybersecuritydive.com&client=NEWS_360&size=96&type=FAVICON&fallback_opts=TYPE,SIZE,URL",2026-08-20T09:24:14.330766
Avengers: Doomsday’s Sebastian Stan Has No Idea What Happens — the Movie Was Filmed Without a Full Script,https://news.google.com/read/CBMijAFBVV95cUxQdTc0UnQ4WGh1dDVNdUdfbl9LZF8yQ2VhUENyRDhYLWpUQXNUQW92Xy1pcC1UYlJaZ1VlMm45UFo0Sk83SEd4d2hTU1hiY1ltVkdfa2lrZ25Tck9lVDdNS1FQZ2U1NHFxT3hBaVZqSF9zWUp6QlRibmtaV3czWlo1T3QzOEhvVy1MZzRQQQ,More,13 hours ago,2026-08-19T20:20:51,Scattered Spider,"https://encrypted-tbn0.gstatic.com/faviconV2?url=https://www.govinfosecurity.com&client=NEWS_360&size=96&type=FAVICON&fallback_opts=TYPE,SIZE,URL",2026-08-20T09:24:14.330768
US government debt hits $40tn as borrowing rises at historic rate,https://news.google.com/read/CBMihAFBVV95cUxQcmJ5Y0xWdk1iUFZtVFNyWFVrQjBMbndSVTJfSll6NVBGOTRhNUNoaHhWcGM0Z281RVFxTjFqSWtYeFJPanluTVRaT3gyNHZHWHlTbm9mRlVyaWp3V2pzblNIdldDTGs3WWJpWURrWEhueHptMXdCOEN6Q1BvV1hueUhZMTI,More,13 hours ago,2026-08-19T20:18:55,FT Fresh,"https://encrypted-tbn2.gstatic.com/faviconV2?url=https://www.ft.com&client=NEWS_360&size=96&type=FAVICON&fallback_opts=TYPE,SIZE,URL",2026-08-20T09:24:14.330771
The World Is Rewriting the Rules Against Cyber-Enabled Transnational Crime,https://news.google.com/read/CBMiswFBVV95cUxPeUQ5RGZ0VlQ0LWV2dkp6Q2MzR0VBTmJsNjlWTFdMdGdNVkpxWllSNjBRZlZSWjZ5Q01uUnFPTkJETjRTVEM0czFVUlFMeW82N3NLc1NvODBmU09vaUxwNVVfREV1THRQcWtKYTFfVGVNcl9reWtjVGc5bzdlQTZoUEFNOExucnJ4OFpFZlgyS3MtU09IUG5uRHdPLW9ubG5rT3RrVG9pakhrRXFwT2psZUJDVQ,More,13 hours ago,2026-08-19T20:15:26,Telecom Security,"https://encrypted-tbn2.gstatic.com/faviconV2?url=https://cyberpeace.org&client=NEWS_360&size=96&type=FAVICON&fallback_opts=TYPE,SIZE,URL",2026-08-20T09:24:14.330773
One beneficiary of the Iran war? Pirates.,https://news.google.com/read/CBMikwFBVV95cUxNXzZ0alh2WFpVd2JVYTUwM3UyMW4xUWp3SWE3dm8xZFBRQy1JX2Y1NzU0R2IwUENJbHlkVHJUcm51RGtXUHNBNnpNdEdvbk5aNTdNYVhPTy1jVWc0TmFvM2hucGZ3NWZIb2Fxb0FUcXBtVTZaLUUtbkRVcHBhUERGeDZoSGN0M3pVaVdfR09oaGlDcVE,More,13 hours ago,2026-08-19T20:15:00,Politico Fresh,"https://encrypted-tbn1.gstatic.com/faviconV2?url=https://www.politico.com&client=NEWS_360&size=96&type=FAVICON&fallback_opts=TYPE,SIZE,URL",2026-08-20T09:24:14.330776
Rillet raises $100M Series C at $1B valuation — 2 years after emerging from stealth,https://news.google.com/read/CBMitAFBVV95cUxPM1p6RE91MmZ4UW1nQmQ3UTd6Y2lVTDA2SWcxS3RHaVU5QmFxOGRXVWlkRnJYaDExTzVIUlBDWTVsNm5IZUx0WDIwRXQ2WjF1eTdBTHdHZHJQXzRjOTRRblZEOGZHTXl0YTBFUDZWWFh5aERZTkJKaGczR2RyeDhGeTZoaGZpUEZnc3BvRHlyMHR5NUZSLWJKbDB2bVp4WUhuYmgxQkFzbDl2TFA5WS1mMV9RM3E,More,13 hours ago,2026-08-19T20:12:33,TechCrunch Fresh,"https://encrypted-tbn1.gstatic.com/faviconV2?url=https://techcrunch.com&client=NEWS_360&size=96&type=FAVICON&fallback_opts=TYPE,SIZE,URL",2026-08-20T09:24:14.330778
Chinese firms are wrapping their supply chains around the globe,https://news.google.com/read/CBMivgFBVV95cUxONk9tMHJNbENHUVlEeTItRFZhNWtZUjMwNDZfbDZKdHRfOVFVRkhJaFQzZG1TLVlPUjByRTBWQ182RzBmZ2ljQlZUYXYzbEhuSzBuVTFKTWFFbGkxVTV6R3BVYUMzZVJraDhreWVjMklVY2pPYkhzcVUyLWNzcDhvYVJZQ2FTMzcwSWRTRG5LaTQwUHFXNnZpd1k5SzhMTldwSHUxcmJhbDR1Qm5HOVNQWlNIbEFWblVpR0V0SlRR,More,13 hours ago,2026-08-19T20:10:04,Economist Fresh,"https://encrypted-tbn2.gstatic.com/faviconV2?url=https://www.economist.com&client=NEWS_360&size=96&type=FAVICON&fallback_opts=TYPE,SIZE,URL",2026-08-20T09:24:14.330781
"Email Encryption Market to Reach USD 23.33 Billion by 2030, Driven by Rising Cyber Threats and Data Privacy Regulations | Report by MarketsandMarkets",https://news.google.com/read/CBMiqwFBVV95cUxOM1cwa0xUMWhhUkdtQzJZUTZZQkdQNEpNSEpOdnVhdmJjdXhITnNONmJOSm5FVGdCWHV6OVZsWlhGWlB0MnJCT2xTMFAycWtDeUpvZzJDZElrR3hpVUZCVDQwODlXZUNRcl9HOXNmS3h5eFNDN1dlLUczSEROOG1RbEpwckVNMXkzc3pwcnpmZXM5U1FyOGFIdzFEb1k4NEszUmw1R3JXaS1mQ1U,More,13 hours ago,2026-08-19T20:09:07,Phishing,"https://encrypted-tbn3.gstatic.com/faviconV2?url=https://vtdigger.org&client=NEWS_360&size=96&type=FAVICON&fallback_opts=TYPE,SIZE,URL",2026-08-20T09:24:14.330784
South Korean progressives' 'Park Chung-hee' coalition in the AI era,https://news.google.com/read/CBMinAFBVV95cUxOVUlibDlYdnN3UWV1cnlCUEFEY1pXVzNVdlZKWjZhLUhrVGJXcWY5ckNTLTNFSmt3SENsUV9QbnNRTnhRc3lXSlljWXNXbUJwMzFJRFJ6WlE0UEpoZUNSYkxnUHFpUkUxZWI2REh0VGt4TVg3ZmVqN0pHbjEyT0hzYmVFbmFoXzFVQ05BRTUxQU5DYnJXUWN5cklwQm0,More,13 hours ago,2026-08-19T20:05:00,Nikkei Fresh,"https://encrypted-tbn2.gstatic.com/faviconV2?url=https://asia.nikkei.com&client=NEWS_360&size=96&type=FAVICON&fallback_opts=TYPE,SIZE,URL",2026-08-20T09:24:14.330787
Gwyneth Paltrow allegedly set to throw dinner in honor of Sam Altman,https://news.google.com/read/CBMipgFBVV95cUxObE93ZVZCeFdEbzNUZE1SamxRX2hrV0tWemVFSlRVWWItQ3JXdlRZMEUwbnpTYlBoTkZucVZsUEJpY3NUX2w0T1ZxdU5ubFhud1JMb2p1dFNXY0dQNC1zeWk5Ni1nMElqSENuQkRkdjJ0bE5sZ2ktVlNtMzVnTjgzeUVOWllUR3hkXy1KWWhXTlZTVHFkSzNuY3ZWMVRPS1BXNTNWdFpR,More,13 hours ago,2026-08-19T20:04:12,TechCrunch Fresh,"https://encrypted-tbn1.gstatic.com/faviconV2?url=https://techcrunch.com&client=NEWS_360&size=96&type=FAVICON&fallback_opts=TYPE,SIZE,URL",2026-08-20T09:24:14.330789
"IBM’s 2026 Data Breach Report: Houston, We Have A Problem",https://news.google.com/read/CBMikAFBVV95cUxNUXZUWlJkaXVxNldYVjRSMXowQ0xFTWw2SXcwdVppbUFsR05qWVFIejc3eXNoMkRSWnVxaVdtS0RjcC1DVVZtN0FxLTJMNHlzMEdpS3IxSUhUMW5DcmMxbW5SUkl6VF8wZnFaM2Ytd1gzR3AzNE1CR3J3djQxNlE5Y2M0X0N0Z0xJN21ZTEtYYXU,More,13 hours ago,2026-08-19T20:01:00,Data Breach,"https://encrypted-tbn2.gstatic.com/faviconV2?url=https://abovethelaw.com&client=NEWS_360&size=96&type=FAVICON&fallback_opts=TYPE,SIZE,URL",2026-08-20T09:24:14.330791
Elon Musk Calls For Derek Chauvin’s Freedom—After Initially Condemning George Floyd’s Killing,https://news.google.com/read/CBMinwFBVV95cUxOajlPal9HNEZzRW9TQUJ3QnNERWVaQzBmVUJxUjJEcG00am5EaDh4Zk1fNzJIZTZJc3AwNlZDVHNYZXlOcmgwa2NfNk5pZGJtRXhfLTNHZHp5U2o1OWpEQXc4WUpIT2dBcFE1TzVFemJBYTVGbVZNLVl3bmQ3VUtoSVdyUlpqMEhrTGd2VnJMdzEzcHNWRUxENDF6aEszMVk,More,13 hours ago,2026-08-19T20:00:22,Forbes Cyber,"https://encrypted-tbn2.gstatic.com/faviconV2?url=https://www.forbes.com&client=NEWS_360&size=96&type=FAVICON&fallback_opts=TYPE,SIZE,URL",2026-08-20T09:24:14.330794
SvelteKit 3 puts heat on Next.js with radical approach to RPCs,https://news.google.com/read/CBMitgFBVV95cUxQcTZLbFhiUFV4NE4zS1J1aXBYQUN1ZGJELWRkLVRPT3BFa2s3S0oxcjlDV1ZBQkFsa1BZd2lCbVlmNTJHZEk4Y2p4X1UtMjVjTUFWRThFaE11clVWcVcxeWZtX21iOGZrVVBnaW9FLWIxem1pOGNkTmlNM0h5SG9yU0tJR0xXa3Z6Yk42OWUzRzBoMUpiemdNWTF1U3RKdjdNR1RpdUtGa24xcTZhNnZ2dWlVcU9WUQ,More,13 hours ago,2026-08-19T20:00:03,Register Fresh,"https://encrypted-tbn1.gstatic.com/faviconV2?url=https://www.theregister.com&client=NEWS_360&size=96&type=FAVICON&fallback_opts=TYPE,SIZE,URL",2026-08-20T09:24:14.330797
Microsoft Fixes Critical Copilot Flaw Which Enabled One-Click Data Theft,https://news.google.com/read/CBMikgFBVV95cUxOcWVaT1dvc1F5RjkzNVg5bDVPVXBYZnVSRG1NbEtHOC1RU3dlaEJnc0VrS1F3THdmQThVLVQ0amlFS0VpekZNYTVDTXdkbmQ0d3EyOHBkeDNjckpyQVFZR0cyLVFHZHdjbmJMNGFhVERsbk5vSVFHeTMtdENGajFfLW55NTdZQ2NhcWtnYl9nbmVyUQ,More,13 hours ago,2026-08-19T20:00:01,Microsoft Security,"https://encrypted-tbn2.gstatic.com/faviconV2?url=https://www.linkedin.com&client=NEWS_360&size=96&type=FAVICON&fallback_opts=TYPE,SIZE,URL",2026-08-20T09:24:14.330799
Digital infrastructure in South Asia: China’s role and the potential for Australia–India cooperation,https://news.google.com/read/CBMid0FVX3lxTE1EYUhXelY3RHlISFB1TmNBR0RhbjAwam5wb0ZZOTRpUkN2ZkRiZHlaYkxSWEhLdVhWMTZxcXlsaUNrcTJmU3ViQ3paSFBNQjNpVFBrRHlaWU95ZEFfUHlkWF9XXzBLNE8xX09IdVRXaVRSM3N6OVBB,More,13 hours ago,2026-08-19T20:00:00,ASPI,"https://encrypted-tbn0.gstatic.com/faviconV2?url=https://www.aspi.org.au&client=NEWS_360&size=96&type=FAVICON&fallback_opts=TYPE,SIZE,URL",2026-08-20T09:24:14.330802
Senators Push Bill QED-C Says Will Shield Power Grid From Quantum Hacking,https://news.google.com/read/CBMieEFVX3lxTE9jdVd6bXJKY1FuUm5IeGZRNzlaY0JJdm1TelVURU4wTlV3bkhRYlF3V2RyeDJ2djl0bGVqdTQ0OFdNc3dyVDhMa0xkYlZXdjg0cTZMLW9CcWhQREplV1ZrZ3NEdzNLYkF5bXB1a3hfLTg5WFhKYVFOSg,More,13 hours ago,2026-08-19T19:57:25,Energy Security,"https://encrypted-tbn0.gstatic.com/faviconV2?url=https://quantumzeitgeist.com&client=NEWS_360&size=96&type=FAVICON&fallback_opts=TYPE,SIZE,URL",2026-08-20T09:24:14.330805
'Charred' body found in vineyard in southern France identified as influencer Sonia Bellina,https://news.google.com/read/CBMivwFBVV95cUxOM3lPcGJSb0Y4THYyWHE0SjF2Z0Z2WkI2UWZpR3BaSGxQM1k4YzVTLXJOQ3FFVmViemxZQU5FamE0ZlJ2ZUZidnlKQ0lVT1RLVGZqQnRTYXRUOGx2UTQ4WG1UY1R6RFhQcHh1ckpkNUFoZm1aZVlSWm1Lb1ZIOUZNbTUtcjhlQlZVSkZmc2hTblNrZnZXWUtNSU5LcVdvVXVwcHBRLW9hZjJWTTFWV0g5WTBVRl9IdHR1OGFVN0Q5NA,More,13 hours ago,2026-08-19T19:40:37,Euronews Fresh,"https://encrypted-tbn3.gstatic.com/faviconV2?url=https://www.euronews.com&client=NEWS_360&size=96&type=FAVICON&fallback_opts=TYPE,SIZE,URL",2026-08-20T09:24:14.330807
Why the world’s richest country can’t defend vital infrastructure,https://news.google.com/read/CBMitAFBVV95cUxNelNNdU5YNzdqSHdrWDZjekpzc1VwbHpzaFBBWkRDaHlEU1R0cnNLNHM0QjQtcTQ3TWZuakRtZlBZbnpmYXhibGlsRVRaeFYyWG1OWFRYM0VqdFhUYUFHYWhRbks4aG9IMDhWejBlT2lRdG91RVMxbWZoVktMaTBOZGV4amU5VDgzbUVlRUNpYjFqdklDYjBCMkJXcnk1YUd2ZS1VMHJZS0FPNzg4TnNKZmVXQ2E,More,13 hours ago,2026-08-19T19:36:46,Critical Infrastructure,"https://encrypted-tbn2.gstatic.com/faviconV2?url=https://www.economist.com&client=NEWS_360&size=96&type=FAVICON&fallback_opts=TYPE,SIZE,URL",2026-08-20T09:24:14.330810
Pharma in hackers' crosshairs as Amgen breach moves to courts,https://news.google.com/read/CBMiqAFBVV95cUxNMW9JWEV2SER4TVdfR2RiQ201Mk1oaDhTNUNab3BOaTJ3bkdRUGhvdlE4VThZN0VuMkFpUzN2ZE1ONEpYZmpuSHp3OXd6WE9Tc1dsOW5fRUVLd0hCckNuLWI4STlRSTFMSm1mUWFjVFRnVDBjOWRxbHR6V3ZxZHpFSlJIYkdZbUtZVkpPVFZJTnRhSzhKWEtxVDg5NXlZbEVRTVEyUGdyNXA,More,13 hours ago,2026-08-19T19:36:37,Hackers,"https://encrypted-tbn1.gstatic.com/faviconV2?url=https://www.thepharmaletter.com&client=NEWS_360&size=96&type=FAVICON&fallback_opts=TYPE,SIZE,URL",2026-08-20T09:24:14.330812
CBC's Aarti Pole talks to Peter Donolo,https://news.google.com/read/CBMiWkFVX3lxTE5JemJBeEE5cXctMEFlcS1oUzZoZFJmN0s2VklSR25qTlZITExOWkdadzV5a3BkckNGYVBZeHJmdkJJcEtpeE43ekNyeHpsZ0h1b0pVR1BUZVlqUQ,More,13 hours ago,2026-08-19T19:35:03,CBC Canada Fresh,"https://encrypted-tbn1.gstatic.com/faviconV2?url=https://www.cbc.ca&client=NEWS_360&size=96&type=FAVICON&fallback_opts=TYPE,SIZE,URL",2026-08-20T09:24:14.330815
"IQST - IQSTEL Reports 1H 2026 Revenue of $207 Million, Up 59% Year-Over-Year, as Stockholders' Equity Reaches $17.2 Million",https://news.google.com/read/CBMijAFBVV95cUxOM3QwcG1aQm1tcVhyRHJPbDJ0SWZpQlh4QlNRNzhRbDJqcFFBVjc2OVl0S25RT092TXFYc3VBNDVXek9WN1JFTDRtMllOTjd5Q3FvdzBUdXcxTnJFa3ctRngxeTV6alY5X2gwRkRTMEdTM1dWZkg1ZGlIMFF3OFdOS08tSjJiRURIN1hqcQ,More,13 hours ago,2026-08-19T19:34:27,Telecom Security,"https://encrypted-tbn2.gstatic.com/faviconV2?url=https://www.ey.com&client=NEWS_360&size=96&type=FAVICON&fallback_opts=TYPE,SIZE,URL",2026-08-20T09:24:14.330817
"TopHat Security, Inc. Announces Series A Financing Led by Landolt Securities to Accelerate OT and AI Infrastructure Security",https://news.google.com/read/CBMiugFBVV95cUxNRVR1R3lKbTdLNm1aS0tLM2lsOWlXLVNhUk1GOGN6T3NVMjhXeEF6RHdMSGFCUC1LcGk1cTk5XzVLSW9SUkNMYUUtYXVFVFZlVDhHZWM4aGVibzc2Rmg3SmRrdkFtNURYX09XbjZUdXRVY3pLblNKOWwtNnRvX1IwcGQ3aTVLMkpfZUJwTW5tei1FRERIWHF1ZUZCU3k4dVBfTHcwdHEwdzBGTTNTOWMwYk9SQ1RaNkphQVHSAb8BQVVfeXFMTUlCdE10M0Z6THpQQ3ZyeDJUOWRQanpLWlJLZWdURkg2RGNwV0FUdUZKZGg5cjlLbHZoRDJhcEhLcUhzb2luTXV3REh1V0NlanlkdzFMdkJuUlJvOHFTRW1tSk9UTWFuNXZTNVE2VVRzd2szR21tX3lPdkdKZ2pTWUJmcEdsZkpGdEdTeWJkMUdmTjJXSy03TkRILXY0elNTRGo2Z2dCWEpYU0tocUxLc255ZWVsZXR0Z2gzNkZRZE0,More,13 hours ago,2026-08-19T19:27:43,Supply Chain,"https://encrypted-tbn0.gstatic.com/faviconV2?url=https://cybersecuritynews.com&client=NEWS_360&size=96&type=FAVICON&fallback_opts=TYPE,SIZE,URL",2026-08-20T09:24:14.330819
"Edge series - Avantra: Edge enterprise IT, just as on-premises pretends to go away",https://news.google.com/read/CBMinAFBVV95cUxQMmpFZWdGdDNZQXlmNVVVMW14OE5LMnNsdHBoVDFTRWRkMkw4WU5iMUtpUmJGWnVTT3k0WUV4emtjNHFmazFzcERQaVpnSjdpNnFnY1VHNDZUWUR6d21laE8xNHhJcU15cV9nV0JpMC02TmY5SHRDeG9kMFVwaWRHU0Nua25GRWstaWIwdzRyY3VfVlFFOGc2T3gtSzI,More,13 hours ago,2026-08-19T19:25:35,Computer Weekly,"https://encrypted-tbn3.gstatic.com/faviconV2?url=https://www.computerweekly.com&client=NEWS_360&size=96&type=FAVICON&fallback_opts=TYPE,SIZE,URL",2026-08-20T09:24:14.330822
Katherine Thompson discusses the Trump administration’s planned sanctions on Iran and stalled negotiations between Washington and Tehran on NewsNation’s Morning in America,https://news.google.com/read/CBMiV0FVX3lxTE9EOVkwS3F1TU1TaXBlZnNWb0Z1a0JnbDZFQVBfZTZYajlteDBXalNHY3MxSWw1aThnY1k0Y2F2RjRFQU1DMFhQdWFURUFiTGZSU1lNRGRUbw,More,14 hours ago,2026-08-19T19:21:31,Sanctions,"https://encrypted-tbn0.gstatic.com/faviconV2?url=https://news.un.org&client=NEWS_360&size=96&type=FAVICON&fallback_opts=TYPE,SIZE,URL",2026-08-20T09:24:14.330836
Six chained bugs let a hacker crater Maya Protocol's CACAO token by 89 percent,https://news.google.com/read/CBMiqAFBVV95cUxPNlZ3ZXlQdDR4OV9LcmJULU5mR0lQTzJONUx5S1VjVGxqVzNCSUlCZzBYcVhOVTZfTGI1TmtLbGdrQmJHUU5PM3BGVGxXUHBSVXl1R3AwN0h3NXY0NGdUUktyR21KRllGTjFYNmR3NDJjSnlhaXFTd0NuMTJoTm5zZ2xvSVpvNV9pWUJRd0ota0hnR25yNC0tdDdoWm16WUZZblkwYWJZRF8,More,14 hours ago,2026-08-19T19:19:55,Phishing,"https://encrypted-tbn0.gstatic.com/faviconV2?url=https://startupfortune.com&client=NEWS_360&size=96&type=FAVICON&fallback_opts=TYPE,SIZE,URL",2026-08-20T09:24:14.330838
AI is changing both sides of cybersecurity. Here is what workers need to know,https://news.google.com/read/CBMilgFBVV95cUxNR2VpaDNYaVRwWUxpRl9uand6cTlnVXlIcHU3Q1BYRU9mU2tKYkpiSWw3M0lVZFR0a0ZqU09EUEt2d0ZvVkd3U1YydzJvVnZ4eGh2b00tYVRic1p6QWM1S2xobmptTDFLZXg0RmdqWjlNVVFRSnlUZTJJU3pZZlVmQTN5MmdCeTk4MmI5Tmw2NmZCVlh6Z2c,More,14 hours ago,2026-08-19T19:15:19,Cybersecurity,"https://encrypted-tbn1.gstatic.com/faviconV2?url=https://www.dallasnews.com&client=NEWS_360&size=96&type=FAVICON&fallback_opts=TYPE,SIZE,URL",2026-08-20T09:24:14.330841
New cybersecurity degree prepares Aggies for advanced cyber attacks,https://news.google.com/read/CBMiugFBVV95cUxOLXBTSGJvSmd4Nnp4WlFOTHlURm1DS1BncW84Umo4NmwwX2poUjlNellwajAxSTJxazlhUjVlZDY3NlFneEhvQnlTaE1weF8yT0lYMVIxeGFlUXlhbERmWG1Sdm1tTmJnU2oxLS0wNThCSno5RDJYZlA3N2ZpT0xqbjUwV3Vqc3dkSmZoVkg5TDZITFU2R09weC1qMXkzOVlGM2xZR0pMMDhOVVRVal9BYUdIZ0ZJdTlEbmc,More,14 hours ago,2026-08-19T19:10:45,Cyber,"https://encrypted-tbn3.gstatic.com/faviconV2?url=https://news.engineering.tamu.edu&client=NEWS_360&size=96&type=FAVICON&fallback_opts=TYPE,SIZE,URL",2026-08-20T09:24:14.330844
ICC condemns US sanctions as ‘flagrant attack’ on court’s independence,https://news.google.com/read/CBMirAFBVV95cUxQX1R5UFM3SWwyb1ZBd3dTeFFMS3V5bTRMRmxmMVROUmROWk9KaDdHeE9vOFU2bTk2WEFPLUJfYy1nZTQtS0doYUpsZHRKMUNkWmFEalVJajRRTldlVjRFUnZWQXpESktQcW1VMmRDclRSeFc5WUdoM0xreFpTZk9UdS1IcngxWmVraTlVY01obTBNejRPdURIOUZueGFCTm44Mm1xZ0NnSktzYmM50gGyAUFVX3lxTE9hemtlOXpzbUhNRkFtcm1idFdnSjZYSWE0SzBQaU9DS2owcUZZRzIzWWNuSUo4bFVGSmtKTnpDSjB3ZXhCNmI2ZlE4VmlXZEU2ZEJxNm9HS3RwMHVMb0FCN1Z3a3FBSGFaWmxQTm5wTU83aFFVc2lsai1Da1R0ZWprMlVaNGR0YUpkdHgxNE9HR2VkZkE0aXRYek0xZ2dsS1dZQ2JtNlJQV2lGMXN2SlZtRnc,More,14 hours ago,2026-08-19T19:06:13,Al Jazeera Fresh,"https://encrypted-tbn0.gstatic.com/faviconV2?url=https://www.aljazeera.com&client=NEWS_360&size=96&type=FAVICON&fallback_opts=TYPE,SIZE,URL",2026-08-20T09:24:14.330847
Managed Instability: Iran–Ukraine War System 2031,https://news.google.com/read/CBMiigFBVV95cUxNalBfLW9MWWJoTVNNQ1J2Y25rblJwU1hmajJQLVpKODFybFIzcXprUlE5a2hvaUVDRE85OHIyQWFZaHhnMHpFMU54ZTRtT29xei1kS1JrWVpMc1ZTMC1fNHppcXBxMjVjcVBpZ3djM0ZVZkNEM0ZuVXhHeXZQTkRSZjYzdzRNLW1icHc,More,14 hours ago,2026-08-19T19:05:44,Ukraine Conflict,"https://encrypted-tbn0.gstatic.com/faviconV2?url=https://debuglies.com&client=NEWS_360&size=96&type=FAVICON&fallback_opts=TYPE,SIZE,URL",2026-08-20T09:24:14.330849
CVE-2026-15748: Forminator File Upload Flaw,https://news.google.com/read/CBMiX0FVX3lxTE95dFhzeDlRZ3ZvU0UxSkxIYUJiLTJNdEpuWkV6TE5YVVBJS3JXeEZwNDY1cmItY2ZFbmhlSWxJc01JRjViRUh3MUJKMWxJN0hZSUJkVFFza2c2TG5UblJV,More,14 hours ago,2026-08-19T19:04:40,Vulnerabilities,"https://encrypted-tbn3.gstatic.com/faviconV2?url=https://socprime.com&client=NEWS_360&size=96&type=FAVICON&fallback_opts=TYPE,SIZE,URL",2026-08-20T09:24:14.330852
New cybersecurity committee follows years of attacks without preventive requirements,https://news.google.com/read/CBMiZEFVX3lxTFBNdGdPX0tjUnU2Y0R0NXlhaGNRNnItQ2JobHdBMnVhNFlZTFJCaWRaN1NJMTBMT3oxVFJNbnU3b2FYMzNUam9DZnpqd2M0U183VVBRMmlIUGVMdDhNVTZ6b2taVDk,More,14 hours ago,2026-08-19T19:00:14,Russia Cyber,"https://encrypted-tbn3.gstatic.com/faviconV2?url=https://msindy.org&client=NEWS_360&size=96&type=FAVICON&fallback_opts=TYPE,SIZE,URL",2026-08-20T09:24:14.330854
Analysis: How Zhu Rongji changed China's political history,https://news.google.com/read/CBMisAFBVV95cUxPc0tUMVVSb2QzTkMxU3NfQkhCUVF2QnQ0c2lYdFR5RzhvWkY4ckppYlp4UklFRUktV2gxSlBHYXZFdDVLVUhKZzhoZUZXb3VQTTNPWmp0akI0Sm1Qa3VOZThhUFBmQWlsVGZsSjJYaFRyZGd1TmtUVGJmVzBNREs0Ukh5dDNOYVU4ZFhvcDA2RzBWWnBiVFVWWlZKOEd4cjk0WHd4d0RVOURNTHlpS0xqZQ,More,14 hours ago,2026-08-19T19:00:00,Nikkei Fresh,"https://encrypted-tbn2.gstatic.com/faviconV2?url=https://asia.nikkei.com&client=NEWS_360&size=96&type=FAVICON&fallback_opts=TYPE,SIZE,URL",2026-08-20T09:24:14.330857
So About That Iranian Cyberattack on Our Water Supply,https://news.google.com/read/CBMikwFBVV95cUxQNGdLTk9uYzJqVlZEZlZqSzlBZS1ZS3gxVG1iM29jREJrM1hnLUFDMjVuSFNLTVhlcmdMVHF0bzJLMmc0Z2RjYWZLZ2NLcjhrbGpqQm8ydXhKdnhPYjkybUp0TmNzeHRMMzh2RVFWOUszSXAyVjgwcFpmVHBOYU5KYWhPeHBBN2trTzNkODNVRFZ6cXc,More,14 hours ago,2026-08-19T18:58:00,Iran Cyber,"https://encrypted-tbn3.gstatic.com/faviconV2?url=https://slate.com&client=NEWS_360&size=96&type=FAVICON&fallback_opts=TYPE,SIZE,URL",2026-08-20T09:24:14.330860
At least 100 dead in gold mine collapse in Central African Republic,https://news.google.com/read/CBMiqwFBVV95cUxQVjEzWnhja2ZjeUlxWEFyc09uWGpEbTlhMDdsRWY2eU1YZFlFdzBodWFPdDAxZlJFc0VQdWtXTEVnV0hXY0hlTUFZTy1RN18xUnlVc01ZMmUxNDhma3Ezemw1cUQ5aFFXZ1Q0MjRfNW43U2tJQ1RfaEsxT2JRZ3N3SGg5QUFNdHpaSFRSVTFwU21NU2pWTTd0dzJOR1JudUZMa3Qxd3hOdndpS03SAbABQVVfeXFMTVdjMFlYWURWMUZCbzV0LVdTVk9zQjV1NC1IMUU5SHY2RjVjcHFiR2FVZXVUcnBCUk1WZENnWlRzV3AzTU4zRjJWMjEtaUJRMUlHSS1NWWlpM1lLMmRhc3NKc2hHYk83SmRUOFpuNFhlTG5mOGRxMWRFZU1mcnd5ZEJLd3VRMXpOZ0hqNVJ5X0xBN3MtRmQ4M29zV083UTBaZUg1Y1l6dUN6b2FlVlhabmI,More,14 hours ago,2026-08-19T18:56:08,Al Jazeera Fresh,"https://encrypted-tbn0.gstatic.com/faviconV2?url=https://www.aljazeera.com&client=NEWS_360&size=96&type=FAVICON&fallback_opts=TYPE,SIZE,URL",2026-08-20T09:24:14.330862
Scam payments lead to an Australian business and its Israeli owner,https://news.google.com/read/CBMinwFBVV95cUxPeERaUUJ1RlhFOWhwbkQtNVg2YU9keFhleHJnU3lFRUFsd211Y2JsWnlCT25lNE1vQ0Q2SU5wZTRCRDBtdnBoVmMwQVpOanBJTWdqQWRBSDJwQTFQY3NwTXVydjRPYXFCcUhEOVpkZ3d1dXVJaHdmU3U4d1ZJcW9GTkF2bW5HU3BYMjEzQlk1TzBrU0VQb2x5Q2JaYXAtRFU,More,14 hours ago,2026-08-19T18:53:48,ABC Australia Fresh,"https://encrypted-tbn1.gstatic.com/faviconV2?url=https://www.abc.net.au&client=NEWS_360&size=96&type=FAVICON&fallback_opts=TYPE,SIZE,URL",2026-08-20T09:24:14.330865
Study: Culture Is the Main Reason Most Pastors Consider Leaving Ministry,https://news.google.com/read/CBMipgFBVV95cUxNbEd3WllXd2NITGJzMjRNR3M5Nk9TTVV6QmRLakFRTTNQQUhVQWszNl9NS1RrNk1sc2lKYW0xZ1NmZWRETW1nWXl2cTh0V05RZHMxam5KUDF3bENPcmktSDYxRVZlV2NyQlhiMnJWUFlRcE53dUNNdWV2TFZmWm9MMDJiUk51YWtiSFU0TlpreHBnNVZLUDNlLVBrek5zd3lxQmZkNnJn,More,14 hours ago,2026-08-19T18:53:39,Lazarus,"https://encrypted-tbn0.gstatic.com/faviconV2?url=https://churchleaders.com&client=NEWS_360&size=96&type=FAVICON&fallback_opts=TYPE,SIZE,URL",2026-08-20T09:24:14.330867
"AI-fueled attacks pose ‘active threat’ to water, other sectors, U.S. agencies warn",https://news.google.com/read/CBMiigFBVV95cUxQMVFQbU5QcmFJa3RuOGV4ekFYalV6emgzaGs3SGhtZ0NLbWh4bnIyMWVlcVh0WGpUbklUb2QtTG1QSTVfRjRZcWNJNkVWa3RySFkyUm1WVU9yd3RkUmc5QnBtZHR0bEY4SE8waWxITFRsZnM1dGw0QU5jWElabnZQNVQ0dHdXc3gxQXc,More,14 hours ago,2026-08-19T18:50:55,CyberScoop,"https://encrypted-tbn2.gstatic.com/faviconV2?url=https://cyberscoop.com&client=NEWS_360&size=96&type=FAVICON&fallback_opts=TYPE,SIZE,URL",2026-08-20T09:24:14.330870
How Wide A Year Are Cisco Holders Actually Signed Up For?,https://news.google.com/read/CBMiuAFBVV95cUxPVUVjRkhsMzFZRDdvX2h1OF9jQTg4bjBDaDRKMV9JTjVybnpIaEFaZi1NUnJDQU94UU80Vmd6TzB6eDBsVjE1bk81eWlfNEl3SEl1d1pLdGlENThXR2VEVkFRaWJzWjY1LUdMdDg5enV2aXB6ZW5jcVhPNGw4dlZ0aHZoMVpVS2Z6RDQ5aFhmQ1dfOUt2cXpseG5CMm1xTEJWc1NBdHRUT3F5RUdmLWd5UzAySVpESHdD,More,14 hours ago,2026-08-19T18:50:07,Network Security,"https://encrypted-tbn1.gstatic.com/faviconV2?url=https://www.trefis.com&client=NEWS_360&size=96&type=FAVICON&fallback_opts=TYPE,SIZE,URL",2026-08-20T09:24:14.330872
"​Vote of trust: On Trump’s appreciation, clean electoral rolls in India",https://news.google.com/read/CBMiygFBVV95cUxPdjhTMjJXcTVzT05TTjdwZVZ2dVgxTjJJVXVHYjhoaFZPNVAxUXN1cTVVR2N2N0xvajNkSVotYzhoTkQ3Y3ZRdzhRQ0RyUDNEQ3ZYMXZWUWZqSDRBWWlUbXlDSVlwcUxfZGRlaGQ2d2kwZTN5cGMyTnVQaExmYWFGcm96VzdOa2JuWjcwWjJlRG1TTnBXUHZ6b0xTcDJvQ19WRjN6czRTQkhuVlBTbkJSMFpfcEU2R25uNWdUN1hMWHFNMmdUNkZ5SEpB0gHQAUFVX3lxTFBIc2R5czlUVmdGbGRlYUhOUXJEWV9vT0VLVTNTaHEtQUZ3dDMzeDZRNHJnLWJ2cy1OVEhULTJ6Q1lDZTVvOENYWnVEYzBxYklpT2pWTEpBN1g3bF9mZHA5VlNHOHR0VU5uQVFMd3FnTnFuejBqV3NPZlpudzNKU3JnRHpLQUVsU0NpZmhpdkhCVVhHVmpLVm1LS3hGT3JKalEzM2o4Y1dEWVVRR3p2TVdMa29vbkJwZ0ptUWljd0phN1ZfV092b3pqdWZ1ZEpWc1I,More,14 hours ago,2026-08-19T18:50:00,The Hindu Fresh,"https://encrypted-tbn2.gstatic.com/faviconV2?url=https://www.thehindu.com&client=NEWS_360&size=96&type=FAVICON&fallback_opts=TYPE,SIZE,URL",2026-08-20T09:24:14.330875
"Korean Peninsula Update, August 19, 2026",https://news.google.com/read/CBMiekFVX3lxTE91ekRsTzBwZVhyaFZfZ0JtS1VmMTM2V2NYd0JzMEhmVV9zaVhsWmZjbjdob1JJV2VtZXJSSjRpSl9POW5KeG1kX2pqUzdpdUxBbDNhWE9ocVVqWnBIb0xxazFRam8zdk52a3BKd191UHoxWHhLNzQyay1B,More,14 hours ago,2026-08-19T18:48:01,DPRK Cyber,"https://encrypted-tbn2.gstatic.com/faviconV2?url=https://www.aei.org&client=NEWS_360&size=96&type=FAVICON&fallback_opts=TYPE,SIZE,URL",2026-08-20T09:24:14.330877
Researchers say OpenAI revoked their access to limited cyber program,https://news.google.com/read/CBMiswFBVV95cUxNcnJGTEVFR2dnUmRnLXpKblhsamg5Q0ZMbm1DdzV4RTZ0WHlmNVhQXy03SzFKb3ZJekJ3YXhmd0pOY3QzT3duTWZ1NGZjS1ZvcTdXZmxTTy1YM0FmUGlLekphYTVITHh2ajFqWXkwbHZKenU2Vnp1N085bzYzcTE0Q3NLWmU3anpPVWlIS0JrYnN5MjNhdWs5NGtVZmhaY2MtTExLeXdjU2J0OVBabDhzTVJKWQ,More,14 hours ago,2026-08-19T18:46:14,TechCrunch Security,"https://encrypted-tbn1.gstatic.com/faviconV2?url=https://techcrunch.com&client=NEWS_360&size=96&type=FAVICON&fallback_opts=TYPE,SIZE,URL",2026-08-20T09:24:14.330880
US warns Siemens devices can be hacked amid fears Iran is breaching water plants,https://news.google.com/read/CBMirAFBVV95cUxPaEg1SXZ1VWU2ZVJJMHNqZDIxcDNzYUl4UUFEeUtaakxWeU9EWW5BOVJoQ3FjMWRWaUJhVnNYSVBUZEZqQmJZRjd6WDZWNGFlekd5bkZ1c0tkQXIxQlgzRkh5a1FaRVNnSVJiTEtJSlZWenRzM0JMS19TQmFITVZ0dGI2VEFJd2ZOQlN3c0hUM3FvVWpkNXNoLU5Va0Nsdnk4UXlnUWJvZjZJcGxL,More,14 hours ago,2026-08-19T18:46:10,Reuters Cyber,"https://encrypted-tbn2.gstatic.com/faviconV2?url=https://www.reuters.com&client=NEWS_360&size=96&type=FAVICON&fallback_opts=TYPE,SIZE,URL",2026-08-20T09:24:14.330883
Joro spider 2026 map: is the giant 'flying' spider coming to your yard this month?,https://news.google.com/read/CBMi0gFBVV95cUxPR3FiVFNSOGQ3N3lVdnV2N0FWQkYwVmpsSC1Qc0pSbGkydU8yQjZnejh4UE1hZ2tUSXQ3UWZnVV82U2V4bDE3Nm9yRFEwd256VndINVdJYXJaY3JWSkVORlp6R2V4VnlSR1N3ODdEd2tieDJHMVFXSlVUc2wtNWoySl9EZGpLR3dyRlR5NXJoRnJsNEQ4SjUyQWE4V1VPb0Z6TGlKTm4wUzI5WFdTMjc0RkR5X3h2SUxPN3phRmEteWFsRzh0X2xHWEJKSU51UFZYUXc,More,14 hours ago,2026-08-19T18:45:37,Scattered Spider,"https://encrypted-tbn1.gstatic.com/faviconV2?url=https://creators.yahoo.com&client=NEWS_360&size=96&type=FAVICON&fallback_opts=TYPE,SIZE,URL",2026-08-20T09:24:14.330885
FBI: Hackers Are Targeting US Industrial and Water Systems With Help of AI,https://news.google.com/read/CBMirwFBVV95cUxNOUUxNzVVU3Q0bTY4QnBJOHJpU2NMbUNiSG1neWlJdFFKYzNQb1VlWGRBUDYtajRZdTNMWEdrcTZGWjBtbGNHaExmQUs1WEs0a3BEYjduLWx2RmRXX192V2drYW1xMk1zSnRHVU8ydVBTTzJsMU5SRk05bGpmYk81QkVQQmQyMWY0My1BemxmdzZTWnFUbWI0dWJaMVBhVm5vNV9MX2gtZWFGN2FrYVhF,More,14 hours ago,2026-08-19T18:45:20,State-Sponsored Cyber,"https://encrypted-tbn0.gstatic.com/faviconV2?url=https://au.pcmag.com&client=NEWS_360&size=96&type=FAVICON&fallback_opts=TYPE,SIZE,URL",2026-08-20T09:24:14.330888
GitLab Patches Critical CVE-2026-19478 GraphQL Vulnerability,https://news.google.com/read/CBMiowFBVV95cUxNRHJqMG9vbnU2MkNTdnRpZTFLTzJpNUlsNGJycU10TGdiNlBJeTRDTVVHM1JJUGU2VDU1bF90ZGJrcXNvRF93YldRcFVTM1VocmJSNmRvX2lraEQyM19SS1I3Yks3UUMyZXdZaGFfaWV0TGx0STQzdDBtX0Y1OVlWdXkzQVVYTTgxdkN0cVg3SWo0YjlLbUZONGVDZU1FaTVIbFo0,More,14 hours ago,2026-08-19T18:43:33,Vulnerabilities,"https://encrypted-tbn3.gstatic.com/faviconV2?url=https://www.esecurityplanet.com&client=NEWS_360&size=96&type=FAVICON&fallback_opts=TYPE,SIZE,URL",2026-08-20T09:24:14.330890
Critical Citrix NetScaler Flaw Lets Remote Attackers Bypass Authentication Without Credentials,https://news.google.com/read/CBMiekFVX3lxTFB3YlZ3UWpNWExpSlBlZDAtZVBFazVHUmxmcVVNODdWaTR4YnVKVWV6UEptbnRwMTNkSjRmb0dMZXBoalduejU2MFVXYm56VTdDdVd1ZVZTZ0lzT2hyTGV5bzdpWThRYUZ5eXhsRDdoRVRKR3VvS0VmaXRR0gF_QVVfeXFMTzRYTGlscDZydDlEcGM5TlZaRGdDY1hFYWs2ck5DVVM5dkdBNVlCOXFWY1duUUZieFJLXzg1bFhQdXJobkZHTlVDazY5ejc3WmVPZkp5R1ZsVW5QRWZkLXFUenpia190VUIyT2dxbXRGRV9sQk9WQVB1bFU4Z2JsSQ,More,14 hours ago,2026-08-19T18:42:43,Vulnerabilities,"https://encrypted-tbn0.gstatic.com/faviconV2?url=https://cybersecuritynews.com&client=NEWS_360&size=96&type=FAVICON&fallback_opts=TYPE,SIZE,URL",2026-08-20T09:24:14.330893
Rock-solid evidence for the origins of birds,https://news.google.com/read/CBMipwFBVV95cUxPTk1pQV81LVk0VGJ1TFNHbzZjUU9CZVpSWTlSR2VCVjhQby0wRTVRVW1XUnkxUERpUEc3VDdHUTlxM2JxMkowdEx6Xy1oVDBvWHZyRk1mZ09aS0tFaktTcEl0ekhrSG1hMGZXeVA5OFgyWkFRQVkxOTBfX0tMdjFSdWt3d0VhWUJadXpzandNNjZIWmk2dkp1WFJfbXM2NklRYWdtRmROaw,More,14 hours ago,2026-08-19T18:36:17,Economist Fresh,"https://encrypted-tbn2.gstatic.com/faviconV2?url=https://www.economist.com&client=NEWS_360&size=96&type=FAVICON&fallback_opts=TYPE,SIZE,URL",2026-08-20T09:24:14.330896
"Meet Gregory Fenelon, the (self-declared) $14bn man",https://news.google.com/read/CBMicEFVX3lxTE52ZlNULTA5VldkWjRnUXdQdW53aHVNZTF3SHFQb3VNTFhlcUNvYkFYU0llQUtkbFhTS1I1MmdEUjRyU3FGZEVneEQzeFJPNE5ROXB5UWw5SXZJdjVvRmtNekpLdmFpS1N1Q1p3VnBydlM,More,14 hours ago,2026-08-19T18:34:53,FT Fresh,"https://encrypted-tbn2.gstatic.com/faviconV2?url=https://www.ft.com&client=NEWS_360&size=96&type=FAVICON&fallback_opts=TYPE,SIZE,URL",2026-08-20T09:24:14.330898
T-Mobile Sent Four People With Scissors to Stop Chinese Hackers – It Worked,https://news.google.com/read/CBMihgFBVV95cUxORG5fOWZLSHhkRy1OQ2Q5Z0pfUVVweEdmaDlCbFRXQUpyRE1pclowa2tQSnNYTktFODZMZHg1Ym1CTGFCR1BoUnRPN2VBNFpyUFp2X3ZwdGdKdHpvZ2t0a3poaHgzNWNNYjJuQXFWNzdKeUstLUV1Z1NrTE9uaWRaMDJiVnZ1Zw,More,14 hours ago,2026-08-19T18:34:11,Salt Typhoon,"https://encrypted-tbn1.gstatic.com/faviconV2?url=https://www.yahoo.com&client=NEWS_360&size=96&type=FAVICON&fallback_opts=TYPE,SIZE,URL",2026-08-20T09:24:14.330901
Federal Reserve officials express rising concern over persistently high US inflation,https://news.google.com/read/CBMihAFBVV95cUxPcENKUFV0YnZENWxIcVFhUHdFTzZYc1hxQlQwWktnMUl1LXhpc0dYMGFzM1RBRjFUVXFzZVVUVUVuVlF1T3JfNkRHOEUtREJldXhXeVF2WFQzbllkbkdJNzRGbHFjbXpDSWFpbkZxLUZrcS1jNmEtNXJBa0dQY2VLdzRvTzA,More,14 hours ago,2026-08-19T18:31:52,FT Cyber,"https://encrypted-tbn2.gstatic.com/faviconV2?url=https://www.ft.com&client=NEWS_360&size=96&type=FAVICON&fallback_opts=TYPE,SIZE,URL",2026-08-20T09:24:14.330903
Medusa ransomware group attacked more than 500 victims since 2021,https://news.google.com/read/CBMimgFBVV95cUxQNTBYYU93djNYZHRRdldjX2lIVVVBZVVLVTRueWVVcXRyRVRDRFpZT1Q0cXhVc2lINGVja3dmNER4NzVCY04xZ3JveVBnV3dzamZvdk94b0VXTHU3eHhMR0ZqaVZENHFJUmYtSVVfVjFvZkRUSE9udHh5RWRNQmJQdWRQMExPZDl0bFZibWN6QVlxMDFWRjdseGNR,More,14 hours ago,2026-08-19T18:31:36,Ransomware,"https://encrypted-tbn2.gstatic.com/faviconV2?url=https://www.scworld.com&client=NEWS_360&size=96&type=FAVICON&fallback_opts=TYPE,SIZE,URL",2026-08-20T09:24:14.330906
Ihsane review – Sidi Larbi Cherkaoui leads us from brutal tragedy to euphoric harmony,https://news.google.com/read/CBMiyAFBVV95cUxORnpMTmFUSHRoSWFuMk56UDlnRGNxMkJoaFFlRlRVaUlUWVVJWXpraUF5OEZ0d2FYck5yYjQ4cW9wN1NNVHBJS2tUSzBmRzFTS1VkMTVHUm1XQm5uQlhOM1RNZWtGVExmdW9RaE1wUkFqWTdRaVJuLWJrdVVnNnpsMERkdUZGMG5YeTVlWHE1LWVreHBGZ250bUxFdEZ3OGxmTldydTU4QjlBdklDTXJnZ0REeWpjVHM3UFNseWVZR0pGVE82SUVJVA,More,14 hours ago,2026-08-19T18:28:00,Guardian Fresh,"https://encrypted-tbn0.gstatic.com/faviconV2?url=https://www.theguardian.com&client=NEWS_360&size=96&type=FAVICON&fallback_opts=TYPE,SIZE,URL",2026-08-20T09:24:14.330909
US charges 17 Iranians in cyber-theft campaign targeting hundreds of universities worldwide,https://news.google.com/read/CBMizgFBVV95cUxQNUxrVEVUUDEzbVY4WllONGZEVjVvU2dEY3dCRjhubEhNRVo0N2J6M25RT0s2X3F1d2ZIU2txR0JDM1hQcEJlWUtHX210STJtN2JFUW04ejdNRnBvLUxTaHBEMVNzS2VtRFdHWnR4eDlIUzFxeHItazBtU05sQTR5dmZHTHZfbWZ3ek9QTXc1LUJfQkFDUVFxYy1ZMHlKV3l1VzdPc1laT1JIOGJVS25ZcTEtY1ZRenludFFYQmc4RFBneWhkUDdUX1lvcjBJZw,More,14 hours ago,2026-08-19T18:28:00,Iran Cyber,"https://encrypted-tbn3.gstatic.com/faviconV2?url=https://nypost.com&client=NEWS_360&size=96&type=FAVICON&fallback_opts=TYPE,SIZE,URL",2026-08-20T09:24:14.330911
Elastic Observability Labs,https://news.google.com/read/CBMiZEFVX3lxTFBSZGNDVTFkYVAxRnVLdnVSNEFOQ054Z0phNXU5c2Jkcld1b0JJVThFbVd4dFgzWjdacTJTS0I1RWEzaFFLTWh6YVZfeUZGNDZlaFE4enllYTBueUFCdnJ5MEhBZG8,More,14 hours ago,2026-08-19T18:27:32,Elastic Security Labs,"https://encrypted-tbn2.gstatic.com/faviconV2?url=https://www.elastic.co&client=NEWS_360&size=96&type=FAVICON&fallback_opts=TYPE,SIZE,URL",2026-08-20T09:24:14.330914
Tax hack: What we know about the cyberattacks on French government agencies,https://news.google.com/read/CBMimwFBVV95cUxQRmd3aWhJb21HT1hYRTV4X3RBRGRrZS1jdkZNZ0NaM2ZsTzJycXBQUHlXbEhlVmM1QUxqOVloV3A5bDEyMTFiNEVhN0NRWjZEVVE5VVo0bEt1N09Yd1oxMHFkN0JKbGZnR1hxSkRweW5HTlc3dmpuYUtQUFlBU1RZR1lMUnRsSDgtLWszZlFXUVJRUExuZWtTQndRYw,More,15 hours ago,2026-08-19T18:18:54,France24 Cyber,"https://encrypted-tbn2.gstatic.com/faviconV2?url=https://www.france24.com&client=NEWS_360&size=96&type=FAVICON&fallback_opts=TYPE,SIZE,URL",2026-08-20T09:24:14.330916
Electronic health record company CareCloud says 3.7 million people affected by breach,https://news.google.com/read/CBMihAFBVV95cUxNNVBWaE9tS2s2b2N0cGlRclJzOFkxTXdYVEdXVzZ4SzI1Q3g0N3F6dWhEcFBoZVQyelFjRFFPYVVKeVJCVEFTQWxZeDV4TWZqU3d2dS01ek9zTm52OTdudXl5UUppamxDdEZpYy1KSG9IUWJwdFR2Rkp4NEgtMm1OU1JzSDU,More,15 hours ago,2026-08-19T18:18:41,The Record,"https://encrypted-tbn0.gstatic.com/faviconV2?url=https://therecord.media&client=NEWS_360&size=96&type=FAVICON&fallback_opts=TYPE,SIZE,URL",2026-08-20T09:24:14.330919
ICE boss to agents: Leave the Meta spy glasses at home,https://news.google.com/read/CBMirgFBVV95cUxPRTZHR2NvYWZTcE9QQzhUajRLU2NELWpMeEp6Nkh2SE9YWmZUbFVWeHFWXzkyZmdvbUpvVWlhOXdJRkVLdHJRd0JFcXY2OFZ6VWFPQmRuWnliZGVzQUllUjdmRTI1SGJrUHU0WDJxbXF1S0tqWXJSR1c4YnlKSEFXZUZRVi00ZVlQQnppZG5XOUhJZW80bGtnWnlwYXgyNGdNcm5ucFgyTVhrNEFOWHc,More,15 hours ago,2026-08-19T18:16:46,The Register,"https://encrypted-tbn1.gstatic.com/faviconV2?url=https://www.theregister.com&client=NEWS_360&size=96&type=FAVICON&fallback_opts=TYPE,SIZE,URL",2026-08-20T09:24:14.330922
"Report calls for deterrence mechanisms, government participation in AI-biology security",https://news.google.com/read/CBMi2wFBVV95cUxNRDVMMnB2dU9kOHVlQXEzX3M0SjFDdWYyWUo2enFrWFpFSUJsQW1DUTZjX3k2Y1BzUW5QS0xRYUstSVd6TUZkMlFDLUhhNjNEZmZ6cUIxUWZOR3lrMmZnbkdPQWdJa081MUZLUUM3cFhid3JJVWs1VFlxQlBJNEZjSF94Ml83TFQ4MzFVYWpNMTFzZFJfVVZ4UFlaaUtaYVVYa25kdUtFRHE4bnJuMDZzRS1fYVd2QUY2MnBXQ1UtbDExMjNFOTdsTlRUZVJSd1NCUk9lLXdFaTU4TDA,More,15 hours ago,2026-08-19T18:15:00,AI Security,"https://encrypted-tbn2.gstatic.com/faviconV2?url=https://www.nextgov.com&client=NEWS_360&size=96&type=FAVICON&fallback_opts=TYPE,SIZE,URL",2026-08-20T09:24:14.330924
Israel’s Military Opens Rare Criminal Probes Into Attacks on Gaza Civilians,https://news.google.com/read/CBMivgFBVV95cUxNdnhtN2NlWjVmMWlvOWVZVl85WjUwYXZkaTJMZUFXaEY3eHVyUzNGdzJhOS1KYkpJSTRoQXpSYUlpQWtPOVdGWWU5cy1BMDR6SWJJMk5kdERmaUh2Wk1uU3ViS0xEVEt4NnVCMm9fWDR5RGJ4UDVoZXMwenlnZi1qZDJUcElvQVNTSFJwcmhyemtqeWE0VlMtM3ExdjVnTDNkZ3NrX19scnNYX2xyZnBsZVlJMjhYQkNRa3lFWnVB,More,15 hours ago,2026-08-19T18:15:00,Middle East Cyber,"https://encrypted-tbn1.gstatic.com/faviconV2?url=https://www.wsj.com&client=NEWS_360&size=96&type=FAVICON&fallback_opts=TYPE,SIZE,URL",2026-08-20T09:24:14.330927
"NSA, FBI warns of hackers using AI-generated tools in attacks on critical infrastructure technology",https://news.google.com/read/CBMingFBVV95cUxOamluY0ZwSV9WRmtUM1NZT3hjUDdRSzVvYmsxdms1ZVBoRXp5dV9OQ2RnRG9VYTZKaWJKSW0tQWtfQTdPVDZScDE0MXRHalJpWktXTF8zeTlLYnhNcDAxUHFOWHloTlY5RTJjbEw5LXdCODhFTmFacVdPS3huVEg4MkhWdWE0NXBoWnJGOW5qcXQxNEZqdWNsUFppc0FJQQ,More,15 hours ago,2026-08-19T18:03:41,The Record,"https://encrypted-tbn0.gstatic.com/faviconV2?url=https://therecord.media&client=NEWS_360&size=96&type=FAVICON&fallback_opts=TYPE,SIZE,URL",2026-08-20T09:24:14.330929
Why bond markets are unnerving rich-world politicians,https://news.google.com/read/CBMisgFBVV95cUxOa3RiaFVNN2V6TTY3bjhWS0N1cURkdlBxbE5CczVZbXdLc1JORmtnZW5JNGg3MDc3MlRRM1pYLUtpLWhOVklNV3FLYlRralFZbWtHbDFkQ3YzNS1faE56SWEyOC01U3ZTUVpBMkNSOTNMWGJ5cmtMNkNrVTVSNFdfZjdIVGlwUWZHeHlkaXlPZU5QbGNOcUR2dUlJNUZtQnBPaFFzZzZEMWxLWGd4c2JLNkxR,More,15 hours ago,2026-08-19T18:02:58,Economist Fresh,"https://encrypted-tbn2.gstatic.com/faviconV2?url=https://www.economist.com&client=NEWS_360&size=96&type=FAVICON&fallback_opts=TYPE,SIZE,URL",2026-08-20T09:24:14.330932
T-Mobile physically cut a cable to stop Salt Typhoon hackers in 2024,https://news.google.com/read/CBMibkFVX3lxTFAzTFl1VWNPN0tHQ0U3S1pQZmRrakoxRmlrRnFkaFRwWU5ESzhMcktnQXloWVlUY05tLWFNcGIwYWwxVjVPT3NLYUlNVWdiRzZxNWNOa3ZNcE51YmR3Q3N4TkdnVHZLSkVFQzlRN1R3,More,15 hours ago,2026-08-19T18:00:43,Telecom Security,"https://encrypted-tbn3.gstatic.com/faviconV2?url=https://mezha.net&client=NEWS_360&size=96&type=FAVICON&fallback_opts=TYPE,SIZE,URL",2026-08-20T09:24:14.330934
US warns of AI-powered attacks on Siemens PLCs in critical infrastructure,https://news.google.com/read/CBMivgFBVV95cUxNQmUzWHV5WDRMc0E3azZEX3JUOXJ2b1VNX1NLdXgwRFJtejVsQ3R1VG5pbFRjX1dtMy1FSWJqV1A4Vi1YcmdFMlBWb2JWOGZua3VyazZaWDFvWXg2elMyb21rWG95ZEJXdnBJOE1NdHlFNEZ1SFpkMkpTbWtPRTBVT0lsV0RVTUh0SjBWM1FIRUQwRXNjM3J1N0VSM0hXNnhRb0VBOWo5SEpJdllxRzJHTWRBMjlTc2M4UWJZZ1RB0gHDAUFVX3lxTE5NdUxIUmhiY2xCUThnWDNvQ2xISXJRaGlJY3dqVWRwa3owbWY4Qkx1SWpEWjIyTGZwOXVsMTd3eXp4TWVwS01HU0VwMVp1a0RYQ2E1TjlEdzJxZnFwU01kQ2hwbXdqTjNUS2dNWVhCSVBGTWVfYVE1RkQ3Z1BwOVJwVC1wZDdHZmhHRkVFRnZKMVJ4c1A0eVNVcm5FczRuSGYyb3c5Z1ZVeWVDSnlRQ0tQM0d6eVlNNkVHLV83elAwcmNnNA,More,15 hours ago,2026-08-19T17:50:01,Bleeping Computer,"https://encrypted-tbn0.gstatic.com/faviconV2?url=https://www.bleepingcomputer.com&client=NEWS_360&size=96&type=FAVICON&fallback_opts=TYPE,SIZE,URL",2026-08-20T09:24:14.330937
Suspected drone crashes on police station grounds in Turkey,https://news.google.com/read/CBMikgFBVV95cUxPNTh4RXMzZWNDczlzR3ZIcmhYN2F6RHZoVVR1VDRGQ1NLZXM1TDRoMzEyRVNIeDh3YWxFWDBTYjlYaDFPbXBHbTRRYTl3c01KVGZSMFVXZ285bDd4N3BZWlV1cmtHelBhazZQZVQ2QWUyT2RfS2h2MHlTU0M3XzBXSlZMNDZxcDBXVWQxcWhQLWJxUQ,More,15 hours ago,2026-08-19T17:49:55,Kyiv Independent Fresh,"https://encrypted-tbn2.gstatic.com/faviconV2?url=https://kyivindependent.com&client=NEWS_360&size=96&type=FAVICON&fallback_opts=TYPE,SIZE,URL",2026-08-20T09:24:14.330939
Unleashing Project CRASHCART,https://news.google.com/read/CBMiaEFVX3lxTFAzb0xpQXo4Qmljb1BsdkYyaEIwZms5ekpGWG9EeVUxTFVxVUFyM21MajI4VE9MY0hhSmlTNzhmcENFTlJmR3BvR2ozZUt5TUdlU1JzWWl3WFJselNFbFV2UEstMlpOUExE,More,15 hours ago,2026-08-19T17:46:54,Healthcare Security,"https://encrypted-tbn3.gstatic.com/faviconV2?url=https://today.ucsd.edu&client=NEWS_360&size=96&type=FAVICON&fallback_opts=TYPE,SIZE,URL",2026-08-20T09:24:14.330942
VULT Security Hires Nickles On Computer Industry Lobbying,https://news.google.com/read/CBMifkFVX3lxTFA0QS01WUI0SFRYeVJCQzFRNTUtQjk4QTVkek1MV1VZdWZVdHdMX3JiZGtxOWlpVG93S0d0VVVxM3hsckI3UVNXNmZsLWNHUVJtWVAyYVh4N2pPbkpGX3JabjBxX2o4TmZZVWRES203aHB3d0ZESko4bHhVWHg5dw,More,15 hours ago,2026-08-19T17:44:41,Defense Security,"https://encrypted-tbn3.gstatic.com/faviconV2?url=https://legis1.com&client=NEWS_360&size=96&type=FAVICON&fallback_opts=TYPE,SIZE,URL",2026-08-20T09:24:14.330944
China debuts offshore government bond futures to promote yuan use,https://news.google.com/read/CBMisgFBVV95cUxOLThidmNnZ2IwUENFTndNa0xpU2lxMDBPOXdCdjZ6UFUwX3o5MjhFRlRfUXVSRncxZDNSSmhqUVlOTGlzSHRfZXhlOFl3SEtKTEMwR0xoMUE5TzhUTHFrRkUxMDNjMTlOZlZLaFFFUTRuNzFEMEtPbmNXVDVvNU82azdNNXhJYnlKZkNKc2dIYWNQdzYwcThEdlBCSHdwaURadE01RGIyLVFTclBTNklnbFl3,More,15 hours ago,2026-08-19T17:31:00,Nikkei Fresh,"https://encrypted-tbn2.gstatic.com/faviconV2?url=https://asia.nikkei.com&client=NEWS_360&size=96&type=FAVICON&fallback_opts=TYPE,SIZE,URL",2026-08-20T09:24:14.330947
China is removing Windows 10 from government PCs ahead of schedule – despite the 'special version' approved b,https://news.google.com/read/CBMi2gFBVV95cUxQVmdYWmphSXJ3NmYwTGo4ZU1sMGt1T2ZfVkRkdXkzMzF2aEVnbUVKM0xmbUpJMlVlLVB2ZzBIaVdFMWR5MmdlUm9iSHZOcklPcmxsRDNZMC1iS2UzZWd0Um9NaFkxMTN0a3hrVURmWHg4YlZCZ2kzSkZ1T1c3WFBVb21rNlpJZS1yaW1PNEdqVGU4VmR2aTQzcjVOYmkyelJxX28xRlJYaHZuVkg2RENLVXdaSHRpZTNodWFIcmdpLXdROG5JVmdhRGl4NzJ3WkktbEpHM01HR1hZZw,More,15 hours ago,2026-08-19T17:30:00,Microsoft Security,"https://encrypted-tbn3.gstatic.com/faviconV2?url=https://www.microsoft.com&client=NEWS_360&size=96&type=FAVICON&fallback_opts=TYPE,SIZE,URL",2026-08-20T09:24:14.330949
Meet the startup helping Wall Street put a price on AI compute,https://news.google.com/read/CBMilwFBVV95cUxOQ1N3X1RUa0dfdjRQR083SWNfZXM5S21seU5VQ3VKdWs1eHJkQmlhRXBKNFZ6N1RxMGsxNzA3Z0w0bEpNRVVjR2xFV042ZVBHRVdRcGNLc3gzWFozY0lLMUhsSGVwSk5iZDE4WHo4UlBXcFVya1pTckxTSGY1ZnZmR0QxSjh5MDd2UHFuRXVaaFhIQW9qbkU4,More,15 hours ago,2026-08-19T17:26:48,TechCrunch Security,"https://encrypted-tbn1.gstatic.com/faviconV2?url=https://techcrunch.com&client=NEWS_360&size=96&type=FAVICON&fallback_opts=TYPE,SIZE,URL",2026-08-20T09:24:14.330952
T-Mobile ‘chopped a cable’ to expel Chinese hackers from its network,https://news.google.com/read/CBMiowFBVV95cUxQT3RuX2FwTHRhenBtZ1R6REMyNkhfc0tqTU5YaUI3cExQTkhnZ1FFZUlJMGhVT1Ria3liN1g4TFZGOVFYazhpYk9rNUdPMUhNcFBrZFc0bWV4azdDM0hNdDF3NHBna0RWeUpCelZmN3hlZGdEVGM4ZWFPamczVVVVQUMyQ1pPQTVLbm9SRjM1X1lyMTI2TVh5UGVxNGpTTEtDS2JJ,More,15 hours ago,2026-08-19T17:26:32,TechCrunch Security,"https://encrypted-tbn1.gstatic.com/faviconV2?url=https://techcrunch.com&client=NEWS_360&size=96&type=FAVICON&fallback_opts=TYPE,SIZE,URL",2026-08-20T09:24:14.330954
"Ukraine hits rocket and space center, aircraft plant in Russia's Samara Oblast, General Staff confirms",https://news.google.com/read/CBMidEFVX3lxTFBxb01ra3EwaVc3VkF5SDN2RTk3TXZmSmFsaThsUW9iYUZ0QkRDMkFFOG9oN0xqazA3bldWWmhVRnJIVTM3cGFISk1BUjEtQmlzdFoxWEpBSmVBZ0k2SjdrTTdoMnM1dnVDeFptXzFVMGZaOEd4,More,15 hours ago,2026-08-19T17:25:34,Kyiv Independent Fresh,"https://encrypted-tbn2.gstatic.com/faviconV2?url=https://kyivindependent.com&client=NEWS_360&size=96&type=FAVICON&fallback_opts=TYPE,SIZE,URL",2026-08-20T09:24:14.330957
CVE-2026-52876 - Red Hot Cyber,https://news.google.com/read/CBMic0FVX3lxTE5vbFI2X1BFWG5UT0RWOXVJaUpsV0xLU2hRdFhIWUpETVZPOWlOeDJqX1pzbEd1MHV5VEhDcmQzUFZsOWU4YzRib05XSWtwbVdRUzhWT1ZySFpkWWhoNExzVEV6aEJ1NU03dEJSbURFc2dBRDQ,More,15 hours ago,2026-08-19T17:24:06,Red Hot Cyber,"https://encrypted-tbn0.gstatic.com/faviconV2?url=https://www.redhotcyber.com&client=NEWS_360&size=96&type=FAVICON&fallback_opts=TYPE,SIZE,URL",2026-08-20T09:24:14.330959
“Was it Russia?” Is the Leipzig drone attack part of a hybrid war?,https://news.google.com/read/CBMiggFBVV95cUxQQU1nOW1pVG56UmJscTh5UFczYnQ4UFpCaHNwcUozbzlSUHRaZnNUOFFRMDdNOWYwVG56dnBiaHFCTUpSajdmbTRxRWpmV2JuQkJRekZNYkxFaTBvNDhhVGxIUURPb0RvTkFrVXd6S2xIbFZjMEhDWnEzNjJERDJqa19B0gGCAUFVX3lxTE9pLXVkRmtZZXAwWWw3Y3ZFYW0tamFqRWk4Y0JxSFdneVd0TFBBYzR3akNsamJTNEZuNDlBNE5ENU9ZMkZwMlVTak9RQVdMQzVwcUJsNWgtdmd3d1FrbmVaSjdsMnNFRHhzTUdvZ3FxRGc5QmdYUUhZZGQxUDg2TnQ0bFE,More,16 hours ago,2026-08-19T17:18:37,Deutsche Welle Fresh,"https://encrypted-tbn1.gstatic.com/faviconV2?url=https://www.dw.com&client=NEWS_360&size=96&type=FAVICON&fallback_opts=TYPE,SIZE,URL",2026-08-20T09:24:14.330962
"Swedish minister, daughter of Haifa Palestinian, wears Star of David at election debate",https://news.google.com/read/CBMitwFBVV95cUxPMmxoN2VicTZWV1NyeExWNjc1b3puWDFpVkpaMmt3anhJcWp4ZGhQREdNV3ZuOWUwbGtwYjNSTFU2RVpzRDZvTDZoa2lwa0NJZmgwMTdaQ0lnMHAwUVNYb2hNaV92bUZrNXZjWTNTeGdaUUxpRW5sVDloNG9BVDNJeFZSZlB2Zk9RZmxuc3pFam5MbXNkU3Y4Z1V5MEdidlh1bnk1TlNuZE81NG9Pd1dBNlVZbTczOXfSAbwBQVVfeXFMT05pSGY3NGZKc3N5VHVNeG5HbDVfMXJNdUZ6Z1ROd2pWdzhPNHpEMzdjSURMSXFLZDlDVjVSUjVaU1d6UDB6MENkQ0JiSjE1SXlHb2dCazl6OERoUGlDTms2TGN5UzdwdGhpMzY0d3hvZUw5TG1Ca19RZnA0anU5eHlfX0lYWUgxeUtUOVVtaFNhVjRscXNmc2o1N29NY3RKcWRWZkUzUUtwTVBQZzlHR2J1cXBVQ2dpUms5aVc,More,16 hours ago,2026-08-19T17:07:00,Times of Israel Fresh,"https://encrypted-tbn3.gstatic.com/faviconV2?url=https://www.timesofisrael.com&client=NEWS_360&size=96&type=FAVICON&fallback_opts=TYPE,SIZE,URL",2026-08-20T09:24:14.330965
A fantastical journey unfolds in gorgeous Wildwood trailer,https://news.google.com/read/CBMioAFBVV95cUxOUTlyaFBUMGxtRDc5R0lGOFRJaUJqZDR3QUN4eTczTGdkNnRNZk1tQ2dDakdEX0lDTjlLMVVrcFhvQm9nekE1S2tOS1lJOHQzUlM2YWVhbVpxRDBrS0xleFppRld3U29kUzZmRDNudzRqMVd4bGcwSktWVmtZXzVuc3g2X1hvaVY0dVJZMTNmcmk2RGZnMzFYQVRScG9rRXN4,More,16 hours ago,2026-08-19T17:06:06,Ars Technica Fresh,"https://encrypted-tbn0.gstatic.com/faviconV2?url=https://arstechnica.com&client=NEWS_360&size=96&type=FAVICON&fallback_opts=TYPE,SIZE,URL",2026-08-20T09:24:14.330967
Russian Confidence in the Future Plunges to 1990s Lows,https://news.google.com/read/CBMilwFBVV95cUxQU3JJenFadFkzUkl3TjU2cHlSQkN0MlNxelhNT0Z4Uk40bVRFTlNUc01LcGtldVBJNURrMUJmdFB3aTBtZFo0RTRHRWY5dFRXd3hLUGdEdGxLZDdydlRKQ3h2Y3k3djN3M1lTOG9xSE5HVXpiRXhUWkU2NVZZWERmclZRbjJKajVvbEh1UWJ5UWliWEdOVVk0,More,16 hours ago,2026-08-19T17:02:33,United 24,"https://encrypted-tbn0.gstatic.com/faviconV2?url=https://united24media.com&client=NEWS_360&size=96&type=FAVICON&fallback_opts=TYPE,SIZE,URL",2026-08-20T09:24:14.330970
SilkParasite Threatens Central Asian Orgs With Flurry of RATs,https://news.google.com/read/CBMilgFBVV95cUxNSWFJVHJqbEhTNHgtTVBjOXhyNTBLMXhGQ1pBUUJCcDdHd2VrUFhiTklMQlhMbDlqSWs1QWlsSlpibmVpcnRhUVZwMU5QY2pEeTJzT1gzTlduZjU2cXkyZW9lZ1VKX1ZETmt0UUQtZ3prdFQtemhDUTBQaWFwWVNYOEtfTGlMZVVOM3o3ZE9WbVZDVk03enc,More,16 hours ago,2026-08-19T16:59:58,Dark Reading,"https://encrypted-tbn0.gstatic.com/faviconV2?url=https://www.darkreading.com&client=NEWS_360&size=96&type=FAVICON&fallback_opts=TYPE,SIZE,URL",2026-08-20T09:24:14.330973
"Health Canada seizes unauthorized contraceptives, antibiotics at Montreal store",https://news.google.com/read/CBMiUEFVX3lxTFBEVzdDVFpqMjhJMllaOEV5eGtjUTViSXVHOVA4UzZNTzdXWDRVbjYxSXJQWlVlazNEVjlPSzFJNFU3T0FkVFA3RjJFdWt0MTAx,More,16 hours ago,2026-08-19T16:55:41,CBC Canada Fresh,"https://encrypted-tbn1.gstatic.com/faviconV2?url=https://www.cbc.ca&client=NEWS_360&size=96&type=FAVICON&fallback_opts=TYPE,SIZE,URL",2026-08-20T09:24:14.330976
"mRNA cancer vaccine succeeded in Phase 3 melanoma trial, Moderna and Merck say",https://news.google.com/read/CBMiuAFBVV95cUxORkVfMUhaUFhZaU05Z0RhVmc3S3VEamptbWVPZmdCaUVJR0RDV2l3d2g4NzFkVXI4alZfSHdMZnpjTE5TVkpYbU9PX0M5blRaQjVIb3RRZ2xMcHVEeG9rdDVSR1VJdENralpYUmxTa2lIbDVESUc0ZDd3bHpGcWs1VzIxMWt5NnhsWVJrZV9mQmtERnM5RWEzWXFDdDNjTTBtYzAtYXdIVXRBaUo2ak5scXRHcVJ1cXpj,More,16 hours ago,2026-08-19T16:53:56,Ars Technica Fresh,"https://encrypted-tbn0.gstatic.com/faviconV2?url=https://arstechnica.com&client=NEWS_360&size=96&type=FAVICON&fallback_opts=TYPE,SIZE,URL",2026-08-20T09:24:14.330978
Ukraine’s War After the War,https://news.google.com/read/CBMiYkFVX3lxTE13M1czU3dxM29pQk9ESldReEJPY2tCT3dQOEJFbFRYaEpXMF9mUzc0aUdzUFR6NEkwOXdiTnhnaVd2SmZyYkZ1ZlQ3TTNtT2tRampHdkgyR1JValV5VmNFZy1n,More,16 hours ago,2026-08-19T16:53:09,Ukraine Conflict,"https://encrypted-tbn2.gstatic.com/faviconV2?url=https://cepa.org&client=NEWS_360&size=96&type=FAVICON&fallback_opts=TYPE,SIZE,URL",2026-08-20T09:24:14.330981
CVE-2026-40369 Exploit Code Drops Three Months After Patch — and AI Agents Inherit the Sandbox Escape,https://news.google.com/read/CBMixwFBVV95cUxNTkhtZzVEV1ZZRlpfRTF1eHRlejNQeXc2YmJibXRmeVJfcm9oNDdhV2I0bzNWMnhuQ3QwLURtMjBNTmlnZFo5OF8xdFhDRzB6Mml2STM5R1lwajNQUHJCd3YwYzMzZUV4NFJTelJyalBaLTZuZUIwVy1SMUpua2doZVhOOThaQlJ1X2dQamt4WGN4dHZwVnltOUVETkR2bG5tQnhRM3Y5dGI0Y0NtbndXdlpZNFlnOC16bGExSXlvRjc1OUpmT2tz,More,16 hours ago,2026-08-19T16:48:05,Vulnerabilities,"https://encrypted-tbn2.gstatic.com/faviconV2?url=https://www.rapid7.com&client=NEWS_360&size=96&type=FAVICON&fallback_opts=TYPE,SIZE,URL",2026-08-20T09:24:14.330984
Perspective and lessons learned from mergers and acquisitions,https://news.google.com/read/CBMingFBVV95cUxPZFVEUThlVDR3YUwwLXh0WmxOT2dYMkRKdmZZZGlBWDhDcnU5bWUwbWRreHJreDlobExsS3k0QmN3SWFfTjJUVTdpQWY3aldKeUl5T0QtQ2d3cWFyd1pfVFNjNmV4SlQwZUk4UHVrazRjcTZ5aHJpSzlnVTlGQmJBTDBMekZQd3J5UkpuRDlTYnFRZGsxekE0czgxaWxTZw,More,16 hours ago,2026-08-19T16:45:42,SC World,"https://encrypted-tbn2.gstatic.com/faviconV2?url=https://www.scworld.com&client=NEWS_360&size=96&type=FAVICON&fallback_opts=TYPE,SIZE,URL",2026-08-20T09:24:14.330987
"Ukrainian volunteer who says FSB blackmailed him says he is safe, no longer in Russia",https://news.google.com/read/CBMilgFBVV95cUxNV1hERmxtVWRWLU1iX0Q0akpWZ2VObnNwZ1otVHhXSG15VXNtRXZSWlFYVF9sZmlfVXpVMDZ0Rk5vVUdJbnNiYVRzektDdWdPaG1uMVZVX3FuNnc0UlRpcTBqWmVQZ1NtcVpjVnUxYm1kc2szVUNfZnlLVkV6bmM0VjU4bDM2SGxURkFZYXVuUURiQ0tNUnc,More,16 hours ago,2026-08-19T16:43:47,Kyiv Independent Fresh,"https://encrypted-tbn2.gstatic.com/faviconV2?url=https://kyivindependent.com&client=NEWS_360&size=96&type=FAVICON&fallback_opts=TYPE,SIZE,URL",2026-08-20T09:24:14.330989
Humanoid robots don’t deserve their superhuman valuations,https://news.google.com/read/CBMihAFBVV95cUxPUE0wc3ZmVHpZV055VE02VjM1aDhMclpaR1p2WGZYWHpIZnFJbnQ0MTZJdjVqU1FDYXk0Q0swSWZGbVVzTnowSi04cGl6NmUtckJrcXlWU3I2bVA3c3ZfSENpdDZtcnRZeFZOeFVHNXpEWlMtdEhMLVFuODZNd2tTNmxyS2w,More,16 hours ago,2026-08-19T16:43:10,FT Cyber,"https://encrypted-tbn2.gstatic.com/faviconV2?url=https://www.ft.com&client=NEWS_360&size=96&type=FAVICON&fallback_opts=TYPE,SIZE,URL",2026-08-20T09:24:14.330992
Delta targeted in Wi-Fi phishing attack,https://news.google.com/read/CBMiggFBVV95cUxPTWdxVDJXOHVvcENjdjM0UEcydkVVU2plZElPX1hKODFPallnaG9TSjl0NzU1NThMQU9QbEI4WkxtajZXcWluYmJac1ViMXNHVUdPV1RrWXhjRTd6NGJhOEU3RmRLNFBLOUdTQzBYN1hKT0FRc09hVnRrOWEtT0JCcW9n,More,16 hours ago,2026-08-19T16:40:00,Phishing,"https://encrypted-tbn3.gstatic.com/faviconV2?url=https://www.travelnews.co.za&client=NEWS_360&size=96&type=FAVICON&fallback_opts=TYPE,SIZE,URL",2026-08-20T09:24:14.330994
"Ukraine praises end to Hungary's 'gold convoy' investigation, calls for more accountability",https://news.google.com/read/CBMitwFBVV95cUxNYXFXRjJxbFd2cW40MGVBcDlCeEt3NzIyTVZXbmdCbjFQNXhTZTk5WWJQR1Z2MGQ0VUg0Z3ZFMTBWMXd4bm5DbW9aOWVsaXJMUnoya1RtZm9KLWZpVDVDU3VFQ3lqN3p5cDg4NjZ5Y2JFblNJMkF0RWFyYTdaRXQ0ZUJtYkRjN3FnUkNaQnpaU09YRUtQVmRFeUQ5czVfdU1IRDBnQzQzc2hYOG1OOU45U1lyYUJMaXM,More,16 hours ago,2026-08-19T16:36:38,Kyiv Independent Fresh,"https://encrypted-tbn2.gstatic.com/faviconV2?url=https://kyivindependent.com&client=NEWS_360&size=96&type=FAVICON&fallback_opts=TYPE,SIZE,URL",2026-08-20T09:24:14.330997
Trump nominates abortion opponent Heidi Overton to be head of FDA,https://news.google.com/read/CBMikwFBVV95cUxQZ21DNXl4VDJYbGVycTl4VVVIWlV3WkhrNjB1T2xUZmZGSDlKa1hRdzFiVHF2c2ZkVktVNUY3dGtVdnhtRk1IY1cwQkdzT1F1RDVfM1Y1TG8zV0ZpaDZzLWNDMy1oMDdnbGRVc3VKMVQ0QWtCSTk1WFpsT2c3WkNpTFFTN2Z1MjB1MERpRFd3MFNlMG8,More,16 hours ago,2026-08-19T16:31:00,Guardian Fresh,"https://encrypted-tbn0.gstatic.com/faviconV2?url=https://www.theguardian.com&client=NEWS_360&size=96&type=FAVICON&fallback_opts=TYPE,SIZE,URL",2026-08-20T09:24:14.331000
Ukrainian Drones Hit Wildberries Logistics Center as More Than 150 Drones Reportedly Target Moscow Region,https://news.google.com/read/CBMitwFBVV95cUxNVjlnNW1DU01HeWx2MVlRV3Z4NkI3SWRkVkFjX09sd1o3Y1VVM1JLcU15NjNzNERuUEgyMVRKT1FzTUZObmt3RFNQZHdzLUpLZ2hsRkZOcVByRjM2UjBtdGZndFdtWl9NZXFFS1htSWdMazNKMmluRDc1enNiekVkSzF2OUMyV2ZxVGdmeE9oSENSNi02V0gxWWlOTG9vT28tcUZaOXczbzZ2OXRqZUpnUjFiTHdWRUU,More,16 hours ago,2026-08-19T16:27:40,United 24,"https://encrypted-tbn0.gstatic.com/faviconV2?url=https://united24media.com&client=NEWS_360&size=96&type=FAVICON&fallback_opts=TYPE,SIZE,URL",2026-08-20T09:24:14.331002
How to protect yourself from webcam spying: five simple steps,https://news.google.com/read/CBMihgFBVV95cUxOVnR6Y3d1QXhqZGN4MmpwU0hpeWtUV1EyV0VoNE1GODJxR3J6QWVVdWI2SzlITC1sZW03eUw3UzlCRTZrbWtHMU9IMjcxLXBzODNFdGtTdG5Fd3Q4aTN4MDk4c1RabFhyTjVqOVZWRm5zYVM3X1BBbUV5bGltWnZTOGNfcXBSZw,More,17 hours ago,2026-08-19T16:21:25,Kaspersky,"https://encrypted-tbn2.gstatic.com/faviconV2?url=https://www.kaspersky.com&client=NEWS_360&size=96&type=FAVICON&fallback_opts=TYPE,SIZE,URL",2026-08-20T09:24:14.331005
IDF says 4 of 6 people killed in Gaza cafe strike were Nukhba fighters,https://news.google.com/read/CBMitwFBVV95cUxNb05zVEFpamVkbXQ1bUE0Y0JpMk9LWC1JQ3lOWFNKcjkwS3hSS29POUNxTHhKczFuNThMVEYzX2E4MGYyYjNIU3c3dG5tWE91dEg4YnNTV1F0cHlnb1o5WlgzOHp1VVl4VTVKNUlPbV90VUxUXzMtSURNbGY1QjRUZTZ0akg4djNDcVRtcF84TllwQXRWYzBNUW9ROEdjck1DUWFlQ3VVRWc4alZaYU1PYUlJNTMwVDg,More,17 hours ago,2026-08-19T16:21:11,Times of Israel Fresh,"https://encrypted-tbn3.gstatic.com/faviconV2?url=https://www.timesofisrael.com&client=NEWS_360&size=96&type=FAVICON&fallback_opts=TYPE,SIZE,URL",2026-08-20T09:24:14.331008
Proofpoint launches AI security engineering centre in India,https://news.google.com/read/CBMiqAFBVV95cUxNbWVWSVVIVDRNa2I3VUdLXzkxVEcwX3licUhSZWQyaDRiLWo0YUhNRy04R3liY0J6akJESmVzdXJVUW9XdHJxVHRsOVQwZ3p0N3ROdWs3eF9GcTFYQjYxaVQ1bkkzLTY1S0VOOEUxSEpiSTBiRWxHRE5aOWowbkN0T3JscjZ1amtZNU1LeXhyVmp2eHJZVHQxTi1wTHFFbm1qZmZCcFhoa3A,More,17 hours ago,2026-08-19T16:19:36,Computer Weekly,"https://encrypted-tbn3.gstatic.com/faviconV2?url=https://www.computerweekly.com&client=NEWS_360&size=96&type=FAVICON&fallback_opts=TYPE,SIZE,URL",2026-08-20T09:24:14.331011
DOJ charges 17 Iranians in cybertheft campaign,https://news.google.com/read/CBMingFBVV95cUxNYXliSW5aSVVCY0xlS2R1Tm9ORS13NWI5LWVmbmdldmpHTHBIX0ZZRmZzLXNHLTVkazZ6Qk5hdi15TEpZbG1nVnE0V3k1NjJBR3VhRlZuV0hDRHF3ZmVXUm45WWxqNmZndTVXR3pZeERzQnV5dzRQNC1vRVUtLUZJR2tXMkl4WjJHX0hQNjdxcGt5UktIOFVoRWhvSktGQQ,More,17 hours ago,2026-08-19T16:13:00,Iran Cyber,"https://encrypted-tbn2.gstatic.com/faviconV2?url=https://www.nextgov.com&client=NEWS_360&size=96&type=FAVICON&fallback_opts=TYPE,SIZE,URL",2026-08-20T09:24:14.331013
Google Pixel 11 series review: Is the magic fading?,https://news.google.com/read/CBMilAFBVV95cUxQZHE5R2JHbGhCdk1zMl9EazZteG1ROFhBYjRrcGE2Yi1iMXh0U1U2Q2MteFYwYnBDTHlDbzdXa2Y2TkZUWEhvTFdtWmpFSk5KMVdXRmJZQ044TW5UUDJYMWxJWjF4OUVRTS1OX0QxRHFzYkhqdzVRWDdGNGg3RzY2Z041Tl9halpuQVV3cldnbDhwNEpP,More,17 hours ago,2026-08-19T16:11:30,Ars Technica Fresh,"https://encrypted-tbn0.gstatic.com/faviconV2?url=https://arstechnica.com&client=NEWS_360&size=96&type=FAVICON&fallback_opts=TYPE,SIZE,URL",2026-08-20T09:24:14.331016
₹42 lakh digital arrest fraud: Cops on cybercons’ trail across three countries | Hindustan Times,https://news.google.com/read/CBMieEFVX3lxTE5iOEtwU1VGSExXbU5VVm1qT2h4c3VidVNyNnJUWnRsOTJ5UjRMcXNtMUxFTzM2V1FNTUs4c2k0cnU5Tk8xY1pWajhkaWdqaVNyRWRaemJRTXhRV3JLbzVvUUNfcnBKNi1uYzNRdEJhczZjZXNmbmtYdw,More,17 hours ago,2026-08-19T16:10:00,Financial Security,"https://encrypted-tbn1.gstatic.com/faviconV2?url=https://www.keranews.org&client=NEWS_360&size=96&type=FAVICON&fallback_opts=TYPE,SIZE,URL",2026-08-20T09:24:14.331018
Russia’s GRU Hacked Ukraine’s Sanctioned-Asset Agency Days Before $165M Deadline,https://news.google.com/read/CBMizAFBVV95cUxNZnRsdXdyYWdFRTI1SDVzek4yMzZiVG1YTlhubEs4VGx1dkVoRk9Uem1meUppbUZCNmtRRjBadmVUMFJyVUp4R3FqUElOcmJkZ3NzMlZ4SnRYRDdWanFYclhmb2NrUGlIYVpfMnd4akpob2ppeEZKLWhTMEpvYjdvMU45Rmd6Qmt4UjZqNVZLejA5SGNuWFlMNWxLbjlUMVdwV0dqVTFIWmpPYnYtbE5Nem5ubU03TDZua1FkaUw4T1VuMjB4dFlpVXlBajQ,More,17 hours ago,2026-08-19T16:08:05,Russia Cyber,"https://encrypted-tbn0.gstatic.com/faviconV2?url=https://www.techtimes.com&client=NEWS_360&size=96&type=FAVICON&fallback_opts=TYPE,SIZE,URL",2026-08-20T09:24:14.331021
Flock surveillance backlash mounts as fiendish Halloween plans circulate,https://news.google.com/read/CBMixwFBVV95cUxQaUxnbE9OOFNTUHhzaGlFSHl5OUFHVUE5MWw1N2dXMDExbVE4cWtzX3BzWXpRRnF3YWd4R2VoYlhQcDAxQjZwZUxLWjc3b1I3SnYyc0hDMFh1c1U0TmZoSmtoWDNvOG51TEVqWWhCRGlTUThJVkV1bUd4aUwwN0o4dUNlbkdVWkRzMVhNMWIxR1p3eVg1T0lLX2ZJck9YeE5SLU5YVi1lU29ZWFBXU2NDc3VSN1RrbjBRd1FBZUVnVVJGajd6ejY0,More,17 hours ago,2026-08-19T16:08:00,The Register,"https://encrypted-tbn1.gstatic.com/faviconV2?url=https://www.theregister.com&client=NEWS_360&size=96&type=FAVICON&fallback_opts=TYPE,SIZE,URL",2026-08-20T09:24:14.331024
"Shell, Philips and GE Among 50 Firms Affected by Data Breach",https://news.google.com/read/CBMikAFBVV95cUxQNGloRmdDQVNvM3VFNlJmZTNmeDhQQkR0aUhJdXVlNjZtQjRRMl9OQzFHeVM0UmJ0MERyREtNdUd1d3dJbjZJX2JYMzY4TGwyeDZOeGlJNlRiVTlUd25YdU01ZjNZYkRKak9jSWNoMXI0UktVdWJqclNXdGxwNnhEZlZfaF94cFBPc1VJa1VFSDk,More,17 hours ago,2026-08-19T16:06:36,Supply Chain,"https://encrypted-tbn1.gstatic.com/faviconV2?url=https://businesschief.com&client=NEWS_360&size=96&type=FAVICON&fallback_opts=TYPE,SIZE,URL",2026-08-20T09:24:14.331026
Charlesbank nears law firm deal as private equity pushes deeper into US legal sector,https://news.google.com/read/CBMihAFBVV95cUxOWEtYeVdkWG11ZWhaQmxWSHY4Y3pfZVoxQ19tel9uRWZ0X0t6enU1aFNBU2xYSmZKOUJuNDI0WmcxODJjejV6b1cxbXBMRlJzY09UWEc0VjNYZHI3eDczcWpUa0Ffa3lwakpVQm9QTWF6dFVnZkZrQWFPQWJJUjJ1YVZMTGg,More,17 hours ago,2026-08-19T16:05:34,FT Fresh,"https://encrypted-tbn2.gstatic.com/faviconV2?url=https://www.ft.com&client=NEWS_360&size=96&type=FAVICON&fallback_opts=TYPE,SIZE,URL",2026-08-20T09:24:14.331029
Fighting While Talking: The Iran War Enters Its Bargaining Phase,https://news.google.com/read/CBMiowFBVV95cUxNT3JJQmRWR0xLMENleWozcE9RZFZRRFdRNUxzVklZR241NWlTT3hGOUlib2M4aTNSbDg3Wkw1N0FPQkFCOEp6N2tady11R3hmUVl0M21mRU5rMGYwa2RZUUpBY3c4bE9pR0xFTjdpSzFmQlhFNTZUM0dPcDY5ekttWUFsc0FmOThwN25wRzhadmZZTkJRc1VoM2Z2QjRJSGpaYURB,More,17 hours ago,2026-08-19T16:01:58,Lawfare,"https://encrypted-tbn3.gstatic.com/faviconV2?url=https://www.lawfaremedia.org&client=NEWS_360&size=96&type=FAVICON&fallback_opts=TYPE,SIZE,URL",2026-08-20T09:24:14.331032
Minors living alone on Ceuta's streets at risk of abuse,https://news.google.com/read/CBMiggFBVV95cUxNdVhVX2NRT1BDYl9MaFhDeGRGZlhmZTgxVXg2aU5pN3RhcnIyUEJrcDlZblUzSVpxQlBqdThUQWc2WVpvRUJKbGN2UjlYYVFQMkViNUQxR1VaeHJCOEtGY3N0YU0tVHg2a25vTnVzYWhIRncyUzBZZC1zdUN1MFdqTFF30gGCAUFVX3lxTFBzWU5ZbFI5OVg4RTc2R09jOXZjX29KVTFlT0dsT3dpeEx4LTlncmFQaWxJNThMSk9DaFZqOHFjU0hqNjV3RFZ6NUZVYmFSQjFBdGs3SzdEOG43S1dPT05RWC1OVUtfMXB4ZHdqZGhSdzFObzl6T0hTUzFqNU9UVXlvcUE,More,17 hours ago,2026-08-19T15:57:38,Deutsche Welle Fresh,"https://encrypted-tbn1.gstatic.com/faviconV2?url=https://www.dw.com&client=NEWS_360&size=96&type=FAVICON&fallback_opts=TYPE,SIZE,URL",2026-08-20T09:24:14.331034
Scientists find closest star to the Milky Way’s central black hole,https://news.google.com/read/CBMiqgFBVV95cUxOanNmbkI1NzZtV2xQMmViS1dkQU5VbW1lTmJGUWk2dW5qWUFxSzhSeG9ZZTFHb085bnlDLXA0Q2x4Q2cwd29Jc1JGVmdJOUdJaHpGdDBvYUpJU21HUWlmX0xjY1FzbjFka19PWlRObVY0cFBpUXItOWM4c08yWFREcC1lTWpLY2RoYXhBaWpPU1hKYTlhc21JcU5rQTVxVTBQY1Z4YllqdkFuQQ,More,17 hours ago,2026-08-19T15:56:56,Ars Technica Fresh,"https://encrypted-tbn0.gstatic.com/faviconV2?url=https://arstechnica.com&client=NEWS_360&size=96&type=FAVICON&fallback_opts=TYPE,SIZE,URL",2026-08-20T09:24:14.331037
US charges Iranian hackers over $3.4 billion intellectual property theft,https://news.google.com/read/CBMiugFBVV95cUxObEZpSWZSdjJFRG9PbGlBSlAzamRidG5IN3NIdDJYX2dJZzFYZ3VmQVdYY0U0bTdONHhGdTFIVmtILWQzeHNwUXUxUGVNdWJFT2NGWm0xZ29TNWMxMTI4M1loX2F5US1XYXVqZWhUM1JjcGpMY2NNOVFwODl1dU90UnJnWUJZNlMyRWhoRVJYS1dCZUhnM2tsdEtSRU1xZnJEWWFkZWlJa0tBMGxlc3lOVGk2T01iNllDWlHSAb8BQVVfeXFMT2pkVnVXWFZvcFcxeGpPX2dxRVNLR19wM1dNZ0ZZMy1neC1PYU9vTUwxZEprV2FZUm5mN1FqbXVWRmVaazVCU0dCOTI2eURKWWJFQjNXaWc3ZDZwbTc2cTVhcDYzbHBJMGkwLUIwTzJlX0NtRnFzZi1LdGM1VlV5c3lKU0V5SzZYMmNwNUIzZFgtZF9xOEFJeUt4M00zWEVlRVdSVTUwa3dJQVd2dkRETjFoaklHa1ltY2x0X3JucjA,More,17 hours ago,2026-08-19T15:56:09,State-Sponsored Cyber,"https://encrypted-tbn0.gstatic.com/faviconV2?url=https://www.bleepingcomputer.com&client=NEWS_360&size=96&type=FAVICON&fallback_opts=TYPE,SIZE,URL",2026-08-20T09:24:14.331039
‘We won’t go back’: Young Moroccan migrants in Ceuta refuse to abandon their European dream,https://news.google.com/read/CBMivAFBVV95cUxQaU5LMUNSbmZ1SVp1NFp3WmlSSHQ5MDBzdV84RDBwX1dWWlJJQmM2MmtMT25jWDlqWTY0ZUlSVDBqNl80ZVZiUm9WYUJXTUhEZC1qV3hVM20xaVZwTEF1T1hJZTBUNUozMGtLVXdTMkQ1TS1mUGdfV1BiM25FWk1jRk1YamJ6MnNBV1RBODNSa2ZFWVVMc05aZlJpdjJrQ2tVeDJzaEtTZEJiY2UxYU9sSmZ0VlhPOU1zdkZBaQ,More,17 hours ago,2026-08-19T15:55:55,France24 Fresh,"https://encrypted-tbn2.gstatic.com/faviconV2?url=https://www.france24.com&client=NEWS_360&size=96&type=FAVICON&fallback_opts=TYPE,SIZE,URL",2026-08-20T09:24:14.331042
IBM moves closer to fault-tolerant quantum computing with modular cryogenic systems,https://news.google.com/read/CBMiwAFBVV95cUxQX2lxWTdoNVV5SmlCTTR5VWVjdGpTZzd0bjJZc3NFbHY5T0ZqRi1IQXpleG4zbnVPU3ZiN2pERWxZVU9kclFwa1A2b01iZEpvQUxObTZRTDlLNVJiNkY0QjNLejI0NlB0SHo1Y2laUzBWdVlsbERad2ptU2VjSXhXM0d1dVp3ZU01ZUFkSGZJS3BsbkxVSjhMRURSSnJDcGdtalhPMmd4a1VyMFBHbDJtc3RaaDhXLUtuNHc2eEZ1bmk,More,17 hours ago,2026-08-19T15:51:44,Quantum Threats,"https://encrypted-tbn0.gstatic.com/faviconV2?url=https://oodaloop.com&client=NEWS_360&size=96&type=FAVICON&fallback_opts=TYPE,SIZE,URL",2026-08-20T09:24:14.331044
Trump says he will meet North Korean leader Kim later this year,https://news.google.com/read/CBMikgFBVV95cUxQWXpyM1JKemxKdWlWNDBCdVh5aTlSTWRQRjdBZmh5VjB4N2RBX040eXB2eGJOMlE0d3hDYVlXMnpEblNyY3lsT3dlT0VxU3NEeFluNU9BZmpXSDRpTjFlR1hxYVZGTGg4LUJzTU1DclN2anFaaU9wV013Sk9ld2NveThGRFh4YXRfZ2lhZmkxaUlZZw,More,17 hours ago,2026-08-19T15:49:02,Straits Times Fresh,"https://encrypted-tbn0.gstatic.com/faviconV2?url=https://www.straitstimes.com&client=NEWS_360&size=96&type=FAVICON&fallback_opts=TYPE,SIZE,URL",2026-08-20T09:24:14.331047
AI-related trades push Japan stock volatility to 18-year high,https://news.google.com/read/CBMisAFBVV95cUxQdV9RYzd0XzlhVXZIemJUY2o2aXZ0cmxNelpFZHdkdTFDV0pWYThwa2hUWlBjU3lramlLUmV6Yi1LSjQzb0dmQUx6RUoyUXZZRk8wYjBXTThpN05JN3JQNGM2RFExdEx6LURjMjVOT0h5RDUzTW92ek5PVkJzWU5DUnJKTENCY2hqeGM1dXhuYlQ5TjJsd1hSUnpPQjVYV2lQdWJVNkpaRGdrdGM2WkNNOA,More,17 hours ago,2026-08-19T15:49:00,Nikkei Fresh,"https://encrypted-tbn2.gstatic.com/faviconV2?url=https://asia.nikkei.com&client=NEWS_360&size=96&type=FAVICON&fallback_opts=TYPE,SIZE,URL",2026-08-20T09:24:14.331050
Senators introduce bipartisan Quantum-GUARD Act to boost US electric grid against emerging quantum cyber threats,https://news.google.com/read/CBMixAFBVV95cUxQSXBEbHVCc3BrZ1FIOVRCbC1UVDNCaUpfNXZibS1GX3o1QUxQeUJVYUpZeE1mVlZQYjVfNEtLaVlCR0FQeDlCNTA0VldmNzRBRjhob3p6eUFhTVlqTTJmdEFTYUVhUllsYnNKM0pCY2szTXFSdGY4MzFIMDdFOGdla2x0dE90MGFpRUF2QVZjVm0tSlpGU1MzVkRIUV96OXJSMGtCTVlQR0tLbnk4djJHUnExa3UwVDIyX21TRmRjd0hVX2JM,More,17 hours ago,2026-08-19T15:43:01,Energy Security,"https://encrypted-tbn1.gstatic.com/faviconV2?url=https://umaine.edu&client=NEWS_360&size=96&type=FAVICON&fallback_opts=TYPE,SIZE,URL",2026-08-20T09:24:14.331052
CISA explores single contract for cybersecurity software purchases,https://news.google.com/read/CBMinAFBVV95cUxQSUVaNERIXzJQcHE0VzZ6Z09FcVJxQktNem9UYmsxZ0Fwb0tXZFJPQ1Z3SzFtamxvaVpiV2pubHhxb3ZNRkFhdjQ0bmF3WFpUa0pLUE16Q3pNWTcxRE5XRGRPNVRYQnZFazVlcEdyOVplbU1tdDNHT3I1YTBQTFBmemVZLUVlZ3pkSmpoX2pyMDBaNng5S1FiaWluSlk,More,17 hours ago,2026-08-19T15:38:38,SC World,"https://encrypted-tbn2.gstatic.com/faviconV2?url=https://www.scworld.com&client=NEWS_360&size=96&type=FAVICON&fallback_opts=TYPE,SIZE,URL",2026-08-20T09:24:14.331055
"Russian drone strike on police headquarters in Zhytomyr kills 2, injures at least 40",https://news.google.com/read/CBMinAFBVV95cUxNdS1EbGJVTWkzRy1PbG5zV1pldUhSNjZ6MWltRkpBMFJ5bV9HcGJIT3U4dWtyRk9FNEFnSEdZMnVfTlNJVHVqSjVvY2lTRUp0R3NfU2JZU0NRLW5NTDdvejRuRkFCVzRhUW15QXg0SXVleEZQaGZkanFkdFh5NWZKUDVzZlBXNmR3UlU4MWpmMUdWNjhuLXZMamxQeEE,More,17 hours ago,2026-08-19T15:38:33,Kyiv Independent Fresh,"https://encrypted-tbn2.gstatic.com/faviconV2?url=https://kyivindependent.com&client=NEWS_360&size=96&type=FAVICON&fallback_opts=TYPE,SIZE,URL",2026-08-20T09:24:14.331057
Book Week costumes are serious business in our house. But this year I’m grateful for the easy way out | Myke Bartlett,https://news.google.com/read/CBMilwFBVV95cUxPUDNBcEZIQzdIZUt5ZWhYXzY4M2JGWTF2YzJGQlNVcGZXcEFhN0RqZGNuV20tNWtQOWNaZmVtWTJPYjNOeVpkb2RNR0JrLU1FbGdjSWN6VzlHSmNRYXR1QTJkbEY5Zmh1VFNSdWloQV85QXpHMVdFZFZzSm8tSHdnSVA3a25zX2VXT1AxeFpXUjJKcXBXVW5Z,More,17 hours ago,2026-08-19T15:38:00,Guardian Fresh,"https://encrypted-tbn0.gstatic.com/faviconV2?url=https://www.theguardian.com&client=NEWS_360&size=96&type=FAVICON&fallback_opts=TYPE,SIZE,URL",2026-08-20T09:24:14.331060
Wiz Penetration Test Findings is now GA,https://news.google.com/read/CBMiZkFVX3lxTE92a3FsbVNhTV91TTJDYlRJLTZrY19pVWFtSnpkTWkzNURxSDYwZjZtbDNla0tJVGJxUkp6LTAyN20wQmtoRGhGQ09MSWtvNmR4b2hfYzg4MnFfRDZ3dWFCTjI2aDYxdw,More,17 hours ago,2026-08-19T15:36:58,Wiz,"https://encrypted-tbn2.gstatic.com/faviconV2?url=https://www.wiz.io&client=NEWS_360&size=96&type=FAVICON&fallback_opts=TYPE,SIZE,URL",2026-08-20T09:24:14.331062
"Police say fire at West Bank home was due to electrical failure, contradicting Palestinian reports of settler arson attack",https://news.google.com/read/CBMi7gFBVV95cUxNc196X0QtUkVrRl80TEFfMzJvWG0wVFhkWFk0MjJPeWhlVW9zUHU0UXBvS3FaYnhWd3JyZ09kQ2tmNVZTRFROS2hHd2RGY1cxWTRla1I3QlNuU3ZZX3IzTnIwR05oM1dIYkZWS1E0X2l5NF9hbHpldDhJYmI0d2I1M2R5dVV5RXBDVTV5WExrRS04R19TSVBjbllWZXBXX2Q3U01iaTA5THRyNDBPQ0FRSlhGV0pRT2FlYnVXc1lnY0gydE1wcG4tVXlxVGowRjN1aG9ic2FtUHVjQ3hfLUtHNVd6N1dxb2NwMDlmTnRR,More,17 hours ago,2026-08-19T15:36:11,Times of Israel Fresh,"https://encrypted-tbn3.gstatic.com/faviconV2?url=https://www.timesofisrael.com&client=NEWS_360&size=96&type=FAVICON&fallback_opts=TYPE,SIZE,URL",2026-08-20T09:24:14.331065
Delta Incident Puts Aviation Cybersecurity into Sharp Focus,https://news.google.com/read/CBMitwFBVV95cUxORnIta1NEamV6OFRWN21zM0pZZ0FTaENhT2hJMVljZWhldG9DNkdmakxxM3VnbHBYYWt5YU5yd1pVSW8ydlFvcUhPRzNNMnV6eVdNT3k4c01ZNmJQQmk4RWplWVpqbnhCZ1Z4b0xjaXpHRGE0Nlo5ZHplS2hNNS1xb0RlWjVHYzdSMlNUVUJMNzdCOTJTQzRQd01pbVBmaXB4U081X2d1Wk1OUU83XzRPTmhSVkRzSnM,More,17 hours ago,2026-08-19T15:35:01,Middle East Cyber,"https://encrypted-tbn2.gstatic.com/faviconV2?url=https://www.satellitetoday.com&client=NEWS_360&size=96&type=FAVICON&fallback_opts=TYPE,SIZE,URL",2026-08-20T09:24:14.331068
"Frank Beard, Beardless Drummer for ZZ Top, Dies at 77",https://news.google.com/read/CBMif0FVX3lxTE9XYWVMTUFGSlBEY2tXR2M1YWVPcGdvWG1qak5GLXNjenVjV0dFa05IbzM3UEhMMjhVY29oQmpENGNwSTkxX0hlSU1oZm82eGlndzFEemVPeEkzbnBXMGdscTR5MlhuQTAwcnhNRklwbW5UZzBjS1RWRllTcTBzR28,More,17 hours ago,2026-08-19T15:35:00,NYT Fresh,"https://encrypted-tbn2.gstatic.com/faviconV2?url=https://www.nytimes.com&client=NEWS_360&size=96&type=FAVICON&fallback_opts=TYPE,SIZE,URL",2026-08-20T09:24:14.331070
Safety and security of large language models in healthcare,https://news.google.com/read/CBMiX0FVX3lxTE9PaEZySVAzb1RkemdFREo1ZlV1d0l1SV91TFdodTFPX1FQQ2xHOVhvN214c3AwZldZRE5CYzdSM19wOEhIeklNZzZCZGFRYUxxSk0zZG9xejhJZkRYY2dn,More,17 hours ago,2026-08-19T15:32:22,Healthcare Security,"https://encrypted-tbn1.gstatic.com/faviconV2?url=https://www.nature.com&client=NEWS_360&size=96&type=FAVICON&fallback_opts=TYPE,SIZE,URL",2026-08-20T09:24:14.331073
Exclusive: Linux Foundation's Akrites to Go Live in September,https://news.google.com/read/CBMigwFBVV95cUxNMVJSNkJSOVJsVm00VFYxWWlqUHpBMktPMF95OHJjVVdsMmNQZUFiM0cxZDdTRVFwNi1LUGMyNlhiMzU0WXR6Z0xPeVRTdzNlSE5Ka0I4OVRJNlFqWWJLeGh1N2Z6ZTVIZnJyWkY4TEV2bXQ1eTRzSEYzYXNHUVEzdlpFYw,More,17 hours ago,2026-08-19T15:30:00,Network Security,"https://encrypted-tbn3.gstatic.com/faviconV2?url=https://www.infosecurity-magazine.com&client=NEWS_360&size=96&type=FAVICON&fallback_opts=TYPE,SIZE,URL",2026-08-20T09:24:14.331075
"Ukraine Is Winning In Escalating Space War With Russia, Scholars Say",https://news.google.com/read/CBMiwwFBVV95cUxNNWNvVjBLdFpMWWlCT09sS2RySkpQZjc0OTdEbVo0QW1weWhPdUcwSk9vR3pvdUd3WnNYQ2w0VXdaQ3lRVWd5aFhybHR3ejZtVkJOcllKVDNrY0xvc0tGOHQ0Q2kwcHdFUmFJT1pCQUFGc3NkdHZoVldCeXJTa1hmTmtzZ2ZaUU16M3BBcEg2Ym9aMXh2NUQ2MWYzUXJva3ZTSWVpNkFfa0c2eWZIVzlyd0FOaXBCUEFhMmFxWVZrcUt1S2s,More,17 hours ago,2026-08-19T15:27:01,Forbes Cyber,"https://encrypted-tbn2.gstatic.com/faviconV2?url=https://www.forbes.com&client=NEWS_360&size=96&type=FAVICON&fallback_opts=TYPE,SIZE,URL",2026-08-20T09:24:14.331078
Wyoming’s FRNT Migration Signals Sovereign Shift in Blockchain Infrastructure Risk,https://news.google.com/read/CBMipgFBVV95cUxQd0xvRnlid2dpRHB2RGw4ZDkxS1p6VlNmbXJZV1NYN2g1VC1ZbjdVdjRjcVN1bmt6RmFtb0JhUFpnWXRjdzRRajN3aUc1S3VMTGFjNzQ0a3VndmtiR0dXUmFHY01PeTRTanI3dTRfSldPcmNmRmktS2RIMzhjaEk1cmtiUWtqbG1femVvMGl4MlFPYnFFa2FtWUlidDUzSWJkWnViV1FB,More,17 hours ago,2026-08-19T15:25:00,Lazarus,"https://encrypted-tbn3.gstatic.com/faviconV2?url=https://forkast.news&client=NEWS_360&size=96&type=FAVICON&fallback_opts=TYPE,SIZE,URL",2026-08-20T09:24:14.331080
UAE imposes financial embargo on Iran after missiles target ‘maritime traffic’,https://news.google.com/read/CBMisAFBVV95cUxQOEpFOGZjVFRja0JBVFI0bWd2UnY5UUhZSVctUjJTaTNQbGxxMUo3bFFKMTIteDZqWDNmaGsxV0p0X0tURVVULTNfLW8zLWFuY1BtMDZfRGNKZkxXNVByTjNhcy1pNTJzR2NDa0s2VkdYWEVMX01RaG12QzkwNUJWQkpuWmlpaGI0dlFDM0U3N0lSTTU0S0VVNk1ZOWw5RGxESnFpWDBreFg5QnFHSWRTcdIBtgFBVV95cUxOZUhINGRWZjdJZHRJdW5sVHpxUU1pUmNQSFNFOXZKWWd0SnZRblA3WUdsS0JuaVFJR3h3MnJrSTJEYVJocW1UZ2gwWEJVRmpaNVI4V0h5TmZHVnE2d1J4U3huYVdSQmJWUmxpZXBsQXZpY1BDcTBrRG5vQUV3MlZSRVVxLXRTcHIyWWF0eS1pRncwREYwWWRRa3dnUG5YVWZCZFhZQlB5NDdDcTh5WGF5aVFkclNPUQ,More,17 hours ago,2026-08-19T15:24:00,Times of Israel Fresh,"https://encrypted-tbn3.gstatic.com/faviconV2?url=https://www.timesofisrael.com&client=NEWS_360&size=96&type=FAVICON&fallback_opts=TYPE,SIZE,URL",2026-08-20T09:24:14.331083
Crypto-linked cybercrime saw another record year as ransomware risk rises,https://news.google.com/read/CBMisgFBVV95cUxObHRKSXVvTUJnUGdxU0d0VFVvUDlpdzJyb0cyRFJyTUgtSlZoNndoejhsdHNOUG9QRW9qdGR2bFZ5MTRGYXhXaXpkQ0EtcFp1LVZGZ1BvcG55WnYwVlhLWGZrcXJMUEwwaGVGS0NnRnU1emtwNDVtcy1rU21EQ0dnVW9PSENCT2RBLU8tOENKc0NTTWNvVF81MUFPQ0k1NVBrQWFsOGdZVkZadEJQbWlEMUtR,More,17 hours ago,2026-08-19T15:23:51,LockBit,"https://encrypted-tbn1.gstatic.com/faviconV2?url=https://businessupturn.com&client=NEWS_360&size=96&type=FAVICON&fallback_opts=TYPE,SIZE,URL",2026-08-20T09:24:14.331086
China-Nexus Hackers Target Myanmar Diplomats With QUICAgent Go Backdoor via Malicious VHD Files,https://news.google.com/read/CBMiZkFVX3lxTE9LN0lxYzlQbTdPNy1KakpRNVFCa2RxeGRtZWNscW9Od1JubGxwVVRoR2lZeVQ1WGN0dEI3WUwxaWgzZHAxejFabHluOUdwU3JsOUFCQjh2U0F5V1JnS1QzdlpkcG5pZ9IBa0FVX3lxTE1icEFnTVhDeUFEcUlFa0J0MDJYdndWS2hWenJJVWlUUGRUQVhNdnZTTUZiQVB3ZmhmcXNTN2l0dXo1OXFCTVYtb1NyRHVPcFFaTTBLNFpqLW92X1AzTjA4ZkUzTkJDZ1dhZ2Yw,More,18 hours ago,2026-08-19T15:21:57,Malware,"https://encrypted-tbn1.gstatic.com/faviconV2?url=https://gbhackers.com&client=NEWS_360&size=96&type=FAVICON&fallback_opts=TYPE,SIZE,URL",2026-08-20T09:24:14.331088
CrowdStrike Warns Claude Mythos Could Speed Zero-Day Decisions,https://news.google.com/read/CBMiakFVX3lxTE9CNXp3QW5CNHhyWGpURG5VMTByLXBOb2JaWmhMVGtmQUZwN0JkRWxhNGpLV0ZkUXlkbl9JUzY3NWZ3UGJqWk1xUzNzV1lXbWJ1THFKTDNTY0RDaDNXUmNxZTNGNkZ3OHlnaUE,More,18 hours ago,2026-08-19T15:19:52,Zero Days,"https://encrypted-tbn3.gstatic.com/faviconV2?url=https://yellow.com&client=NEWS_360&size=96&type=FAVICON&fallback_opts=TYPE,SIZE,URL",2026-08-20T09:24:14.331091
Benchmaxxing: When the Benchmark Becomes the Target,https://news.google.com/read/CBMijwFBVV95cUxOQkQzT0k0UTgxZkdYR25wWDZ2aTh2eUdhTXhqV0NUWllFTzlzZkpCMWoyZXNTTDZDNVprXy1VUmNJRjFuZlNRNXNFcXI4V3VZNUZ5M1FZa0xwUFFURGVjNVBUMHlZU2dEc05rWGZSNEJ1alB2SlE0QWk1bkEwcnBJWU1yWXNsdXA4R1VTblQ5QQ,More,18 hours ago,2026-08-19T15:19:51,CrowdStrike,"https://encrypted-tbn2.gstatic.com/faviconV2?url=https://www.crowdstrike.com&client=NEWS_360&size=96&type=FAVICON&fallback_opts=TYPE,SIZE,URL",2026-08-20T09:24:14.331093
OpenAI Is Pausing Some Work Due To Safety Concerns After Finding It Could Pose Critical Cybersecurity Risks,https://news.google.com/read/CBMirwFBVV95cUxPa1d3YlZBaFU0QmwxUnZtTmdOcFJpeVdyeEhPNjRPRGs1Q1QyWGFwcEtWVFJ6WVcwTmhoQk9UbFk3VnRsSGdmdmNqWXpzM3IzSXV3ekh5eWhGVWRHbjNPbzNXbTVNbnVpNmVGMjZpUzQycFBrMEM4WjZJUjhwTjI1cDY5UWxSeWNkdnhWai04QVV5cDZJbEk5TEE3ZkhqZUw2eU9wRnA2UkxKME1VNFpz,More,18 hours ago,2026-08-19T15:19:01,IBT,"https://encrypted-tbn0.gstatic.com/faviconV2?url=https://www.ibtimes.com&client=NEWS_360&size=96&type=FAVICON&fallback_opts=TYPE,SIZE,URL",2026-08-20T09:24:14.331096
Axis of Aggressors: Confronting America’s Authoritarian Adversaries,https://news.google.com/read/CBMipwFBVV95cUxOMVJXcGwydVd1eTJRaE1UZnVmX0I5Z0tSU2piN2c4d2JiY2l4aVFOTExkazlpZTlzMzFHT0FRSFNBYklIWVAteDh2SWVlRVdVQUN0OGIzZWxoM0F4TUpoQVAzSjQyTFZaMVl6UlQ5RUVfM1cxUHBaQ1kyeUx3Z2xqLWR6eUZNbnVFYmlnUjN6SEhSbUdqVzJidmdDeG9wOG5ZaWtCdG5LMA,More,18 hours ago,2026-08-19T15:17:17,FDD,"https://encrypted-tbn2.gstatic.com/faviconV2?url=https://www.fdd.org&client=NEWS_360&size=96&type=FAVICON&fallback_opts=TYPE,SIZE,URL",2026-08-20T09:24:14.331098
"DW News. . US President Donald Trump has described North Korea as ""unthreatening,"" pointing to his ""very good relationship"" with Kim Jong Un. But as Pyongyang expands its nuclear arsenal, tests missiles and deepens military ties with Russia, how serious",https://news.google.com/read/CBMikwFBVV95cUxQZkRvU01JYjdweXR4UW1xNVBxR091ZTl4dmVVY2ZCdFhUaG96cG8yYndid3JodF82QVhjM05CQXVMeWFMVTZzay1WT2NSdkFkOEF2Y1RDVjY0NFdqZDdZZkdTS1JJM2gtOXl4VU4wWjJ0SVkzUGpHN3gxVFJ0YkxQMEFZOGJKdUpHWnY4REN1cjVTRmc,More,18 hours ago,2026-08-19T15:16:51,Russia Cyber,"https://encrypted-tbn3.gstatic.com/faviconV2?url=https://energydigital.com&client=NEWS_360&size=96&type=FAVICON&fallback_opts=TYPE,SIZE,URL",2026-08-20T09:24:14.331101
Kim Yo Jong rejects Zelenskyy’s claim of additional North Korean troop deployment to Russia,https://news.google.com/read/CBMi3wFBVV95cUxPOGFQNVROTlVsaTN0MW1FRzdUSVQtMmdqdjBFdndxWVlJeGpfMkVZbHlYVW1XRTh6MVBYQWNLMmJoVXQySGhxb29UczhhN3BEUzA3ekdYQ1JjY2VWNTV1d2tMclBRS3Vaa1MyMWNVZXFOeUJETFUxdGJGUlZ1ZHRBUWNoRmtpUkdKeXNmeGNUWkp5bE1pdEJNZTRaaG80THQwQklnWHBfei13eHBCT0R0eF9pQlN1b3YyVTNKdW80NVhzMXdwcWNETTlYYnBkbUYtUzR5WlJBMFNoWjdZaUVN,More,18 hours ago,2026-08-19T15:16:25,DPRK Cyber,"https://encrypted-tbn1.gstatic.com/faviconV2?url=https://businessupturn.com&client=NEWS_360&size=96&type=FAVICON&fallback_opts=TYPE,SIZE,URL",2026-08-20T09:24:14.331104
Hackers Use AI Voice Calls and Fake Banking Pages to Bypass MFA and Steal Accounts,https://news.google.com/read/CBMiaEFVX3lxTE1CZ1FjZHNkY3FBTENQaHRBY2M1STVvaFcwc2M5Q2tKSXNYaF9qOXdhWTNsYkNKZlotSlJiMzNIdlU3TWdxcDRHLTVSc09QOGgtcXhSVWFCdzV6TmpiS003ZjgzWjJvOC1w0gFuQVVfeXFMTU9ubF85WkMxdWtKN3E5dzlKM3Y2eWMzLUtEdTR1dXBfUjlBZWlQTWxVMHNYVWV0MEhYT3dLRl90enBmN3EyUnh4TkFTdWYyRXNkU01XT3JoOW9FSFdZOC1YTHZWV05PTXE4ZGZrdGc,More,18 hours ago,2026-08-19T15:13:43,Financial Security,"https://encrypted-tbn0.gstatic.com/faviconV2?url=https://cybersecuritynews.com&client=NEWS_360&size=96&type=FAVICON&fallback_opts=TYPE,SIZE,URL",2026-08-20T09:24:14.331106
Quantum-Safe Isn’t Cyber-Safe,https://news.google.com/read/CBMidkFVX3lxTE9oenAxRFJHWkFFeHJ4OU4wdjFtX3dsTGYwR2d6bDVTcjFMWGpGSlpVSDZ2NnhmaGhtVzNiNlczQmlGcWMtQ2JiaFAyT3kwMGdFODZBdEVNYWNWaG9JWURMT0JqekszWUZnT0dxY0hOWEs3MUFWWmc,More,18 hours ago,2026-08-19T15:13:22,Quantum Threats,"https://encrypted-tbn3.gstatic.com/faviconV2?url=https://securityboulevard.com&client=NEWS_360&size=96&type=FAVICON&fallback_opts=TYPE,SIZE,URL",2026-08-20T09:24:14.331109
"PA financial crisis: No budget for 'essential services' including infrastructure, education & health",https://news.google.com/read/CBMingFBVV95cUxPQ2MzdlNlTFZKTnhoVTd6LUhFUnA4cFJqVXhxY19VcWhObTdCUEtid05ZRU5xUGpNVjJ0OUlqMzA4MjFmS1ZCQktBTVRFbE1qaS1SdDZ3czJZNnhwSmd0NDVLc0lHWkU0Wnl6TUNwWVc4RXlNdnNKOE5PYkJGYmF2aFVLclNuX09KbDJIYXJXeGo2Vm9obFAwTnoySEFmZw,More,18 hours ago,2026-08-19T15:09:11,France24 Fresh,"https://encrypted-tbn2.gstatic.com/faviconV2?url=https://www.france24.com&client=NEWS_360&size=96&type=FAVICON&fallback_opts=TYPE,SIZE,URL",2026-08-20T09:24:14.331111
Sheldon H. Jacobson: America’s digital supremacy depends on our ability to upgrade the power grid — quickly,https://news.google.com/read/CBMizAFBVV95cUxPRUJKd0RETmExQ050SEhZMGdKdmpONFNwR0dyRllweExQbVNXTmNKUlVsSVRnUW1nS2hldUZtNnV2b3FtT1AwejIzZDBVVUJoOHVjckJVOFo2elJKVVNiVlhYeV9jRnF6dlBSc003VWc3b0V0T2U1b1UtbThkUm1HbGhtaWVwZ2xfdFBneWlVR0N5RmNpeEVpYVlSd3hMYnJQRnB5WXlPTndxTWpLOEdpc2FJbDRIUF9vaWs2THUtVllmSnhPN0V6RWNWNDg,More,18 hours ago,2026-08-19T15:04:49,Energy Security,"https://encrypted-tbn1.gstatic.com/faviconV2?url=https://triblive.com&client=NEWS_360&size=96&type=FAVICON&fallback_opts=TYPE,SIZE,URL",2026-08-20T09:24:14.331114
Threat hunters think about AI risk differently,https://news.google.com/read/CBMiekFVX3lxTE42LXlaWUJXQWxWTmFxYWtzUEtvVlAzSHhfMEF3VF9xbHliSi1jd1VGMFUtSUN6Xy1LM25QZU5jQnlPTXFieEVvTEVQaHZPUm9ITmFvOWVMRHduSlU0VVBJdHoyWXF4dkNNSERxZDMtbDJfNkJwdktVZDRn,More,18 hours ago,2026-08-19T15:01:36,AI Security,"https://encrypted-tbn0.gstatic.com/faviconV2?url=https://iapp.org&client=NEWS_360&size=96&type=FAVICON&fallback_opts=TYPE,SIZE,URL",2026-08-20T09:24:14.331117
"A ‘shiny, dangling carrot’ lured Jesse into gambling. He says Labor’s reform won’t stop others being sucked in",https://news.google.com/read/CBMi3AFBVV95cUxQXzdSSkxMQjJGR2UtRkJ1NWpuOWJSeEQ5YUwydjVGdU5DT0JqN0kzX2FIVzYzdnFkVkFOUkwtd3lpZFptTnVJRGh1cWV3ZlFNQmhSR0Ixczk4eGRfS2RqZXo0NFRSdWxzNWxsT29YMHNOZmFNTm5xZl90YmtYUXZKRTB6aXdIY01na0lfcEZUSVNfQlNBTWtzNDF1dVdJY0huNGVHWWFIVGVobW5wa3g1eWZUYXI2cjl5Mm50QzFNckhvTnh3SkxyejMxallveEdCSlkzMDFjSXo1NHE1,More,18 hours ago,2026-08-19T15:00:28,Guardian Fresh,"https://encrypted-tbn0.gstatic.com/faviconV2?url=https://www.theguardian.com&client=NEWS_360&size=96&type=FAVICON&fallback_opts=TYPE,SIZE,URL",2026-08-20T09:24:14.331119
Opinion | What Does the Trump Administration Have Against the 26th Amendment?,https://news.google.com/read/CBMigwFBVV95cUxNdy1QWlVTWTNmdmVEcFBQN3lmSFNMZl9OOHZLYlVISF9IVWI3UW01Z2stcElGTDUzbndLT0J3enVWclhaejVobTRGWkxVQTJCOFcyVlMxc1JzSzJOYVRHRnB4VU9XTU8zcnZ6MXZGbTJUaDNYcGQ4eGRGSlRWYnlEMkdwOA,More,18 hours ago,2026-08-19T15:00:06,NYT Fresh,"https://encrypted-tbn2.gstatic.com/faviconV2?url=https://www.nytimes.com&client=NEWS_360&size=96&type=FAVICON&fallback_opts=TYPE,SIZE,URL",2026-08-20T09:24:14.331122
"MaaS Campaign Combines ClickFix, ErrTraffic and Cruciferra",https://news.google.com/read/CBMihgFBVV95cUxOVksyaXhDZk0zMFpIYVZHblRKbDdsbDV2SUJodlJFZDhGbk9PZnVOdFk5TEZpUDctNXpPaWJIUzNmcG5FWTVJaEgxRE9KTThyamNtS0xvSTdzOUowZzdFUlQ3S3dyMlRMUkkxSk81RmNNLW5QMmEtUGJMTlp2TzhEVDRGT3IxQQ,More,18 hours ago,2026-08-19T15:00:00,Malware,"https://encrypted-tbn3.gstatic.com/faviconV2?url=https://www.infosecurity-magazine.com&client=NEWS_360&size=96&type=FAVICON&fallback_opts=TYPE,SIZE,URL",2026-08-20T09:24:14.331125
AeroVironment Hit a Bottom in Q2—Can It Take Flight in Q3?,https://news.google.com/read/CBMiugFBVV95cUxOWGVFRVIycVJ1ZDNYckxsaTJJT2lKYlFUbHloSzlSbzJtOHJDVjFaRmRGRWV5b19Qd29kSC1lQXJIRXRGTHZsMEhVa2pHd1FqaEhCRG5QRFZ1VnZtejlOWllNTGJLR1ZJbUI1aHFOZnQ1dlNjMDRiVWpONzNfUXVtZ0loaDIyMVo3Ri1fVVlyWEhzTnh3V2hPSUZJRmE1ekhLaGFuNkJScWt2YjVhRVh3Y3h4dTNneVRvdUE,More,18 hours ago,2026-08-19T15:00:00,Defense Security,"https://encrypted-tbn0.gstatic.com/faviconV2?url=https://www.tradingview.com&client=NEWS_360&size=96&type=FAVICON&fallback_opts=TYPE,SIZE,URL",2026-08-20T09:24:14.331127
"Fire Point confirms ballistic missile to be combat-ready in September, hikes Denmark plant investment",https://news.google.com/read/CBMingFBVV95cUxPY1RsZzFQcDJFcmhWa2d5eUtQQ1p6SHAwRnQwX0J1dVR2ckY0QUtzTmpFSTRfU2psaVJ0Z2lWUmpQX0xDc19vdm5waXRvcmtnT0stVjJYT2gwN1FQei1KRUFqYWxBVlJNLUlqRFB5RUs1aURrOUpuZmpKVVp4cHNzR0h2bmZpT19DTEd6RkhTd3V1MFA0SVFPUThLQ3MxQQ,More,18 hours ago,2026-08-19T14:55:09,Kyiv Independent Fresh,"https://encrypted-tbn2.gstatic.com/faviconV2?url=https://kyivindependent.com&client=NEWS_360&size=96&type=FAVICON&fallback_opts=TYPE,SIZE,URL",2026-08-20T09:24:14.331130
Chinese Espionage and the West's Aerospace Secrets,https://news.google.com/read/CBMijgFBVV95cUxOZGpMNmJCZ0VVZjFuWmY3T1hlN0t5dlZzenJPTWYycUM4ZVBVdldkRFk4d2JBTWFTVENnRUNpaHA0MmVwa3A0dUNfak16Z1FuUDh1OGFaS3NodGYzcHVqbEdsTXFkbmhVVVpFRmpvV1gzcGZYWlNHUS03eExwTG00dlRTZDFzU0hCOWw2eUFR,More,18 hours ago,2026-08-19T14:54:40,China Cyber,"https://encrypted-tbn3.gstatic.com/faviconV2?url=https://migflug.com&client=NEWS_360&size=96&type=FAVICON&fallback_opts=TYPE,SIZE,URL",2026-08-20T09:24:14.331133
"CWC backs two-stanza 'Vande Mataram', seeks to expand student outreach to 800 cities",https://news.google.com/read/CBMi3AFBVV95cUxQTW93anRmOFZDWXBHVzBaNkZBa0hLSDlVRWtDZ1J5TzhMVWx6ZGlCZ1lWMnFicW5BMmJNRmxFVGlSc09hZW52WjBQNGhQWmNCei1Kd2YzNS1MT3pGcEpPVDlaS1pCSTh5TWNkX2FyZnA5T1VwcWR3UW1rdnZxT0ZfVXl0dC1VcmhQOWpxMmNKb0RuQjNBZUk3NXc5cEdPQUZYSXM0RkRVaE5UU2ZUbHNwb0VQd3EtNng3Vk5rTjVwbm1CU05oUzdXOEt2S0JzaGNzVFN1c2JJZi1qbGpX0gHjAUFVX3lxTFBUclRtbE9lck9qclh3S2hCUG9Sc1k3c1ZpeUJjMXpmYU01RHlHLTBNVlZmMTh1LS1mUDUyM203eC1ZdEpIYWl4R0tNTXVydVQ4NzBFcGh0UnNPY3VGc3hZN3FySGpIMHp1OEdyMi1vNFFuSDh5cjRQSDBGMFVKa3ViellOeTE4XzB2dklkTDVKSE1pYm85dlNpeFBnNThqTHJPRkFHNXpKNVo1elZORkVhMjg4ZHc0S0RlcGNQeVpfOEVoejM0d0V2MWlBbG8tNnVZLUVudGQ1a1laSEJqcUl2eS1z,More,18 hours ago,2026-08-19T14:52:32,The Hindu Fresh,"https://encrypted-tbn2.gstatic.com/faviconV2?url=https://www.thehindu.com&client=NEWS_360&size=96&type=FAVICON&fallback_opts=TYPE,SIZE,URL",2026-08-20T09:24:14.331135
At least 10 said killed in Gaza airstrikes that Israel says targeted Hamas commanders,https://news.google.com/read/CBMitwFBVV95cUxOTTFqQnJqak1MT0lvUG9TUjZINnExQnN1eFFVdEc4ZW9rZFlfdEQwR1dLVjBzNVl1TlJtVnU2OVR2SXVnYVBpdHdiemxYZnNzNmNkc3RFS1ZUWHI2aFhRWU5YT2d1OEVpcTJFRmEyaTFvSmY1LWVYZ3d2S1JVQ1NGVVhlSThNcFZpYjZQYVQwb0VfcnJiSlJRVWxHbEpYQWdTQWpBZWRGT0ZVajVoeU0tb1RNa1ZObmPSAbwBQVVfeXFMTXlMZmV6YjJ5WElZVldYMlJkZGpmUFlpdHBTT3gwby1zT2ZBaHdKLURHcHpFeHo5aU9MVkJlNDZvRl9iZ0VHMjV1SkZ4ZGM3OU50Y3MwWHdlQzlrMDdwN0p0d002NU5rREI0aFB2aGFlWG9heGhsNlB6N3hXQlZieWJVZDIwVTZBWGtwV1BHbnRvUEdLRTRxR2hlLWdQUExJVGt6VGZ2dzc4MS13YTc2bjNHcDJMdTdQX2ZZSDQ,More,18 hours ago,2026-08-19T14:50:00,Times of Israel Fresh,"https://encrypted-tbn3.gstatic.com/faviconV2?url=https://www.timesofisrael.com&client=NEWS_360&size=96&type=FAVICON&fallback_opts=TYPE,SIZE,URL",2026-08-20T09:24:14.331138
India news: Several killed in Kolkata hotel fire,https://news.google.com/read/CBMigAFBVV95cUxQN2NjMU5LUnFQUFpLMGdHcmJNQzFOYm94YlRWVmllN1BrSG1Pd200X2Vlbi1WMndmc2x3YTI1TVNJRlNvTDFJYnZZemdxZTM1UUkzdEFTUm5BNE5kd2x2a1lIR25XT3A5T0lWaWRkejhadDZodjBqZl9CZUtuczdTUw,More,18 hours ago,2026-08-19T14:49:35,Deutsche Welle Fresh,"https://encrypted-tbn1.gstatic.com/faviconV2?url=https://www.dw.com&client=NEWS_360&size=96&type=FAVICON&fallback_opts=TYPE,SIZE,URL",2026-08-20T09:24:14.331140
OpenAI pauses work on new version of ChatGPT after it shows concerning behaviour,https://news.google.com/read/CBMimwFBVV95cUxNX3F4dDVmUkkwSE5Fbm9LNWtyRXRnSndnbUFUSFotMW1ibWpGczR0MXRzQmx5ZGdWQ2daNVZibGZfQWxfaHAyeWZQMXl6V3lmLVI4ckJhb0VUMHZHZmVUeE51bkI0NmpmeGJlVnI5NEpwNmhmUXV3akl5S3Vlc3JUeEY2a1EzNG5ISjZUNUZXUzRxLWd4VXA0WWNQWQ,More,18 hours ago,2026-08-19T14:47:00,Independent Cyber,"https://encrypted-tbn1.gstatic.com/faviconV2?url=https://www.independent.co.uk&client=NEWS_360&size=96&type=FAVICON&fallback_opts=TYPE,SIZE,URL",2026-08-20T09:24:14.331143
Why Traditional Vulnerability Management Fails in an AI-Enabled Threat Environment,https://news.google.com/read/CBMi6AFBVV95cUxON3BraURPbk5zLXdVMVBhTExOVTVydEZZbi05OTJzLVhCT3N6XzRNVzlzdGNVTHZ2Vm9uTlBRRU81RDFyNXhpVi15cGRkUmJBUGZhZ0hxcTFPLXJ2clhNU2ZETVVhZm5IaUFDV1RWU2R1cEoyUHRiaDl5WEllbjBmMUFsR2hPSmd4QktNZWdNblJLa3c1NTF1UWZ2M01Rc3NqWlZ4aXRveW53Nkl6TXY4MC05cll2bm1GTEZ4ZFNrdndJT2txLTF2Vm45WHFUX2pxTlBxOVlpWU1BejRoNUs0UktWX1JXMFVq,More,18 hours ago,2026-08-19T14:44:56,AI Security,"https://encrypted-tbn0.gstatic.com/faviconV2?url=https://www.securityinfowatch.com&client=NEWS_360&size=96&type=FAVICON&fallback_opts=TYPE,SIZE,URL",2026-08-20T09:24:14.331146
"Moderna, Merck Say mRNA Vaccine Prevents Melanoma From Returning",https://news.google.com/read/CBMiiwFBVV95cUxOLUhkUXhtcXpNZm5MUjg4NWNBR1JUNGRPaDVhdXh5aUg5WFBXSzNPSV9PVEU3ZV9VV2xPUExRS0E5WHlJS09Fc01wcWZwdHduTGZYX2FvdDNKQW9RSnY3c2FrV2FoZXVhM3FiMWNUVWYzQ2lHREdPenB1VWVOT3pVVkJGdzJsZE9QWllF,More,18 hours ago,2026-08-19T14:43:11,NYT Fresh,"https://encrypted-tbn2.gstatic.com/faviconV2?url=https://www.nytimes.com&client=NEWS_360&size=96&type=FAVICON&fallback_opts=TYPE,SIZE,URL",2026-08-20T09:24:14.331148
Here’s What Fauci Advisor David Morens Pleaded Guilty To Amid COVID-19 Probe,https://news.google.com/read/CBMiugFBVV95cUxQSHREUXZIcnJxYVFfMUxvOTNwaXJtRFhDZi1sNl9VbHB5QVBYZXEwQkFMOGEzekJQZ0ZidGtSOUItcFVnV2RGMUo5cEp5NV8ySGJwSmViTEdoMHZEWGczQ2ZON2ZjWkhKOXBzOFEzbjdvdGl6WktVbHFoNUhIQjdpSnJsZmZYS2pGWW1oS3E2ZnpjMmZNLVU2dEpRaVJKYmd1MG4zRktrUVNaUGxqNlpZbTNKS3JBOXZuZUE,More,18 hours ago,2026-08-19T14:42:29,Forbes Cyber,"https://encrypted-tbn2.gstatic.com/faviconV2?url=https://www.forbes.com&client=NEWS_360&size=96&type=FAVICON&fallback_opts=TYPE,SIZE,URL",2026-08-20T09:24:14.331151
Achieving Cyber Risk Resilience: Analyzing Alternative Policy Approaches,https://news.google.com/read/CBMipwFBVV95cUxNcHZfSUxzQTMxV09pSTJyVXFwSlRyUW5WZDRfMTNwejJzNjV6UVVLemhVUnE2VWx5T2gzRmxxN1hBc18xUFRxTmZSYlJ6TDVzR2hOMUtianlTLWpLSHZ2bnN5TnBOb2VsdHVydFllUFJJWmNZR2ItLUJlSzd0LWRWVk1mX19PaDM1LUVRWWgzUktCaTkxMUZ6dlRCd2x2LUdoRjJVeW9JTQ,More,18 hours ago,2026-08-19T14:38:04,Russia Cyber,"https://encrypted-tbn3.gstatic.com/faviconV2?url=https://www.nbr.org&client=NEWS_360&size=96&type=FAVICON&fallback_opts=TYPE,SIZE,URL",2026-08-20T09:24:14.331154
US charges 17 Iranians over ‘massive’ cyber theft campaign,https://news.google.com/read/CBMipAFBVV95cUxPbUFyMW1MZzVvaEhBcFZWcVJHaGVzT2w0ZDRNRXItaG9IT1VvNGxIQ1JCY3hZVEJqY3pBaC1vQzJ0STBxcmVFV2NocFR1X0ZzMnBhTU4xSFB5XzUwVFRrOXJvQzdCLWhGSDdYcXk4TnphNm4xdnUyV3BoLTFYU3RRb1VGckFfODFQYU82bWdUVlZLbEJjd2NDbExqSW0za0NvZjlRN9IBpAFBVV95cUxPbUFyMW1MZzVvaEhBcFZWcVJHaGVzT2w0ZDRNRXItaG9IT1VvNGxIQ1JCY3hZVEJqY3pBaC1vQzJ0STBxcmVFV2NocFR1X0ZzMnBhTU4xSFB5XzUwVFRrOXJvQzdCLWhGSDdYcXk4TnphNm4xdnUyV3BoLTFYU3RRb1VGckFfODFQYU82bWdUVlZLbEJjd2NDbExqSW0za0NvZjlRNw,More,18 hours ago,2026-08-19T14:36:11,China Cyber,"https://encrypted-tbn0.gstatic.com/faviconV2?url=https://nationalsecuritynews.com&client=NEWS_360&size=96&type=FAVICON&fallback_opts=TYPE,SIZE,URL",2026-08-20T09:24:14.331157
"Eight years later, federal authorities re-up charges against alleged Iranian hackers at Mabna Institute",https://news.google.com/read/CBMidkFVX3lxTE9fQUVGRlBBS1B2OU1HcUM1akZxbmdOVjVjSnphWlAzTlZlem1tM0x5TVBsVVFqSUpsOUEtMGdLZ181NDl0N0JfM2oxQzhqbTZibUNkUVAzZWVTWFJsbFhOM3hvcjRrcV81Q1pHU2FjSmZ3QVk3bnc,More,18 hours ago,2026-08-19T14:35:55,CyberScoop,"https://encrypted-tbn2.gstatic.com/faviconV2?url=https://cyberscoop.com&client=NEWS_360&size=96&type=FAVICON&fallback_opts=TYPE,SIZE,URL",2026-08-20T09:24:14.331159
"France measures more than 7,300 excess deaths – and counting – during historic heatwaves",https://news.google.com/read/CBMiugFBVV95cUxOWEpBM2M5M3U4X1Z5MFJLV0pMdy1ZS3FyeE9HYl9sZFpuSDlKWWVSVVpDY1VKVmtfbDhpaXVPU0tDVUZpWlFRQllmaEJkNjY3ZTNfOFlyMWE1WG1SUXM0eHlMMVdBbmZLNzNwZjltUTRURnhXWUg0UEl4T2FUUWE4YTVHS0xJZV9WUWl0STU1bzFYeVp5TV9CTXpZT1FNc0hQZG0zV3ZNLWxlMU9PU2p2TGFZY3pQWGMtTFE,More,18 hours ago,2026-08-19T14:29:13,France24 Fresh,"https://encrypted-tbn2.gstatic.com/faviconV2?url=https://www.france24.com&client=NEWS_360&size=96&type=FAVICON&fallback_opts=TYPE,SIZE,URL",2026-08-20T09:24:14.331162
Official Pokemon Site Hit By Data Breach That Leaked Customer Info,https://news.google.com/read/CBMiekFVX3lxTE5wOGNuT0JJQ0xMSjhPcEt3anpldTR2ZTJoaVdjYW5vcTZDcGg5dTNSSERSaWtRTFhFTEpTQ2luLVBGQmtnX0ROanVVbzRIc2h2WTY5Rm1Fc1FiRVhJaTJCYkF6ZW1MSXl1cVYyaUIxUktmUzJVR2RtQlVB,More,18 hours ago,2026-08-19T14:27:37,Data Breach,"https://encrypted-tbn1.gstatic.com/faviconV2?url=https://www.polygon.com&client=NEWS_360&size=96&type=FAVICON&fallback_opts=TYPE,SIZE,URL",2026-08-20T09:24:14.331164
Invasive spider that can grow as big as your hand being tracked in Smokies,https://news.google.com/read/CBMi9AFBVV95cUxNR3h6R3dESXVHeDczVERYVmhPaHBnaThtQV9CRWxTQ2V0NVFWYlk4NGQ0bnl0NndTTHpfVl9EN3dNR2tOME1EU21zQkhUbHREclBIeXJSN3ZwZ2FFU1JvNmtmdGdJMXYwUHZhVHNyR0RuZURpcnJsZzlkeFgtaF9VTmVpNlczLTl1NXlpZWxtS0pjLVBoYVVnOW1OcVlaREw5UnJlOWV6UTFwNW1XMS16ZTNNSmlFX0VLTnRRcm1rUFY1bUEyZllINW5hRzdOSHV0ODJpcWhyTnhZdHo5cUJPZ3IyQk9lNy1FUEkycGdMQXNEcmVT,More,19 hours ago,2026-08-19T14:17:00,Scattered Spider,"https://encrypted-tbn2.gstatic.com/faviconV2?url=https://www.local3news.com&client=NEWS_360&size=96&type=FAVICON&fallback_opts=TYPE,SIZE,URL",2026-08-20T09:24:14.331167
Family Bank Group Profits Jump 62% to Ksh 3.7 billion,https://news.google.com/read/CBMilgFBVV95cUxQaktkd3ZVQU1pUnpTQW1NU0t2MUZIYklaWEpabk96RjZYRmxMN2FSVGlsRDJlSGt4azE1bTFRb1d5OXJJNTJzU3hWRDhpaHlhMGc5SlV6NmY4X0pZNEZ5RVctR1FRU0xyWHZLTmE2YXZXYlRpWEktU1o1Q3lZLXBvOHdVMjZIa1JMWE82a3dqUVNCbkpYaGc,More,19 hours ago,2026-08-19T14:16:56,Lazarus,"https://encrypted-tbn0.gstatic.com/faviconV2?url=https://citizen.digital&client=NEWS_360&size=96&type=FAVICON&fallback_opts=TYPE,SIZE,URL",2026-08-20T09:24:14.331170
Cyberpunk War: How Ukraine Repurposes U.S. Weapons In Unexpected Ways,https://news.google.com/read/CBMivgFBVV95cUxPZ1ptaGtUMng3VkxOak4waTBGeHByTng1akpVTVEyRjlHbkRVVklZMXFYeEl0dzJMb3dFSTI0cDkxYUt1aXRyZFdGd1BTdVdySW82cW0zZUNDUEFxMnN4RlZ5VTVsQ0x5RExqWnEwejZRVlBQS3lPRDR2TUxQSkNBRFlpTktGUHVUVzRTdW1aamxLRVd0V2NfTVVuSk9ZN2dyb185OEZUamRHbmplNjlza0d2eGZ2dVV5QThmZG9n,More,19 hours ago,2026-08-19T14:16:12,Ukraine Conflict,"https://encrypted-tbn2.gstatic.com/faviconV2?url=https://www.forbes.com&client=NEWS_360&size=96&type=FAVICON&fallback_opts=TYPE,SIZE,URL",2026-08-20T09:24:14.331172
Australia: Erin Patterson appeals mushroom murder conviction,https://news.google.com/read/CBMihwFBVV95cUxQNUJXRm5aZ2F6am1MdU5vM1ZxUHZDYmdDbWJpSlBsN1JZRGI3VWt2V0pJZWR3WTZsRUc2UF8wYUdYUnN6NWxxUklFVU9LbldhRHJDS1dYamN2Ry1WWUgtcWVWLTZDbUpkSXFqVVNlQWlxWmluM3lSV3c3eGxaYlJfSWc2azBEb1HSAYcBQVVfeXFMTnFjY3l6ZHYzSkllUXJ5emI1RWpqOEMwLVprdUlmNlYyWDcyc1I5MnNPRHROUlFOcHJHOHRhQ3UwMEJSQjJrSTRMVTlXdTBPN01UUkNESm4yWnZxS0Y1VWFWQVpWaVdxYjc3M0dPWEttX3VpUFlKMS1lT2dKZEJtcDNzdUg3UG93,More,19 hours ago,2026-08-19T14:04:14,Deutsche Welle Fresh,"https://encrypted-tbn1.gstatic.com/faviconV2?url=https://www.dw.com&client=NEWS_360&size=96&type=FAVICON&fallback_opts=TYPE,SIZE,URL",2026-08-20T09:24:14.331175
Latvian officials resign after cyberattack exposes data on 1.2 million people,https://news.google.com/read/CBMiZkFVX3lxTE5meXFRVXZTU0U1OWsxVXMwckkxRzJCSGtHMWtuMy0zU1RqZjJ6UTJQelJGcVluU09aVmtpbEg3alM2Tk5NMEhzOEsyV2s5bUU5SllOd3JTS3dmMWk4elg4UzRVWVZyUQ,More,19 hours ago,2026-08-19T14:03:54,The Record,"https://encrypted-tbn0.gstatic.com/faviconV2?url=https://therecord.media&client=NEWS_360&size=96&type=FAVICON&fallback_opts=TYPE,SIZE,URL",2026-08-20T09:24:14.331178
Money and ‘a lot of noise’: how the US’ critical-minerals sector vies with China,https://news.google.com/read/CBMixAFBVV95cUxQaDBXdThrZXdBQlZWQjdZOEZDeVpCY0llTl9nY1pWRURrUU1kbGVrcTZjem0yN3M5QnJISEc4LV9pZTJ1WmhXbGgyNWF6bkNfbGdhcTU2VklGRFJ1T1RrZ0k2TTZDWnNjbXVUc0c0V1RHQUVtYXRSVGk0N2tsaW1MZVE4Y2Y1OFZCb19XeTZiaGVfSTlkX3RBOXhjVkVQQ2I5OGJhSlVUSVJ0T0hSaVlxd0dhWW5tcmFQY1d6RWMtY0Mtcm5q0gHEAUFVX3lxTFA2YjhDTHVpeW5OWkEyOTVpWTZJc0ZqUEdWeU9ELWJ4UGRkaGQxYUNlU1VQQzhNdlJQSjd0Ylg5dW9NdTlKaWtIMlhza2NTbDhLYmFtUzhqWmFPSE5XbU02NS1QWGVlRHI0d09MTUZGQ0NkTE41RmR2VEVyQ1lUaW01STd2bnI3UTRHOVZLaHpsOXFYUG42RXY1NFVMYWVlNWJWZXQzNTR1cGlIV1Q0N09IZmRIUVlSaXBFYk1iOWZ0V2pfTHE,More,19 hours ago,2026-08-19T14:00:17,SCMP Fresh,"https://encrypted-tbn1.gstatic.com/faviconV2?url=https://www.scmp.com&client=NEWS_360&size=96&type=FAVICON&fallback_opts=TYPE,SIZE,URL",2026-08-20T09:24:14.331180
China’s J-36 fighter jet designers report danger of military AI hallucinations,https://news.google.com/read/CBMiygFBVV95cUxNVkFIaWJVUWRnVXIxTU1ZVmcwQURfN0k0Vi11TWFZNFZzUkhmWmVySnI5NWFfb0FTRW5oNlF2VElvaUxLNGt1emV0eUVMUmFfMFpkd0h6QUpoaUxwZ1I5RkRGVVp1VGR4RkhhQXVuQlh5NmRtWU9XdXZMVEw5Y2VtLTdxYUlCLVhwSG9ZLWVZczc2am9lWTFuM21VM1BNLWt1UkQwUGJKeHdydmxmeDM2WGpta3F4d0RzYTR4M05zdkdZbklxMFM5S3JR,More,19 hours ago,2026-08-19T14:00:14,SCMP Fresh,"https://encrypted-tbn1.gstatic.com/faviconV2?url=https://www.scmp.com&client=NEWS_360&size=96&type=FAVICON&fallback_opts=TYPE,SIZE,URL",2026-08-20T09:24:14.331183
"BACKBLAZE, INC. (BLZE) Stock, Price, News, Quotes, Forecast and Insights",https://news.google.com/read/CBMicEFVX3lxTE4zbS1hck9vTWQyUW9fRWNXVlQxLUgzbTVIMVFXM0lKNExjMmtYS3RmYnRacl9nakZ2TTVXVDFPSEVzSklDOFBScEJjUXlXVFhpMUI5LW53M0hnMlJidlJvTHk5Rzh5UURFZXZwOE1rMHg,More,19 hours ago,2026-08-19T13:56:06,MSN Cyber,"https://encrypted-tbn2.gstatic.com/faviconV2?url=https://www.msn.com&client=NEWS_360&size=96&type=FAVICON&fallback_opts=TYPE,SIZE,URL",2026-08-20T09:24:14.331186
Trump expected to pick conservative policy wonk Heidi Overton to lead FDA,https://news.google.com/read/CBMiswFBVV95cUxQX1hrVlJHMTlJSkNkQjg3NW9Hb1FqNmJiNm1lSFpOYlZrRlloVUdjQWYxOUY4SElyWTFybUJwQ014dExMZEpSRmVnX3VhSlBXQlA1YjZRTkMyeWc3aEpPNlAxOFhJendmcFZpUHJJN1FhN01fZ2xrMnVEeXdlMnUwZnFjS2FKS01IcFlqN3VJeWNBcDdrc1JDd0hMZy1LbENsaGFHMGRuRGlTT1JhOVl3UTc1Zw,More,19 hours ago,2026-08-19T13:54:36,Ars Technica Fresh,"https://encrypted-tbn0.gstatic.com/faviconV2?url=https://arstechnica.com&client=NEWS_360&size=96&type=FAVICON&fallback_opts=TYPE,SIZE,URL",2026-08-20T09:24:14.331189
"Jeanie Buss contests vote to sell Lakers stake, calls family strategy ‘breach of trust’ - The Athletic",https://news.google.com/read/CBMingFBVV95cUxPMDE1d1BHcGFROGxYNGMwNWx0SGVPamFPU1lkQTk0Wk1ZLTF1SHRpTHBxTGY2bnlQcnVjRGtVMS1lQ1NsZDdqNHA0eUdZdFFjdUJ6QVhWV2c5eGx4d1prNWZPMGZ6MXU1MEo0OUx3SXdIZ0YxRXN0aHowdEtEZkVFWFVPUzRHZUlkZG9DekphTndiRnZvMzFJUWQ2QlNyZw,More,19 hours ago,2026-08-19T13:46:30,NYT Fresh,"https://encrypted-tbn2.gstatic.com/faviconV2?url=https://www.nytimes.com&client=NEWS_360&size=96&type=FAVICON&fallback_opts=TYPE,SIZE,URL",2026-08-20T09:24:14.331191
Iran hacking charges put cyber war exclusions back in focus,https://news.google.com/read/CBMivwFBVV95cUxNN3BVMlRma05iVExnSm9hNjhZdXhFLU9ZTzMyc2M0d2NqZG8tV09ERDQ4WHRhWWxDNGg1WXE2bHZfeHFsU1ltR3NEWThmYWxxM1dZeVFVMWVSZHBfRlVvTzN6cXJsNWEyaVdFT2RkeGlCRVFSNjd4WnBRMHViTG9CUmhnUmVsSzluZWJIZE5DUndjRHY1NTVCUmlydGZqRzN0X2F2WWFDVHZKMG51TUV4NGNxUXFMV3pFbHJOWnpqdw,More,19 hours ago,2026-08-19T13:43:39,Iran Cyber,"https://encrypted-tbn2.gstatic.com/faviconV2?url=https://www.insurancebusinessmag.com&client=NEWS_360&size=96&type=FAVICON&fallback_opts=TYPE,SIZE,URL",2026-08-20T09:24:14.331194
"Ransomware Hackers Pose as Recovery Firm and Demand Up to $60,000",https://news.google.com/read/CBMiY0FVX3lxTE1jVU1VallWRXd5ZlpoZEpNbUNGV3dEaWgycW54R0xyQUFEaDVGMzg4QV9yRnA5ZWpoNTAxVEFfVUlRazFhM21jaGZ4NUlfTjBCaXZ3U3RyMndFQjZxWHRWaUlIVdIBY0FVX3lxTE1jVU1VallWRXd5ZlpoZEpNbUNGV3dEaWgycW54R0xyQUFEaDVGMzg4QV9yRnA5ZWpoNTAxVEFfVUlRazFhM21jaGZ4NUlfTjBCaXZ3U3RyMndFQjZxWHRWaUlIVQ,More,19 hours ago,2026-08-19T13:40:07,Malware,"https://encrypted-tbn0.gstatic.com/faviconV2?url=https://cybersecuritynews.com&client=NEWS_360&size=96&type=FAVICON&fallback_opts=TYPE,SIZE,URL",2026-08-20T09:24:14.331197
Sirens blare and the streets empty out. Taiwan prepares itself for war,https://news.google.com/read/CBMigwFBVV95cUxOWDlCbXpsd1NiS2JxMnd6cEZxdGNvYWpHM2RnWlNxbW9PMHFZeW5vbkFhTzRBRkVoUXJ1Y003aTN3YjhfbnB2bUZacFhpa2gzaDNsSTJkUkU2NzdfYkZDbUpaZm16Q3dkT2oyZjVhc2dxMnlNRFQ0cWRUZkVJbDh0OElIQQ,More,19 hours ago,2026-08-19T13:38:23,Taiwan Security,"https://encrypted-tbn2.gstatic.com/faviconV2?url=https://www.aol.com&client=NEWS_360&size=96&type=FAVICON&fallback_opts=TYPE,SIZE,URL",2026-08-20T09:24:14.331199
Post-DEF CON Phishing Uses Google Doc Apps Script to Deliver Malware,https://news.google.com/read/CBMickFVX3lxTE1KWHBBaVlCdXllVjZyMXlMNlJMN0dVRDV0c1J3UVR4aHlYdWdXQURHOHJEamNlRmZQMllOekk4dlV1ZEVrVUoxc09TMnljZjNONHdQLTNBZWpqZDc3alhUTkgtNVhsdEtvQ2RoZjRXamRQQQ,More,19 hours ago,2026-08-19T13:37:57,Huntress,"https://encrypted-tbn1.gstatic.com/faviconV2?url=https://www.huntress.com&client=NEWS_360&size=96&type=FAVICON&fallback_opts=TYPE,SIZE,URL",2026-08-20T09:24:14.331202
The Economist’s digital-journalism internship,https://news.google.com/read/CBMikwFBVV95cUxPNFdnLVVBdnpDUTlfdGZOeDBXR0lGMU1fa05kV3A2S1lHNk5zeXY0c1FoUjdyRVhDcFAzMkxOaTJOMXc0aXU0dXJMQTExTThwQmxZNkR0TFJjaXVmWDJ5WHB5b3VHaV9ETzRjNnNkY0tndzBlN3hneXpCVWpOSWhsUVBDZXFTS1V1UGg2R1YyRWUxWGc,More,19 hours ago,2026-08-19T13:32:49,Economist Fresh,"https://encrypted-tbn2.gstatic.com/faviconV2?url=https://www.economist.com&client=NEWS_360&size=96&type=FAVICON&fallback_opts=TYPE,SIZE,URL",2026-08-20T09:24:14.331204
The U.S. Government Must Preserve the Soft Power of Its Sanctions,https://news.google.com/read/CBMie0FVX3lxTE5lNmNtTjVsYW4zQ2xhRGxrVlMxazgzV0tNWGRKRy10YXA5R09sMFk2YWZWeWRqdjBoYl9XMVZuQktsdUdTalY0RW1qLWpHU2RzS05TREVsSU1xZ0t3aFU5Wkt4eWEyYXprRkRKYU1VMjh3dlRZOHh1TGVlWQ,More,19 hours ago,2026-08-19T13:23:35,Just Security,"https://encrypted-tbn1.gstatic.com/faviconV2?url=https://www.justsecurity.org&client=NEWS_360&size=96&type=FAVICON&fallback_opts=TYPE,SIZE,URL",2026-08-20T09:24:14.331207
Second Ukrainian arrested in connection with Nord Stream explosions,https://news.google.com/read/CBMivwFBVV95cUxQeS1MMmVzMWlGYlpiZ3Bla3FQRHBiNTFnalhUR0NiMklJRjVQaElWYmVvLWNqcDB0TWZSNzJ5YkM3clo0WTkzU19EczA2bThlZzk2a3hrR0FVZHA4emZtUWlmaWxxQ1NmWS1NelJfOUpiZjNBU0RoVFZNSXZGX1llZXhKUmVNYnJPVS16bzZYMVh1bFJaQTZfT2U0d2xYa3dpQWJFdTlKQ21oNVp1MGk4TTFOWGpPZnB2LV9YYUZVZw,More,20 hours ago,2026-08-19T13:15:19,Euronews Fresh,"https://encrypted-tbn3.gstatic.com/faviconV2?url=https://www.euronews.com&client=NEWS_360&size=96&type=FAVICON&fallback_opts=TYPE,SIZE,URL",2026-08-20T09:24:14.331210
SilkParasite Espionage Campaign Targets Central Asian Governments with Five New RATs,https://news.google.com/read/CBMihAFBVV95cUxOTE1FeU9FRnBOTlRzaUM4SmRhazQwMjlVSVpHU3JEYkhwbVJKdFNPanZHOXl0UVdkYjlLUlpUaGFMZlg3WllpZ1hERG5jaDdpdW9wMmNBdTgtd0VZOGxKUWV1ZUlzTWtsLWNBNEY0UnRXcUw4ai1OMUJpZmd5VWNjVGJxU0s,More,20 hours ago,2026-08-19T13:12:00,The Hacker News,"https://encrypted-tbn3.gstatic.com/faviconV2?url=https://thehackernews.com&client=NEWS_360&size=96&type=FAVICON&fallback_opts=TYPE,SIZE,URL",2026-08-20T09:24:14.331212
"Augmenting Threat Intel Analysis with Agents – Sai Kiran Uppu, Chris Wallis, Ramin Farassat – ASW #396",https://news.google.com/read/CBMimgFBVV95cUxNUGgzWU5aUHNkZU0tbGRNSE1Id0h2bEpIclRDQWxPUjF3aDB0bmdWOGFrX2xWbVNzY2RmY29hY1phMDZidW9jQjdWR1hMbXJfNFh6Q2JaZE9ENXl3UEMzejhnUFhYVWtKTnpkN050eVowQ3JheWw2ek9mRUQxbXBjblZfQnk1ekVtVHBSem1oYzZfVks2bHlBM1hn,More,20 hours ago,2026-08-19T13:08:42,SC World,"https://encrypted-tbn2.gstatic.com/faviconV2?url=https://www.scworld.com&client=NEWS_360&size=96&type=FAVICON&fallback_opts=TYPE,SIZE,URL",2026-08-20T09:24:14.331215
Palestinian factions explore broad alliance for November elections,https://news.google.com/read/CBMiqwFBVV95cUxOREpIWnFlWlVGbThORFVUaU1SWDk3S3hiTW1yWWN0SmRRSDI4cnItS29xNmxmMmJhRDNqMTJib0Fsbi0wU1lmVTFER3FLVl9Da2FMTXNOeGI0eWxFTFh0RzBuOWJ4X2JvMmlSUC1TWU5XaTRhNGhsUC1VYmJ2Y3JiRGQtMDMwaXV4NVo3eTNZSENnb05nejFsTElfOXkzTnJGanJoaDk1TkU4bTTSAbABQVVfeXFMTjYxVWhDRXdxS3gxVDFGOXBwR3ZmUXhJUnA2MU5zMTZ0a3ZoR3dRWWJCV2ZiY1VIOG5sa3ljVlpzaE9OTXhXUkQ2dTVHNElJMWRWMG5Vak9XZ1BRekVLTFAtUmU4VDBjeWFEWTBZYkpGT1FyTHBUTUExUmQ1bUNTaUpZNE9FYWNKeEJ2cUhnb1ZfMUdNYnZHRUthSUVvZFNua1kyZnhzbS1HRGJiRVpaUUw,More,20 hours ago,2026-08-19T13:08:09,Al Jazeera Fresh,"https://encrypted-tbn0.gstatic.com/faviconV2?url=https://www.aljazeera.com&client=NEWS_360&size=96&type=FAVICON&fallback_opts=TYPE,SIZE,URL",2026-08-20T09:24:14.331217
CareCloud confirms 3.7M patients had their medical records stolen in data breach,https://news.google.com/read/CBMitgFBVV95cUxQNnppMW1YWmlnSGpyMVdNeHhGOVNPWWR5SDlTS0kyOFkyc0hMTE5NemtxS1hndnRCQjlvb1FwbUhpYmt0UUVpM3cyR19EaDUyZVl3MWR5NW8tNmdlNVBrRHhEek1nRVJXaEhzYVdla3ptYWlxZDBUTHpTSGZyQnMzeTB0Y1VZNG5FSEhQdXZpTXF6b09JREw5LTV4NVRGX1NfbWpYOHBYTkZsWmpFdW53cndhSTZkZw,More,20 hours ago,2026-08-19T13:04:10,TechCrunch Security,"https://encrypted-tbn1.gstatic.com/faviconV2?url=https://techcrunch.com&client=NEWS_360&size=96&type=FAVICON&fallback_opts=TYPE,SIZE,URL",2026-08-20T09:24:14.331220
Ransomware Has Changed and Your Defenses Need to Change With It,https://news.google.com/read/CBMickFVX3lxTE1oUWRUTDNZQ2xmQUNjNWxxejIzRkl6RVdLamticTA5T2RTZDhMcTlKTmhDdHhJNFFwNzBTMnlIRXdPSFJLQklwVjY4cG1fdE5ocVpWNS12X1ZjSlBOSmZpRVNld1lxc2laeXVGc3ZZbnBBQQ,More,20 hours ago,2026-08-19T13:02:32,Scattered Spider,"https://encrypted-tbn0.gstatic.com/faviconV2?url=https://blog.knowbe4.com&client=NEWS_360&size=96&type=FAVICON&fallback_opts=TYPE,SIZE,URL",2026-08-20T09:24:14.331222
Vietnam’s Cybersecurity Evolution: Classrooms to Digital Resilience,https://news.google.com/read/CBMic0FVX3lxTE9tbEZpbDFaR0NxQWFpY3pIZ0Y4MjZ3bHkyZXd2S25YQTg3UXhiQ1hFOUYwNnJtcWJleUJHWkJEWC02cnAzVVhlNmE3ZkN6VHppYnAtUkFYX3lqSDJNQS0tMlRXMGY1aWt3NXpja2VxOGQ5RG8,More,20 hours ago,2026-08-19T13:02:32,Financial Security,"https://encrypted-tbn0.gstatic.com/faviconV2?url=https://blog.knowbe4.com&client=NEWS_360&size=96&type=FAVICON&fallback_opts=TYPE,SIZE,URL",2026-08-20T09:24:14.331225
US Treasury to boost long-term bond purchases in bid to steady market,https://news.google.com/read/CBMihAFBVV95cUxOSkVfZnNlN21BaE9lNi14cmdLN1prYmRReE1KSlZOTTFIUnJBNFFEakIwYW5KdU1FTEIycU03RjF5SWE3NFFVVHMxcDlNcDl3R3ZHN3JULWppeDVIWC1kRUE3WV9ORGNCMG9KcDU1b1htRy16S2pobHA1Vm5xcFZsWU5pcVQ,More,20 hours ago,2026-08-19T12:59:45,FT Fresh,"https://encrypted-tbn2.gstatic.com/faviconV2?url=https://www.ft.com&client=NEWS_360&size=96&type=FAVICON&fallback_opts=TYPE,SIZE,URL",2026-08-20T09:24:14.331227
Vine-Inspired Divine Revives Six-Second Loops—and Bans AI,https://news.google.com/read/CBMimwFBVV95cUxNVUtteE5lLWhuVmdrWlM5NmRmRDJ2bWd0S0hveThESHp3RXY1bmtfQWFiV2RKbDJFTkh3a1dCOVVUNWlJNE1XOHZwaV8tMk1tQXMxS0Ytd0F3cFlveWxfbE1ENnlqODllYzlOdHRjQ2tVVFAwMTJPU0J6ZG9aYjBfd25hV015N01fX3ZWZnBsWHVkQXZPR3dsVWdzZw,More,20 hours ago,2026-08-19T12:58:00,WSJ Cyber,"https://encrypted-tbn1.gstatic.com/faviconV2?url=https://www.wsj.com&client=NEWS_360&size=96&type=FAVICON&fallback_opts=TYPE,SIZE,URL",2026-08-20T09:24:14.331230
Windows Defender Update for 0-day Vulnerability Breaks Virus Scans,https://news.google.com/read/CBMiekFVX3lxTE1hNlY3RVMxX2kzbHp2UHl2ZzFlUUw2YVBNaDlsekpiTHE3YjZKQ0JNamJ1NnZzVWtXUmJwdUlXc1ZfVlV2WG80VUp5VFZ3SnNPX2FCalM1cUZQWkxBd2xSbF8taVJ0THlvUHhBbk4wamwydDVJcVAyZFRB0gF6QVVfeXFMTWE2VjdFUzFfaTNsenZQeXZnMWVRTDZhUE1oOWx6SmJMcTdiNkpDQk1qYnU2dnNVa1dSYnB1SVdzVl9WVXZYbzRVSnlUVndKc09fYUJqUzVxRlBaTEF3bFJsXy1pUnRMeW9QeEFuTjBqbDJ0NUlxUDJkVEE,More,20 hours ago,2026-08-19T12:55:14,VMware Security,"https://encrypted-tbn0.gstatic.com/faviconV2?url=https://cybersecuritynews.com&client=NEWS_360&size=96&type=FAVICON&fallback_opts=TYPE,SIZE,URL",2026-08-20T09:24:14.331232
Khmara and Sybiha outlined key priorities in their roles as heads of the Ministry of Defense and the Ministry of Foreign Affairs,https://news.google.com/read/CBMi5gFBVV95cUxNUGFtdTJHRmtnWEdvbWhZSWpYcFpMMjdpeUFOMXdQd005ZXZ6LS03MTN1RlFkcmtNdVBlUEptci1ta1BFWURITGg2eXVTV0ZOdHczaEt4SGdlUnRMX3NXS3VrVS05ck5SRV94SlJLYnBrTWZWN09hd2gtN2I4V21aR2pLZUd0UTA1bUtZeDFiY0xLaUpDdlRob3g4X05JUzNXSXh6VDZRU2N3YUZHZk9HeG1EZ2pzOFFMNk9BY2VMZVo0NkZMVno2YUJSRmRUZVhBTS0tb1Z1eExlb2I5aTBUQWROQV9LQdIB5AFBVV95cUxOYnN3YUt4cHluQnlYR1NaVFpYRUZPR3otV2JLQ2EtLUc0bUg5ckwteGJDZ2JLNmd0d05NU2JVY1B5aHBzbk90dEFGazRjMzY0SGFJN1dxZDVHMDVhSm5PQ1FLd2FfU1pPQXhxQXNwY2dCNHBEUWtQRy0taUw0MjFfalBXcG94eE92ZnA1dExHUmdIQkNaemthd2dvMTBaVkV6dkUwR2JWQWdNenBXc3MzS1I2UU4tRV8xc1ZpWndhMTBxRHJQa3JkNzljQVdCc1BJNkx6emtFY2FRX2dUdXNYa08wb2M,More,20 hours ago,2026-08-19T12:54:22,UNN,"https://encrypted-tbn3.gstatic.com/faviconV2?url=https://unn.ua&client=NEWS_360&size=96&type=FAVICON&fallback_opts=TYPE,SIZE,URL",2026-08-20T09:24:14.331235
Former Ping Identity and CyberArk Executives Join AppViewX to Scale Machine and Agent Identity Security,https://news.google.com/read/CBMiigFBVV95cUxQcFp4bWYzd0prTW9uNjRhSHFnOTZfbGRwOExuR21Zb0tMdmZLV3dFWmtrb0VaMVloYUR6MjNTSG9Cdkt1S0dlN2VmWWhuRHhyUm5qRWxYcTJZNDVZcC15cG1xVlYxZi16SVFfZWVBSFlwSU5ENkNULXR1SGwzREpud0VwWldUTHdKX1E,More,20 hours ago,2026-08-19T12:49:24,China Cyber,"https://encrypted-tbn3.gstatic.com/faviconV2?url=https://www.thinkglobalhealth.org&client=NEWS_360&size=96&type=FAVICON&fallback_opts=TYPE,SIZE,URL",2026-08-20T09:24:14.331237
Seqrite Exposes Fake Recruitment Campaign Targeting Indian Job Seekers,https://news.google.com/read/CBMiogFBVV95cUxONzV3ajZqbExyQ1ZWRWNFUEo0cC1PZ2VTQlNzRGxRU20taWNXR09CclJWaG9yekRnMEl2SmVOSHlpZ1FrYjA1cDM2emllWVhmYUR4Tm1ITnU5VGV6V0dyNU1lOXpoOUlBeFVfejZGc0wyZWw4NkE4VllXUTdCOTZMdWRuaUQ2QTNvUXZuc1M3eDRPcWplRFh2TGxyREpaRUpEVEE,More,20 hours ago,2026-08-19T12:43:40,Malware,"https://encrypted-tbn1.gstatic.com/faviconV2?url=https://www.varindia.com&client=NEWS_360&size=96&type=FAVICON&fallback_opts=TYPE,SIZE,URL",2026-08-20T09:24:14.331240
"US charges Iranians for sprawling hacking campaign on government agencies, universities",https://news.google.com/read/CBMiXEFVX3lxTE9LTDJTRjNXWUNERmtNaE1QeVNRakFkSjVVNC1JRWRmRm1Qb0FUajE5b1NYVzl2V2daUFBjMDhYa3BmR0YxeXFhc2FfTmotcGRvQXZjV2xuTUpMd21E,More,20 hours ago,2026-08-19T12:38:41,The Record,"https://encrypted-tbn0.gstatic.com/faviconV2?url=https://therecord.media&client=NEWS_360&size=96&type=FAVICON&fallback_opts=TYPE,SIZE,URL",2026-08-20T09:24:14.331242
Postgres pioneer credits Oracle with helping his database take over the world,https://news.google.com/read/CBMizwFBVV95cUxNTUM1TXVUTjVNSG5BZzVrbE4xa2NFaVJHQlpMRXdvZ2h3WmVKY0FJOXpLeVA2eHlIemo5QmZmQ0Q1UVBtSWU3b1lYdG9haVd3LVA1LUxOb0JITnpKcDN0UWY5bXl6dlhkZ0VuRENBb1VWbzJHa1ZCTDhYZDFwb2dXRkV3eTJEY2huYk14X0JvdXF1MEFMMXoxRUlJZ0l6TEg5MmlQazZZMUQ4SVpsdzkySk9LRHB2Z1hRd3dzcUJXc2JzcENjR2dIOVFhMVNaSTQ,More,20 hours ago,2026-08-19T12:37:00,Register Fresh,"https://encrypted-tbn1.gstatic.com/faviconV2?url=https://www.theregister.com&client=NEWS_360&size=96&type=FAVICON&fallback_opts=TYPE,SIZE,URL",2026-08-20T09:24:14.331245
Introducing Sectoral Intelligence,https://news.google.com/read/CBMiowFBVV95cUxNMlVxeWtQcGFmeVJhY3hBdVhna3I0OGpCNjUwcmlfLUpQQ0VRTi1kdVVHYVhxZWdKNnhud3k4VXJXdTJJZVZuZmRIcm56VURDYXJ1Z1poYWZpNUhSblc4eGF3cFJNdEVzOE55SGQwY0JCYzQtNnZlTjdYOEZRbEFDQXdGUEgyZEtMQnJ4Zm05UTNyTVBfbGtrUGZnTG8zOUdia0F3,More,20 hours ago,2026-08-19T12:30:01,Advanced Threats,"https://encrypted-tbn0.gstatic.com/faviconV2?url=https://www.bitsight.com&client=NEWS_360&size=96&type=FAVICON&fallback_opts=TYPE,SIZE,URL",2026-08-20T09:24:14.331248
Ukrainian Freedom Orchestra/Wilson review – white-hot intensity as Verdi Requiem shakes St Paul’s vast dome,https://news.google.com/read/CBMirAFBVV95cUxNYVR6Ri1Ja2ZHcjFYMXY0d2pQTm1nbDJNVDVKcHV0SW5YdXJHSS1uOTZNNFZRcDF3VDdQSUR2X3NKSjNVYS0zTWZManBrNXZrS2xEMlRnOEszVFNmWjFQempxdWJCaEpWZm9pU3VUcW44Q2Q2SUVwSG4takR0Z1M4eUd6TlM3ZmtuVlNwbmViYUZEZEVMZEcwRHlQRURVMnhoYUxMT2hiMXVIellD,More,20 hours ago,2026-08-19T12:26:00,Guardian Fresh,"https://encrypted-tbn0.gstatic.com/faviconV2?url=https://www.theguardian.com&client=NEWS_360&size=96&type=FAVICON&fallback_opts=TYPE,SIZE,URL",2026-08-20T09:24:14.331250
The Risks of Getting Russian and Chinese Nuclear Strategy Wrong,https://news.google.com/read/CBMiogFBVV95cUxQNmNLRFlmVWw0bllhTFdCdVdaZEdXS3hSdFItMUw0RmVvRXBiVHhSTzBxZWtoYkI2ZkZVWkJuNGhEdjRHWUc0OEY2aXdpR0lRMFByYkhKM1dVdW5DYXRENnUtcUdHQTJSekFtQXk5YnozaXVxWUdudjBYeUZsaXE1MUdIQVlEOFdmUktBbk9XdzlqMWRRMGx2QWd6a2FkU0o3cFE,More,21 hours ago,2026-08-19T12:03:54,Lawfare,"https://encrypted-tbn3.gstatic.com/faviconV2?url=https://www.lawfaremedia.org&client=NEWS_360&size=96&type=FAVICON&fallback_opts=TYPE,SIZE,URL",2026-08-20T09:24:14.331253
"Broadcom's Crossroads: A Security Breach, a Debt Dilemma, and the Weight of AI Expectations",https://news.google.com/read/CBMi2AFBVV95cUxQRE5aejFCT0hJRXJMMVc1Y3U3bEtDV0NfalBuOGp6OVUwSGluRDFvMWpJQ29zQU45WnlVRkVrZFB1aTd0OUJHRnV1NVBaU0JZWGdoMG53UmJsTDV2WXI1M1pLdWYyQ3p2X1ZrTmpnUW1vWEh3Y2k3T3FGX0ltMTQ0VklSQjZWM0FYekVFRUdqYXNhcnoxQTBKLW8wVndjMGFnVnRwbU9sWVlucDNud1pTSW52ekdmY2lEMURmdHZVYXFFX3ltbVVydVVnLW04cTJDUUlRUXFqMVQ,More,21 hours ago,2026-08-19T12:02:59,VMware Security,"https://encrypted-tbn3.gstatic.com/faviconV2?url=https://www.ad-hoc-news.de&client=NEWS_360&size=96&type=FAVICON&fallback_opts=TYPE,SIZE,URL",2026-08-20T09:24:14.331256
Trump strikes deal to buy precision missiles from North Korea,https://news.google.com/read/CBMiX0FVX3lxTE9veVVHVjh4bkJzbHFWS3lyV1UtSTctdWROSGFpLVdNRTZiaUlDa2h1SW12emVERGV6Rk8tb1lFcFE0MU5JNHdzVUYtVmpQTm5IUUlnNkEtaVduTHVpbnZz,More,21 hours ago,2026-08-19T12:02:52,North Korea Cyber,"https://encrypted-tbn1.gstatic.com/faviconV2?url=https://www.duffelblog.com&client=NEWS_360&size=96&type=FAVICON&fallback_opts=TYPE,SIZE,URL",2026-08-20T09:24:14.331258
Bybit says AI helped it block $700 million in withdrawals from user accounts,https://news.google.com/read/CBMivAFBVV95cUxOTWhVRmY2OEk0NUhBLTU3dFZLb1dpakd1QTZuVnNGVzVBb1c1MXVxYTM2ZVhNdGk1QnRCcXNseEhzUk80WWxpZEU0QzdtR0FPYmVLLTJVZzZ2MEMtY0dzUko1RU1aMkNfUXAtSFZGM3lGc21zaTlZcm9ZeU5kZmNJNDZoOFhBem5ORFBtSG9fWFZZZlZhSUl4ZjZ4eU1tNnM0SExOUnZEYTZPYjhIUm5rUHB1b0VfR3RaMGUxVg,More,21 hours ago,2026-08-19T12:01:09,North Korea Cyber,"https://encrypted-tbn0.gstatic.com/faviconV2?url=https://www.coindesk.com&client=NEWS_360&size=96&type=FAVICON&fallback_opts=TYPE,SIZE,URL",2026-08-20T09:24:14.331261
A Series of Unfortunate (RMM) Events - Huntress,https://news.google.com/read/CBMihgFBVV95cUxNN0JZSGhIMkNzWnR6YUpmeTBDUTFDb1N1UkdWLXYxd3FDTGRNN2VKOC1YZUVsY2VpQzQyMXhKa0hQb3Vfbm5taU41bUttODJXRkYtNlBsM2xoVExqQ0JsUTlEell2SWNkNlhsalU1dWw3VmxmTldKZHJJUGZtRTIyMFloV0xQZw,More,21 hours ago,2026-08-19T12:01:01,Huntress,"https://encrypted-tbn1.gstatic.com/faviconV2?url=https://www.huntress.com&client=NEWS_360&size=96&type=FAVICON&fallback_opts=TYPE,SIZE,URL",2026-08-20T09:24:14.331263
Global Post-Quantum Cryptography Market Size Projected to Reach $2.84 Billion By 2030,https://news.google.com/read/CBMia0FVX3lxTE1aampFX0N2M1E5SERDZFZiYmtMaHFMMTFEN2Q2Vk5hNnZHNFdSMWR1ODBLVm1hMXk3U21JbHJVWUFzNVRBMzBkOTBaN2dsVFJ4TFFMZWsxYlBaYzBjTjVOY3pTUHZVSFlaZXg0,More,21 hours ago,2026-08-19T11:59:00,Quantum Threats,"https://encrypted-tbn0.gstatic.com/faviconV2?url=https://www.tradingview.com&client=NEWS_360&size=96&type=FAVICON&fallback_opts=TYPE,SIZE,URL",2026-08-20T09:24:14.331266
"Man jailed for assaulting 59-year-old coffee shop employee, causing her to suffer spinal fracture",https://news.google.com/read/CBMi1AFBVV95cUxOWWZDS0w2ZTZiTmtkWUhWcEd4V1J1SWNOYVJJWFg3U0ZBaUFmSGNzRWxDVVBGWVpRUVNGRHI5bGJISWtaUTNMeGc5cWlrR0pzWFd5RmlFbVZackRYZks2T3pjS3gzemdqMEd6TmdmcWVFR1BYT0VkQktwNGE3NThFY0tHaE5pZThGVmFMWmlsdHVZQmZ0WXZfRlNsQ2VtZl8zaHg3ZTIxU2dxUmktQmJIc3RjcDRRMlhEVXNzNmRFRFQ1dC1tTlpfZHJUeG9OaVl2cTc0Ng,More,21 hours ago,2026-08-19T11:52:39,Straits Times Fresh,"https://encrypted-tbn0.gstatic.com/faviconV2?url=https://www.straitstimes.com&client=NEWS_360&size=96&type=FAVICON&fallback_opts=TYPE,SIZE,URL",2026-08-20T09:24:14.331268
National Medical Commission proposes single licence for doctors to practise across India,https://news.google.com/read/CBMisAFBVV95cUxPSktTMXFTbHhvVXZxSUVyNFUwYlIwQnMyRlVzMVhwdUlVdnN5NTB3R2ZIbVhlQkRVZXE3eW1YbzdieDlrVWFJcWNlM3FSY3VrZ2dCbHgzUHoycWtFM1NuaEVrelh6bS1nTzIybnFEWWpSTFMtNUlqTGJKR0RpNFV5VlBMMTlCbEIxY3dEa3prdVhlWUdWU3BuTXpDamloQU9CMWtZTS1JZ2JGNTR6amhfWdIBtwFBVV95cUxPaEpGVkprbXhlYUt0aVpoTHJGenk4eXFjTXZLM3RQUGlVaVc1c2I3NmxNdFROX192LVJiaEtiV1k4LW8zZVBPUGR4M1VpcGFkYUl0QVlQNVZ2eEhkRVRrNzJTdTg2RnNQS2t6b2VmQnhvWGZvaUFOZEVFSGFHMU5mNXhFd3IxWDcyenpuZnpoSlRMYU5RaTdjTDM0eS14ODBTMGxqT2dMS3lsT2JIVUc4elVhQzNJUkE,More,21 hours ago,2026-08-19T11:47:59,The Hindu Fresh,"https://encrypted-tbn2.gstatic.com/faviconV2?url=https://www.thehindu.com&client=NEWS_360&size=96&type=FAVICON&fallback_opts=TYPE,SIZE,URL",2026-08-20T09:24:14.331271
LLMs and Contextual Integrity,https://news.google.com/read/CBMihAFBVV95cUxNczJxU091RzVVdXNJME11SmhZZEdhcWM4RGdJSXMtUG9NTE9MM1pIa0JmWWFmWkpzamFNN2c0akhPOEFsbUMyR1FFZkRpNVNqUkhRcktpaktkWjZqNkxHOEhYZzNRMXJDZVdJNFZpdF84ekxYM3NZaVpvZXdYalRfVHh3YWo,More,21 hours ago,2026-08-19T11:46:00,Schneier on Security,"https://encrypted-tbn2.gstatic.com/faviconV2?url=https://www.schneier.com&client=NEWS_360&size=96&type=FAVICON&fallback_opts=TYPE,SIZE,URL",2026-08-20T09:24:14.331273
GitHub blames 8-hour outage on autoscaling fail and VS Code retry storm,https://news.google.com/read/CBMiwAFBVV95cUxOaE1hVTMtOE5TaVBmSTlXM20xRXVUaGx6cVZ1bGJOQjZGbjlRLU1xNXo2Qm9rZFgzSGVZb2diWWpwMUFnSUFZZmp2R3l3NkRNdmwtNU1CTGF5dXBuRlpWX05ROGNzZk5hWGI4SzMzemdlVm5Cbl9XRC1RVndGVDhxQXFnWnh3dDkxbmZCT2RaUWNXdTJVdHpNb1Rjbi0zMU0xR1ZlcHZrMzNNbFlLVFRidnZhdGprUnhTVERpUEQ0QmI,More,21 hours ago,2026-08-19T11:40:00,Register Fresh,"https://encrypted-tbn1.gstatic.com/faviconV2?url=https://www.theregister.com&client=NEWS_360&size=96&type=FAVICON&fallback_opts=TYPE,SIZE,URL",2026-08-20T09:24:14.331276
Exclusive | Malaysia fears military ‘miscalculation’ near Sabah amid US-China rivalry,https://news.google.com/read/CBMixgFBVV95cUxNWmhxWmY4MzJ0VjNBSzR6dzVCWEVOLXBUVkladzFDLWZieF8yTDJBV1RVY0h3cDdpMXdmZHd2SkpsS2dWME1HbVVEd3Q0Slg4a08xcm9EaWtVdmFmWlJhbTlYZUVRZ1M0dllpd3hEUnlMM1lqaTF0NU84S2ZKVWFJLXJJbFZ3QzZ4VjZUVG9HQkFTaEluZFBEazh0cXVNeFZxZlczVjBUaERIcDFkdF9uaUNUbUhYQnhCXy1sRkZYTnJ2MzhyWnfSAcYBQVVfeXFMTjdLQ2kydDdXVzVURF9zcnVvcS12OFVJd2VyMTFoRW43dHdpV0tVVFNmaEExU1FFVlRBNkJhWnVUTlpKTUNKT084dkgtblZLdERWXzlvUk1jb0FZRUZ5amoxRklwbG5NNzJiM0h6cUdqbnFYZS0xbHYwSkkyNHUzdzN5TlFYdC1YdGVKbkNWSkxrbGVtUm9ldW9JTW5RMFhWOHFmQ1dScExZUEIwMHM0anBKYW52UzdTRHFsQ1BVMm40UFZGSlV3,More,21 hours ago,2026-08-19T11:39:22,SCMP,"https://encrypted-tbn1.gstatic.com/faviconV2?url=https://www.scmp.com&client=NEWS_360&size=96&type=FAVICON&fallback_opts=TYPE,SIZE,URL",2026-08-20T09:24:14.331279
British free speech group hit by unease over Maga links,https://news.google.com/read/CBMihAFBVV95cUxNZ21Wcm40cnpiQ0xtQlVmMFkxUXBDRndKUi14WkZHeC1qVkpLTDV3cjcxR1ltRVNfaHd2RVZFcElKYmZYQ3dhQTNSOFRPVXhSX2NCcFpROWpnVTU5Wkk1MF8wckNWa3B0UWZXaTd4Nld4T3Y4R21SQ1FCVFh6aXV2RXVIQkk,More,21 hours ago,2026-08-19T11:35:44,FT Cyber,"https://encrypted-tbn2.gstatic.com/faviconV2?url=https://www.ft.com&client=NEWS_360&size=96&type=FAVICON&fallback_opts=TYPE,SIZE,URL",2026-08-20T09:24:14.331282
"US, Canada reach deal that pauses 50% tariffs, Trump says",https://news.google.com/read/CBMikAFBVV95cUxQVEFRQTVRaVJvSGVZZmo3UHNUS1I2S0pISUFRUklUb1BWd0V4OTBmbTgwNk15dk5fRjA0N3g2RFNoSC1icEM1akZRSGJaQkxkWWhUTHBUOWdIMUVlZ2UyRFNfdTNZc0hIcHNvMGsyMktXMDV4ekFibDI2ZmRYQUdCbXh4YlpvRVBTUW1RazhDMWXSAZABQVVfeXFMT1diVmlDSFRDNU1LTlBOUlJDZVVIVUN3b3Fack5wc3p2YXNwRUM1Tk5wUGpRZnhuY05RczlldEZnS19SRGszSGZFQWVfRU5Ibm5pSFZkeWROZWZTQ1VZajZTV3NFRW9ZU05STGpBVWQ4VDg1T1c0VnpMeWszcTNQajhOZ2RIeHczYlJZTEZqRG5j,More,21 hours ago,2026-08-19T11:35:40,Deutsche Welle Fresh,"https://encrypted-tbn1.gstatic.com/faviconV2?url=https://www.dw.com&client=NEWS_360&size=96&type=FAVICON&fallback_opts=TYPE,SIZE,URL",2026-08-20T09:24:14.331285
German finance ministry links high borrowing costs to security overhaul,https://news.google.com/read/CBMitwFBVV95cUxNLWxkZEFaYU9iUkQ4OThLcFVKVGhCQzF0bi1vX3dqSFpocFdETU9sQWpaUVozN0tBZU5xeVJNR3ZfT01za3hmWFBUUmtXVXI4TjE5b3R3SVVKUllMSHhtUWpKc3dVeWZvLTVmODFCWk52QXE0ZXplZk1rNjhfUjhwaEpTTUlzRWpZb2xIWWNOM3ZzRkpvblZNWGtfdUotWVNxUkhDUVBwRHJJQUpCQkoxOXc0Q0NPV2c,More,21 hours ago,2026-08-19T11:34:56,Reuters Cyber,"https://encrypted-tbn2.gstatic.com/faviconV2?url=https://www.reuters.com&client=NEWS_360&size=96&type=FAVICON&fallback_opts=TYPE,SIZE,URL",2026-08-20T09:24:14.331287
Ukraine updates: Ousted minister Fedorov calls for elections,https://news.google.com/read/CBMieEFVX3lxTE5EMVVadEQtOWNaR2ZhX1RlQUMtZ3VsV3hiZTVBRUgteF9XbU1EU3dKT1hiOVVTQjh1ZG1UdEdyMklmZXhUM3VTSS1tLVM1dl9SWk9MT0dpcG1nWUxHVUtsWl93RGV3OFZSUUQ3ZGxpMFVQaU5FYXhxdg,More,21 hours ago,2026-08-19T11:34:49,Deutsche Welle Fresh,"https://encrypted-tbn1.gstatic.com/faviconV2?url=https://www.dw.com&client=NEWS_360&size=96&type=FAVICON&fallback_opts=TYPE,SIZE,URL",2026-08-20T09:24:14.331290
"US Charges 17 Iranian Hackers, Offers $10 Million Rewards for 5 of Them",https://news.google.com/read/CBMioAFBVV95cUxOWHcxNUlQWDVtcjhhM2gzZ2tuZERfVHctSklDR1A5cDRYdkZDZWl5YWFiYy1TSkd1TWZPYWFMT0lsQ3NuVGVYbDJZX0lVSXBDZlFCT3Rqck5qYVRRMWtQNkQ4M2J3MUNaRG5IRXUySmZnWG5ra0x2NGhuUVcycUtCd2FEVmJiRXVkNENSQl9ZVDdBNUxDQ0ZXczRoQnRfUGlx0gGmAUFVX3lxTFAyTDg0aDY1SEFGWEdDWHNnb0h1YUgwUnFNSkRCN3hncklSWUxkcXY3R2FyU1FDUm9kTy1iZEFnZDNSQmVhSkw5SlEySDk2cktIelF0RlVIRnp5N0tBNjJPR2ZWczlrckNpMWRhdDlrYnlLUG1QbG5QQ2dmbDA4MUNCNU4wczBPRFFUYjVkTzNoT0tST2U4bWc5UXNUSmFjNFcwbkdtMWc,More,21 hours ago,2026-08-19T11:30:33,SecurityWeek,"https://encrypted-tbn3.gstatic.com/faviconV2?url=https://www.securityweek.com&client=NEWS_360&size=96&type=FAVICON&fallback_opts=TYPE,SIZE,URL",2026-08-20T09:24:14.331293
Telecom industry gave Mike Rogers nearly $100K while he pushed to deepen government data sharing,https://news.google.com/read/CBMimAFBVV95cUxNWWkxdVFYSnJHNDNKc3pYcV9sT2EzTkVPcm85UlBWV2tTV3JRRFZqTWRyMXFuajFQWWd1T3lrRlZGM1RmT0Z6Vm1kYk1yMHBocHZkWXhJYWFzWWluODZDdVM4SWoxS245VjNRbGZGQVZ5bzgwWUo1MGV1WDR1b0JDdWVkMWdQZ21FNE52WVVmNkhxT0lMRmprNA,More,21 hours ago,2026-08-19T11:30:10,Telecom Security,"https://encrypted-tbn1.gstatic.com/faviconV2?url=https://www.yahoo.com&client=NEWS_360&size=96&type=FAVICON&fallback_opts=TYPE,SIZE,URL",2026-08-20T09:24:14.331295
Phishing 3.0: The Fight Moves to Agent Versus Agent,https://news.google.com/read/CBMihAFBVV95cUxPdW5ISnVzdWFad2RCSjNtRmpoWE1ZaktpSlBaS3pKOHZ3VUdzRllBaHNBTzFKeTlPVThRR1hBbzU1N1c2dXNHeERVckktdWlwMDAtYXU2eGh4aWV2UHhiX0RYWFFmbFJpOW9mLURvbUdxNnBsT01yc3NPNGZBR25PZVA5SXQ,More,21 hours ago,2026-08-19T11:30:00,Phishing,"https://encrypted-tbn3.gstatic.com/faviconV2?url=https://thehackernews.com&client=NEWS_360&size=96&type=FAVICON&fallback_opts=TYPE,SIZE,URL",2026-08-20T09:24:14.331298
Europe should wish Marco Rubio a bright future,https://news.google.com/read/CBMihAFBVV95cUxPUDJ1WjloNzVMZlBtcUkwb1pkREo1b2Q0bmdMQm9CNTk2aDZ1Nm9xc1RZSGdNWm1qcHlrdW5SMU5mZGVUcXN1NXdQMmd5azhaS3JlcWU3WUFHVU9ldkRtOHMxTUtkQXNKSGQwWDFLQ3AwQkFPellXMUpqeHBiX2JKWHBxYVg,More,22 hours ago,2026-08-19T11:20:13,FT Fresh,"https://encrypted-tbn2.gstatic.com/faviconV2?url=https://www.ft.com&client=NEWS_360&size=96&type=FAVICON&fallback_opts=TYPE,SIZE,URL",2026-08-20T09:24:14.331301
China to build monitoring station near disputed Scarborough Shoal,https://news.google.com/read/CBMizwFBVV95cUxOYldfaDdPLUk5NERqX2ZBZEFPMHBSUk1VM0ttOTZKSFV5WmlieEdoamxTME1NV2NJRldxNl9PYXhmQnNNRmk3Q3FEeTJVSWphZzNwS0ZKWjVydXJsTVlZcEtXYjJMZU96Q2VkcEloR1hTdXpCMld2OFg2SGdfWnJZTUg0OXNSZVc5MEdBV29JSUVrV1VmY3NRRXJWaVVJTDlGNnNTa2cwcUdDcDZIekpXYi1XM0lYMDA0NWdrdzNXVkZrd1FJdE8ydmFPZVMwVVXSAc8BQVVfeXFMTnF6dU1sRDJZNVZwRE0yMG4zNEYtZXoyMk9kYVNvQkR6V0hoRlNLMlJDblpKTkh6WGU4S2RmdVo1UWxLdFNuRzZrMjFoamNZMUpNR1ZGQTBRUDVNeWJMSlRhaUVXcGNWTDJmMk5wUFNaZ0wzRkFlb3FXcHRtbjRTcVNCTGt2ZUs5aG5JdmpfQ3l2ek5zVjFKM3ZlMG1LeGgzUm5vTEpiNHBGcW5VTUJwV0xPUzlGLXIxRS1HVU1hWlA2MzQxWWxQV2RzUTVLalBz,More,22 hours ago,2026-08-19T11:19:14,SCMP Fresh,"https://encrypted-tbn1.gstatic.com/faviconV2?url=https://www.scmp.com&client=NEWS_360&size=96&type=FAVICON&fallback_opts=TYPE,SIZE,URL",2026-08-20T09:24:14.331303
Volodymyr Zelenskyy fires top aide as corruption allegations pile up,https://news.google.com/read/CBMihAFBVV95cUxPdkRsMTlUd2U1d3lPYTZ4OHk4WkF6QjBTQlNDQjhWX1RIT3p6dmpUUFljNGczeHlLc2xYbFZfd1pKLU1RbHVYSUZCeU82cXdVUGIzbFh2QWNoNVpjNVNMZUhMWkVMNlE2Slc2aUx2QTBYZlU5YVZ6c01JdEpWbUJPWHcwTHo,More,22 hours ago,2026-08-19T11:16:58,FT Fresh,"https://encrypted-tbn2.gstatic.com/faviconV2?url=https://www.ft.com&client=NEWS_360&size=96&type=FAVICON&fallback_opts=TYPE,SIZE,URL",2026-08-20T09:24:14.331306
‘The scale of PurpleDelta’s operation is easy to miss’: Fake North Korean IT workers are submitting so many job applications that companies can’t keep up,https://news.google.com/read/CBMingJBVV95cUxQRFlGMmxENVV0Xy1ZV2UtMklNRklrbjFkXzdrZ1c0T1lLanRrYUYtTE1keWY2b241R0hIY1MwS3pEelJYak1zMHdFUkZvOWlDdUdUMVpSLTB5REZLR0lHX0puZ2RkTzF2V2l1VXZVdjgxalZZNWF0ZGJmeFVRNzlvRTI2SDctNnV2b2N0MTVPZHNoUUZDNzhFQkkybE9CSTJUaTJQeldUWXpfcHZYOTJqWk9tOXZ2VVI5ZkNrUG5SQkRNZzZGWUYyUlNTSVlFOEpXZ3RGTEcxSWsxQ3ZJMXlndDZaRDNiTS1XUkhydDhMVkZOblRQVTlZd3NaMDJTQjlGRWF6OVAtM0FNWURCU3J4V0VuQ0g0UE1oa1JWV3NR,More,22 hours ago,2026-08-19T11:16:46,ITPro,"https://encrypted-tbn0.gstatic.com/faviconV2?url=https://www.itpro.com&client=NEWS_360&size=96&type=FAVICON&fallback_opts=TYPE,SIZE,URL",2026-08-20T09:24:14.331309
Microsoft fixes known issue causing Windows Defender crashes,https://news.google.com/read/CBMirgFBVV95cUxPUjZieTJHYjZaZ3FDcXVhcmd6VVNheURyQnBkLV9lb25TRDlxeWx4YjlLcUJaM3RDbXBtY2owMFFXVzFsVXR2bXpxNHM5RDNteGc3N0pNMlRuT3JNU28wSklnLWpiVUdGREY5cXRQM0oxY3N4UTY2dzZXQk1wUnVyNktFc04xNkJtZjRYUTZRMUI0R01rd2U1dUNKYm9Lc2wzM1FBSFFQcHB3dVlMblHSAbMBQVVfeXFMTlNXallFTm1yajR2VU5uaVFYQUQ4VUpEbG9kenNwWUtFRVNOb1NfZFBiZHRmTVduYXJPcmMtVFdQU3h3SUxieFZFQTY5NTJrYXJ3azUwc3Vqam9ZMDhyQ053MllnNzRuMnNQb0dVZVB2dHNLeTZvZVNPNGJ5czZGUV9uRHJNYzBPZVdCMEE4OWNjQmQzcWVzLThIbEhfalUtNWp5dUQtNFJSWnZrTTl1dkIzaWc,More,22 hours ago,2026-08-19T11:14:28,Bleeping Computer,"https://encrypted-tbn0.gstatic.com/faviconV2?url=https://www.bleepingcomputer.com&client=NEWS_360&size=96&type=FAVICON&fallback_opts=TYPE,SIZE,URL",2026-08-20T09:24:14.331311
Cl0p Ransomware Group Names Over 40 Victims of PTC Windchill Campaign,https://news.google.com/read/CBMioAFBVV95cUxNRVJGTjJrc3dBc2ljWmNjR3d1Z0V5Nzd1NEs5ZkpSYmJGTy1nSTZNcWxjcDNIRmZmY2U5dV80Rm4yb2JRc1RpVVY2NldPZUpuWHp6M0hUSGswSUZKVnBrM3o0VUNodXh4dndZX0RNODdLNGRqQVpQMGM5UTgwdk9RZUxMRlVKV3U0ck91cGZNZnRDd3NmMHB5NTJEZkNjemRs0gGmAUFVX3lxTE95dVdDd1RzNHhwZXFmZ21QRDNGU2U5S3RFYjgyWkE2LWNlLW9FSDRSRlJ6bnVJbWgwVkI5RG1DZHUxeW4zbU1Td0RhdmZqbG5IZXZjNGZjb2RmdFo3SWFFN3g4M2ZYWEZEbF9MRTUtMXFpU1pkUjlYNEdtbmNUcElHZi1COVdqcFBya3dIVkxqZmtQY3ZTSDh1bnFndlozV2laU3VjdlE,More,22 hours ago,2026-08-19T11:07:21,SecurityWeek,"https://encrypted-tbn3.gstatic.com/faviconV2?url=https://www.securityweek.com&client=NEWS_360&size=96&type=FAVICON&fallback_opts=TYPE,SIZE,URL",2026-08-20T09:24:14.331314
Russia’s ‘pivot to Asia’ takes a turn as it prioritises ties with isolated regimes over bigger economies,https://news.google.com/read/CBMizwFBVV95cUxORnFTNVN1cEdKMXFxUlRJbU1zU29BTWRNdVpwVFhtMGhuWnh5ZzhSR0NtcHE1THB2TTFvVFBHRGR1bWgzVTBpTUM3VS1LY19LeEdRZi12OGVBcG9iVDNLUm0yN050VzZQUkNqeFdXNVp6SGE3YTZLY2otT2UtazA3bHltby01SHJSZUZyWW56RXZWUTR4RE91LVlOcjhUOHluUlVrYm1GSEZNbWZBY09rbE04cnhlMDhkWXZNN3Y3TTZndFUtUEJSN0JTakdxT0U,More,22 hours ago,2026-08-19T11:05:00,Straits Times Fresh,"https://encrypted-tbn0.gstatic.com/faviconV2?url=https://www.straitstimes.com&client=NEWS_360&size=96&type=FAVICON&fallback_opts=TYPE,SIZE,URL",2026-08-20T09:24:14.331317
"IDF to open criminal inquiry into Gaza’s Hind Rajab case, closes probe of World Central Kitchen deaths",https://news.google.com/read/CBMixgFBVV95cUxPSXlSRnZNSW9ncW43ejJzd1AwaUowaVAxSFdwY0c5NW5GTVdIN2RocGVfOVQ0RDlVckkzSFlfWDZ0SXFBV0ptT0lfYnQ3MUlXeE1XU21vZFAzSnRrd1ljSnJCdmRnd2M5UFB2TDVUWDBuN3BvaXg2QXVpZDFsMkZIQno4T09qZmFmSFY4OWloNlpZOUdBMTNtR241b3ZkMHByQTZnQkNaVVFCVzR6MjJyWnBmWXcxYnFSS0RkVVQ4U2EzQWt6TGfSAcsBQVVfeXFMUFFIQ0VNRGJwaXViWkFCVlpaRmlyTENnT05wRXpMbmowYWswUnFKQ0xUcEljUWdTVl81SENCNEVjWkNRRU1Vd2FrbWxfT29KMnRnNkNfdGNBVmNhV3ZwMkxGNHEwTW9pZ3lKbjEtcnpMV1ItekVubTAxa3pEV0VzUXpfY29wOHZjTmh4TVE0S2FfWWcyWHlza2g4dUZxQmdwUWM0clRTb3o2Y0NfaDAwenRmVnhGamtnOFRPZUdsWHJwLV9RbHpuY2RQOUk,More,22 hours ago,2026-08-19T11:01:00,Times of Israel Fresh,"https://encrypted-tbn3.gstatic.com/faviconV2?url=https://www.timesofisrael.com&client=NEWS_360&size=96&type=FAVICON&fallback_opts=TYPE,SIZE,URL",2026-08-20T09:24:14.331319
"Critical macOS, SharePoint, vCenter, and Microsoft IKE Flaws Under Active Exploitation",https://news.google.com/read/CBMiggFBVV95cUxPek1lQ1NnZWlXTUdzbUxfNi1wM281VUNsSEc0NGZHRHBHdnNvbVMwX3hPd1k5LW0zU3RrTmJJNEVIbE5IWHJaeTE3aFMydElMdXdkNUE5Q1hmVUJVdVB6V3dGQWdCOER6azJqMkYwdm1PVy1mQXRHUzBaeHFjWS1HUlV3,More,22 hours ago,2026-08-19T11:01:00,Vulnerabilities,"https://encrypted-tbn3.gstatic.com/faviconV2?url=https://thehackernews.com&client=NEWS_360&size=96&type=FAVICON&fallback_opts=TYPE,SIZE,URL",2026-08-20T09:24:14.331322
New White House Cyber Ops Order Appears to Authorize Digital Privateering,https://news.google.com/read/CBMiuAFBVV95cUxPOGhacmpoX1VGUk4yU1lEX29TNG01REdsZ29fQ3l2Qjh1VndhUDYxX0puaEFUYVBtS1g3ck1QeDhvNFdLT1ZOSXFMdkl5eUphYlFMRnZpMS1hRGtkMjdUOTU0YVJPTkdIaVhTbzFuZFhfVEdaQV82c2loSE1Hb2NvSUR6ZDFaV3JlTGs2al90eUxYSnlfeHFtTTJPY29OcEE2OG1yRUF5clNKSjB5UlJVbFgxU05GeVdz,More,22 hours ago,2026-08-19T11:00:00,CPO Magazine,"https://encrypted-tbn2.gstatic.com/faviconV2?url=https://www.cpomagazine.com&client=NEWS_360&size=96&type=FAVICON&fallback_opts=TYPE,SIZE,URL",2026-08-20T09:24:14.331325
Oracle Releases 943 Security Patches Including Critical WebLogic Full Takeover Vulnerability,https://news.google.com/read/CBMie0FVX3lxTE9VRnYwbmYwWGdHUkhnY1BMV2RwcEZiN2tlbTdGNnhqM1Y0ZV9MbzZyWFJSVG5FSzN2d2IxUjUycGwxRVp4ZG5mcDRJWWwtbFZkUUxVUG9IN0JaOFV3OTFTenQ1TU9PTC1PTDVhaTdMRVkwZk11enRxam9ZVdIBe0FVX3lxTE9VRnYwbmYwWGdHUkhnY1BMV2RwcEZiN2tlbTdGNnhqM1Y0ZV9MbzZyWFJSVG5FSzN2d2IxUjUycGwxRVp4ZG5mcDRJWWwtbFZkUUxVUG9IN0JaOFV3OTFTenQ1TU9PTC1PTDVhaTdMRVkwZk11enRxam9ZVQ,More,22 hours ago,2026-08-19T10:56:45,VMware Security,"https://encrypted-tbn0.gstatic.com/faviconV2?url=https://cybersecuritynews.com&client=NEWS_360&size=96&type=FAVICON&fallback_opts=TYPE,SIZE,URL",2026-08-20T09:24:14.331327
Cybersecurity Compliance Requirements for Enterprises (2026),https://news.google.com/read/CBMidkFVX3lxTFBNZjBlVmdaclZIQUNxX3pZeU9XWkZvXzhSZGJLSG1FZFJ1RnJ2bERiWHBZRHhkMFVPM1JWS0xRMENYeV9NUjFZNGloNTdxalZtcUotd2RwZnY0QnJ2eElsSGViVU5UT1Fad2RHNHYyZHpNbnpyLXc,More,22 hours ago,2026-08-19T10:56:33,Defense Security,"https://encrypted-tbn2.gstatic.com/faviconV2?url=https://appinventiv.com&client=NEWS_360&size=96&type=FAVICON&fallback_opts=TYPE,SIZE,URL",2026-08-20T09:24:14.331329
Polo’s lessons for Argentina,https://news.google.com/read/CBMigwFBVV95cUxPUnhCek9yWVY2MmUxSGJyVmFXZHlPQ0dfZFQ5cDBSQ1BRUWltOVFHVzNyUkZaclBkMkVjcTFiLU04TmtmSFNlclZnUjNQdGk3QWl2WGhvUDlRMk01eXNQakZNOGhWOU1Wc0pycW9ITjFld0FnTGJiV1hORENBWnVtWGZ3RQ,More,22 hours ago,2026-08-19T10:52:35,Economist Fresh,"https://encrypted-tbn2.gstatic.com/faviconV2?url=https://www.economist.com&client=NEWS_360&size=96&type=FAVICON&fallback_opts=TYPE,SIZE,URL",2026-08-20T09:24:14.331332
Critical and High-Severity GraphQL CVEs in GitLab: Code Injection and CSRF via One Directive,https://news.google.com/read/CBMic0FVX3lxTE1ZR3pRNjZZREJaeDhhenVnZkp6MXhGVzJtV25ubUgwcTVUejFRRTBMdW5rNmg0Y1VWLWNKVkJsZXRneXVJOXJwQWxmYnpxSmthSU1MTG5kNk9WcEZOWG15R2ZqVTg5MnZQTEhiWXNTUE1VRWs,More,22 hours ago,2026-08-19T10:49:56,Vulnerabilities,"https://encrypted-tbn3.gstatic.com/faviconV2?url=https://www.ox.security&client=NEWS_360&size=96&type=FAVICON&fallback_opts=TYPE,SIZE,URL",2026-08-20T09:24:14.331335
CISA Warns Hackers Are Actively Exploiting VMware vCenter Path Traversal Flaw,https://news.google.com/read/CBMid0FVX3lxTFAzdEx4VXkxNkdOOFE2Q0hVd1FuRzNhX3owVGRqcXhwMWhfbUxwTzlGaDRGNHJwZEFzX3hPQTVNclBvb2lzZzU3dnBlRUFsMUxWelIxT1BLR3J1Q3YxYWdaUUtyeldvUmhkOU81Y0YyWVNwbjJzVktz0gF8QVVfeXFMTUQ5dHhoU213TE05XzdRMEQ5OG0zNUd1ZDR3czNWelhJY3BTZUFiV0ZtSVBrMWx5ajFkY3puT2J5WE9hT1FWa1FjUFVxVWsxTjNpRmxsY3JsMGZ0QlpROGZHQWoyT283RHBUZTY2el9iOVd4WGZaVWVjSFItTg,More,22 hours ago,2026-08-19T10:49:35,VMware Security,"https://encrypted-tbn1.gstatic.com/faviconV2?url=https://gbhackers.com&client=NEWS_360&size=96&type=FAVICON&fallback_opts=TYPE,SIZE,URL",2026-08-20T09:24:14.331338
China-Nexus Hackers Target Myanmar Diplomats With Government-Themed QUICAgent Malware Attacks,https://news.google.com/read/CBMiekFVX3lxTE84eUNzdDdPZ2tqUHVvMUxiVDEzTXFGVHJYRWNrZUZucjg4NTJweFc0N0d2MXRHaXlrWFpZVUhZN1M0aFp4QnZrT3JsNms1bnhOXzBmTFNfSXZxcVFheXliNnNfNnVPeVN3T1Bua1BGdlRKWmVaSXo5WUx30gF6QVVfeXFMTzh5Q3N0N09na2pQdW8xTGJUMTNNcUZUclhFY2tlRm5yODg1MnB4VzQ3R3YxdEdpeWtYWllVSFk3UzRoWnhCdmtPcmw2azVueE5fMGZMU19JdnFxUWF5eWI2c182dU95U3dPUG5rUEZ2VEpaZVpJejlZTHc,More,22 hours ago,2026-08-19T10:44:24,APT Groups,"https://encrypted-tbn2.gstatic.com/faviconV2?url=https://cyberpress.org&client=NEWS_360&size=96&type=FAVICON&fallback_opts=TYPE,SIZE,URL",2026-08-20T09:24:14.331340
"CISA Urges Immediate Patching of Exploited Microsoft, VMware, Apple Vulnerabilities",https://news.google.com/read/CBMitgFBVV95cUxPcW54V1o4dzcwaGhVNVd6M2tkelJWLXMtTE1xRElWVVhDNFB2aVdNWXh0YjdGRjY3NGNPOEp1VGpSUzYxQTVJMEhrTEFHWGczbmpaU0pUcndCdlhZRC1FLS0tN1RoemlWWmNlMzNtTDNLTkZzZ0Q0c1FOUURnNGcxLVdLWUgzOF9Dd0Z3QlNBLU5iRGY4bHdfNy1uR1l1Wk1vN19QZjFjWFIwVjlwM3o2SlJjLUVoQdIBtgFBVV95cUxPcW54V1o4dzcwaGhVNVd6M2tkelJWLXMtTE1xRElWVVhDNFB2aVdNWXh0YjdGRjY3NGNPOEp1VGpSUzYxQTVJMEhrTEFHWGczbmpaU0pUcndCdlhZRC1FLS0tN1RoemlWWmNlMzNtTDNLTkZzZ0Q0c1FOUURnNGcxLVdLWUgzOF9Dd0Z3QlNBLU5iRGY4bHdfNy1uR1l1Wk1vN19QZjFjWFIwVjlwM3o2SlJjLUVoQQ,More,22 hours ago,2026-08-19T10:41:40,Zero Days,"https://encrypted-tbn3.gstatic.com/faviconV2?url=https://www.securityweek.com&client=NEWS_360&size=96&type=FAVICON&fallback_opts=TYPE,SIZE,URL",2026-08-20T09:24:14.331343
From treatment to prosthetics — what new rights and guarantees Ukrainian defenders will receive,https://news.google.com/read/CBMitwFBVV95cUxOaG9CZ1JWVERNYVZsOE1ORVRqS0tJSUMxOFB4TllWTlNBRk40YnBWT25RcFp4RnZ0X3dSUjlJbXJsUm1lOG94Y3FOSTI1UlFyUG5nTmVjLU1FVE9sYUY4cVFsOHJRV1YxMlpyWF9KaXBpMTlSSzJEalVyZm5IR196NTFLTnBMSnpHU3ZrMVNvY1A3dl9JcEFXQ2g1eF9rdjJzbi1la2ZtWUdCcUpxdE1rQktFbWpfdlnSAbYBQVVfeXFMT3B0bllRZzJtZndraXRCVzBOQlBhdTllLXpvVHpqRXBCbXpEdVN4cFhpNW1RVkpheWVUYko5NkZ6RTZKbXJTOXVIRUJqZTJXNzR3cGlwVFgzeXVvWFhsUnQzVndSa0RoOENtUDdmc3JEc2FEc0VfZHBPSEJyWTdGZzVaU2dwcGxnSjRINzg1NWJacFRqcVNkQjVzdFIyNl82aHFBX2pDaDB1NUJfaHpVZndMdGwxcmc,More,22 hours ago,2026-08-19T10:40:28,UNN,"https://encrypted-tbn3.gstatic.com/faviconV2?url=https://unn.ua&client=NEWS_360&size=96&type=FAVICON&fallback_opts=TYPE,SIZE,URL",2026-08-20T09:24:14.331346
Fake residency of foreign children in Thailand spotlights widening corruption,https://news.google.com/read/CBMiwwFBVV95cUxNZHlydkdjZTdZTENOQWZLVVdBOHp2ZFpPYmpTQUw5cF8xZmw4VUNPUF94NHZIMXN0MGNxQkRLaVdVYlZMX0xaZFE1TUYxVGtqaFpCalJsdEltdkJrMGN3TDFVRVM1eFZnMS1Pb085RGpCWC1mQWxfWGVGWHJnYWNScW9zS0RUQVJiRGlZaHRoQmpfaGk3MkdTYXd5YUExVVZMaGtSVWoxbjB0bHVzRkttb2NDbjhKWHhoNF9UbGRBZ3JJU1HSAcMBQVVfeXFMTWR5cnZHY2U3WUxDTkFmS1VXQTh6dmRaT2JqU0FMOXBfMWZsOFVDT1BfeDR2SDFzdDBjcUJES2lXVWJWTF9MWmRRNU1GMVRramhaQmpSbHRJbXZCazBjd0wxVUVTNXhWZzEtT29POURqQlgtZkFsX1hlRlhyZ2FjUnFvc0tEVEFSYkRpWWh0aEJqX2hpNzJHU2F3eWFBMVVWTGhrUlVqMW4wdGx1c0ZLbW9jQ244Slh4aDRfVGxkQWdySVNR,More,22 hours ago,2026-08-19T10:40:10,SCMP,"https://encrypted-tbn1.gstatic.com/faviconV2?url=https://amp.scmp.com&client=NEWS_360&size=96&type=FAVICON&fallback_opts=TYPE,SIZE,URL",2026-08-20T09:24:14.331349
Fortinet eyes AI security gains with Virtue AI acquisition,https://news.google.com/read/CBMiowFBVV95cUxPRm8zOFpmSm9OdGtWR3ZVT2xjcG1NakFFcHdDMUsySEJ3OUtXT3ZCNm5QMWkzZmwwc01xWXpvdDBkNlhiYkZNXzFFNTNwS01jYzdnQjNxLUR3RWtRMXhHVVZpejFtV0VnWmUwN3liWUNuaXNhZ2dvMEFJdllPcWNLWC1lSHo1dkxITE1nclpTa2lOUGFRNG1yV18xbzYwb25HZ044,More,22 hours ago,2026-08-19T10:38:00,ITPro,"https://encrypted-tbn0.gstatic.com/faviconV2?url=https://www.itpro.com&client=NEWS_360&size=96&type=FAVICON&fallback_opts=TYPE,SIZE,URL",2026-08-20T09:24:14.331352
CISO Conversations: Nico Waisman – From Self-Taught Hacker to AI-Driven Offensive Security at XBOW,https://news.google.com/read/CBMisAFBVV95cUxNckpsRFRVN3V1c0loaDNVWWg3THFCYjNzVVRranBodjA4NWdxTFRJUzRkYTNIellVZEF1UVBUVVZiem9oekJOUFlXWFE4bVlzdHk1ZFJOUXJSR0VtVmJrN0xySW5tQ21hUjh6RlBIdlV1ZnY0bGtwOG9uRjFGRUk4ZThzXzNma3hJWHNUVEg0czBWTVRnZVFidld0R1p2Y2hzMlZFLTVKZ1otVWJtNnlBdtIBtgFBVV95cUxPcW54V1o4dzcwaGhVNVd6M2tkelJWLXMtTE1xRElWVVhDNFB2aVdNWXh0YjdGRjY3NGNPOEp1VGpSUzYxQTVJMEhrTEFHWGczbmpaU0pUcndCdlhZRC1FLS0tN1RoemlWWmNlMzNtTDNLTkZzZ0Q0c1FOUURnNGcxLVdLWUgzOF9Dd0Z3QlNBLU5iRGY4bHdfNy1uR1l1Wk1vN19QZjFjWFIwVjlwM3o2SlJjLUVoQQ,More,22 hours ago,2026-08-19T10:37:31,SecurityWeek,"https://encrypted-tbn3.gstatic.com/faviconV2?url=https://www.securityweek.com&client=NEWS_360&size=96&type=FAVICON&fallback_opts=TYPE,SIZE,URL",2026-08-20T09:24:14.331354
Parliament votes through Yevhen Khmara to succeed Fedorov as defense minister,https://news.google.com/read/CBMiqgFBVV95cUxOWWIwS0JWazd4dzVxbGRwMy1RZ2p1bjNPbzhKMnRKeUw4Z01NSlUyTFI5cDhCWnBJemtOY3RlVzZIYm9fWjJUTHFRWlg5OWlDeU15THNBbXNfRDZzYmctWXJIZkVOSDVJMTNxcmxNdmFJei1DbjFzSmptRi1xa0czX2w4MHZuTTBjX3ItVkthMmlrWlNwTEN6YlVRSTZGaFVQRVdfdzVUOFo1dw,More,22 hours ago,2026-08-19T10:35:54,Kyiv Independent Fresh,"https://encrypted-tbn2.gstatic.com/faviconV2?url=https://kyivindependent.com&client=NEWS_360&size=96&type=FAVICON&fallback_opts=TYPE,SIZE,URL",2026-08-20T09:24:14.331357
Actor Ravi Mohan files case against film producer over dispute related to Bro Club,https://news.google.com/read/CBMi5wFBVV95cUxOT1FSSjExNXJ6YXpySHZKZEhaX01WMkVxVFN6VjhYSk9TSVpFdlZQXy14Mkxpa2FvZ0xCRXVqVzA4c3lMalpGbVhDUlhLWDQxMXdhN0dzSDZ5X01OMmFvUlBMOHZ3M1p6WFhPZC00NXQ3WmY3VEdoME9mQmsySEY4cmZVQW50T2VhcjU5M2p5clFILUdMdVp2Um5sZWZ3XzZCYTZzRW5ZV2JuNHJWTDZHd0lLV3o0VjJtS2xvdTJXaTFLSllDZFV3SWV2aHV2dE5DelZETW9pdVFsZ0J2V2Q3b0pYTS1ranfSAe4BQVVfeXFMTXFDaXVYLWlBSDJaVy00Rm9oVEFnRkR6NF9uejlxRGZiNEpGd2UzYk5sQ3dTUjF6NUI0MmtBMDlveGhYWV93Qmp1Q3FHQjYxbEF0MVA5TFR2SkNGWmZfNEVfSzMybmlNX0hOLVZPVnBkOFB1Sk5hLWkwVmhJbXd3ajFMNWxfWXdPSERSVmFvM25iSlJjS0NPZnlQbFdpRjNOVXlBZW1fd2NBeVZWRHhTTUUyVG81OUNJbTR0TVpmTXFKQWZCQ1NBUW05TmVyS3VyR0N4TC1wWVFXYXZkcjZHa19FaTM0U3JkSkd0YWFOQQ,More,22 hours ago,2026-08-19T10:31:57,The Hindu Fresh,"https://encrypted-tbn2.gstatic.com/faviconV2?url=https://www.thehindu.com&client=NEWS_360&size=96&type=FAVICON&fallback_opts=TYPE,SIZE,URL",2026-08-20T09:24:14.331360
Inside PayPal Mafia Billionaire Max Levchin’s Slow-And-Steady Path To Fintech Profitability,https://news.google.com/read/CBMi2wFBVV95cUxPQ1BnRUtybnBSVF9vZWdiWGhla19wZWY5TmZDamowb3FLU3h0WTRUZXI5cDlDRkxMQmw0Q1VyS0lLNDBvdFU1Z2NKaW41UDFaUktMdHAzNFpkVmI1cm5QUmMyd24tY082NGxpTTFWX1JmMExSMTlmbnNtaGRoV2M1T1BoWU9jb2xYQlRybFNTZEhuQzZfUjY2RjFLZzJEOUNzdFBoZGtDOEVWa1B4b0xtSDRKTDlTbWp4UHJyZ0dzM0JwU00zUVJmNElzVVhWNVhkeWtBa0Fmc1dqNFE,More,22 hours ago,2026-08-19T10:30:00,Forbes Cyber,"https://encrypted-tbn2.gstatic.com/faviconV2?url=https://www.forbes.com&client=NEWS_360&size=96&type=FAVICON&fallback_opts=TYPE,SIZE,URL",2026-08-20T09:24:14.331362
"659 Stripe Merchant API Keys Leaked Online, Exposing 688,000 Customer Records",https://news.google.com/read/CBMiY0FVX3lxTE5IUThCb0ppLWVydEloaWg0N3NjWXpJZWZrZ3BlMGQxMGNFWC1DMTlGVHBjNGM5OHJ1RWZ3R1pYTG1vR0dLVWZqSHU5VzY3ekxFQTluQ1hSWklSMjdCM0ZGVm5Ec9IBY0FVX3lxTE5IUThCb0ppLWVydEloaWg0N3NjWXpJZWZrZ3BlMGQxMGNFWC1DMTlGVHBjNGM5OHJ1RWZ3R1pYTG1vR0dLVWZqSHU5VzY3ekxFQTluQ1hSWklSMjdCM0ZGVm5Ecw,More,23 hours ago,2026-08-19T10:19:37,APT Groups,"https://encrypted-tbn2.gstatic.com/faviconV2?url=https://cyberpress.org&client=NEWS_360&size=96&type=FAVICON&fallback_opts=TYPE,SIZE,URL",2026-08-20T09:24:14.331365
Fresh London bus strikes are postponed – what we know,https://news.google.com/read/CBMimAFBVV95cUxQU0lJSThlZFQwVWd1Q21YOTdCZUoycGszUmFXd3A2Qm5CVVNBaTd4VFlHbFhZSEtKa0RTUzQyRE5CdERCNzAxMVFGdnhrYlExakstNjdHZHhwY3E1Y0ZYVkRvVHBhWUpncV9DdHptY1MwdDR3SkktbTNfdXZqOFhhbFVUM1ZJNFFhXzVCWENnZHpKS2lfNWVUWQ,More,23 hours ago,2026-08-19T10:19:00,Independent Cyber,"https://encrypted-tbn1.gstatic.com/faviconV2?url=https://www.independent.co.uk&client=NEWS_360&size=96&type=FAVICON&fallback_opts=TYPE,SIZE,URL",2026-08-20T09:24:14.331367
Server Mistake Exposes StopAndProtect’s Hacked WordPress Network,https://news.google.com/read/CBMiggFBVV95cUxQWUk5X2lEQkE1bnBheFFCcXlYSlV4ZXIzQ0llQWdyVDcwbVhsNmNyQk1wSF9namFFcW1DVmJaT052T3Jrdnp1SnRia25KekxMZktqcEdTX0lJZ3hyM3pOcEtwcGFqWFllOG5tZnd4QmJBVXVJYjRIeXV5M25iZHRZRjd3,More,23 hours ago,2026-08-19T10:18:12,Charming Kitten,"https://encrypted-tbn0.gstatic.com/faviconV2?url=https://hackread.com&client=NEWS_360&size=96&type=FAVICON&fallback_opts=TYPE,SIZE,URL",2026-08-20T09:24:14.331370
"Georgia Cyber Resiliency Center aligns rural healthcare cybersecurity, cyber resilience with CMS Rural Health Transformation goals",https://news.google.com/read/CBMi9AFBVV95cUxOd2pWQ0VUWVhVU0VwaXdvTkgydTJ4ZjlBWmZVWlZ0VkhPUnBITnVQMDdzYzFMbk9HSlhla1FmWHZtMS1ucDZSbHRHbGk2LTVVVWd3M3hLOVNTdElpNVRrOU1zYzZnc09NM1M5aEFyLWFLc1hmaC1WMWJrMWNzaHlIMEdwQ25ObkJnNnhERmN1clhNUVFqR29rWXh6R0F5ekg5NTE0Tnljd1pmckt6TGxsdHlQbDNYaWRlS2FoZXZ6OWx0ZzAtelNXVjhUNHpSalQ4Sm0xZDJTUDEzZnFZcFBEbUR2N0xmelEtM2tpeTdIa2xYUmNh,More,23 hours ago,2026-08-19T10:13:48,Healthcare Security,"https://encrypted-tbn0.gstatic.com/faviconV2?url=https://industrialcyber.co&client=NEWS_360&size=96&type=FAVICON&fallback_opts=TYPE,SIZE,URL",2026-08-20T09:24:14.331373
"SAP consultant job ads overshoot final offers by up to 12%, recruiter claims",https://news.google.com/read/CBMiygFBVV95cUxNYkdHRVBIS1JBWEtpTkk5UDJXZGFXTnk1TlNQYUstbjBDdEloWHhqRUw1VElCUFRhNUJ0Q05NX3YyMjVMMHRqNDNQclRiRXVSQ0ZYcldZSjlxODB1M3owMEtvNXBCRWE3THVad2xtc0luSkl0ZzZhOU1hbUg4TF9wT2RMbWV1YTZFREJhZl9sVUlMaHZRWGNGMm14UXl2RHRqVWJONGs1eXNSRHhPNHU4LVlPZHZuSlpoVTM1X2pCWkxkV3JBOTJYOUhB,More,23 hours ago,2026-08-19T10:10:00,Register Fresh,"https://encrypted-tbn1.gstatic.com/faviconV2?url=https://www.theregister.com&client=NEWS_360&size=96&type=FAVICON&fallback_opts=TYPE,SIZE,URL",2026-08-20T09:24:14.331376
"Government opens bidding to build 1,200 homes in controversial E1 settlement project",https://news.google.com/read/CBMitAFBVV95cUxPN0JVdTZqMFhiNHlFYjB4ZkVVTjFrNl9EVmluUWVLbnBHWVFCX3ExSTRMX0pLWTNtZ2NzQWpqUlMzOXhYSmxhVmxwLWdoSWlQdUt1YktmcXpsWTdVclk2TDg3RnlkalhaWkwxWDlnNlM4YmRVaFNZSmJhVjFFSXNFRnRkZS1zaWhBcUdaalRCQ05FSXBnalplV3hwX1hiOXNEaW9HZm1vYUZlSktNaV81aVk4anjSAboBQVVfeXFMUHZ0QkV1alpiYmtVRDdxRDdnLTlBeWptRC1IcHJTdkUwS1FVZHRHaVlwSGxWN2U2bHdjN2tiZ0J0bFhmVkpydU1JMHJlNEFnLUxXdjBtRm9WY3F6QjdVX3RUTVpUMURNX2ctVlBRQWcxcFhjVVpvanlXZFlSQmVUWjZfcVR1amoxY0xjanYyb1RtMW10MW1fRjFGUEpPUVlZbFIycTcycmVPb3BqTC1ydXVvUi1NbFNuY2VR,More,23 hours ago,2026-08-19T10:10:00,Times of Israel Fresh,"https://encrypted-tbn3.gstatic.com/faviconV2?url=https://www.timesofisrael.com&client=NEWS_360&size=96&type=FAVICON&fallback_opts=TYPE,SIZE,URL",2026-08-20T09:24:14.331378
A Dutch Chipmaker’s Balancing Act Between Washington And Beijing,https://news.google.com/read/CBMikwFBVV95cUxQT29iLWV3RU13NHZ4M3h6X2YySlBlS3JHVTJhRW82UDVzVmItSFpsU01wRVN2ZFljNi00SFNwS1puVzZKX2hLVE9Lcy1yRDhmSExoVUNUVzdXU1RmUFBQcEhKZ2ZpeWh3Q3Z6VFdxTW1pOWN1RFBDY19qWFlIdzlyYmt4QnU5TkJ4TUU4VUd3VmsyVUE,More,23 hours ago,2026-08-19T10:05:01,IBT,"https://encrypted-tbn0.gstatic.com/faviconV2?url=https://www.ibtimes.com&client=NEWS_360&size=96&type=FAVICON&fallback_opts=TYPE,SIZE,URL",2026-08-20T09:24:14.331381
Black Kite report finds 73% of ransomware incidents hit mid-market companies amid growing third-party and AI risks,https://news.google.com/read/CBMi3wFBVV95cUxPbW9sb3BhNFBNeEEwSVRNSDBYWHpHMzU5Qy1NZHJMSnlpQzNva0t2SnpHVklFaWJkNjAzdDNlYWpXLUtScUd5ZFpMM3FMMk9zWk84RHF3ekxhZTg4SjdSN3dwd2VPcUs5REJZZC04eUdGMk1mNEJMYmRjS3dRUmlwWnNDMXBBVEJMdjlSNVl1Yktsc0pBc29tRkoxTENnYnBLb2tqVWMzcEw0c0U4RU5KQk5TNlQ2aGNBazJjeF9EbF9ENlA1MHcwWHVtT3llTFY3NDBVeVBsZ2lpMzdzNEdj,More,23 hours ago,2026-08-19T10:02:06,Ransomware,"https://encrypted-tbn0.gstatic.com/faviconV2?url=https://industrialcyber.co&client=NEWS_360&size=96&type=FAVICON&fallback_opts=TYPE,SIZE,URL",2026-08-20T09:24:14.331384
El Niño Is Back. And Worse Than Ever.,https://news.google.com/read/CBMioAFBVV95cUxORGJ3eUZldkVrd1RkaS1pMGE0SF9qckxMTVBFb3JsZWtPbjRQODgtNGxLLUYwcnM4Wm40dzJMWXZhV3phWXQxcEdoRk0zd1lLU1ZYQnhMZHRFYVo2LVAxS1lIbzZtQnktZnBXTFVfa1F2a0hrdjNra2dyMHZ6SnlVYlJycFZldk9SdWZLVktHM0hDSlBDS0gxRzFyT0FFTkRu,More,23 hours ago,2026-08-19T10:00:16,NYT Fresh,"https://encrypted-tbn2.gstatic.com/faviconV2?url=https://www.nytimes.com&client=NEWS_360&size=96&type=FAVICON&fallback_opts=TYPE,SIZE,URL",2026-08-20T09:24:14.331386
Portugal bans full-face veils,https://news.google.com/read/CBMie0FVX3lxTFB6bklPUGJfSVBMVnhSaWhRZDRZRWJGWldla2JPcXctQ2xRakRFenNEUUlmSll3X19ieHV1M3dzT1VlY2dURlB0S29wcXdVUzQzVXUzb2YzemMxTHdFNERMOTA1dzFlWmFWak5pNE9zbWw1b2NaTFY5WHIxOA,More,23 hours ago,2026-08-19T09:56:00,Straits Times Fresh,"https://encrypted-tbn0.gstatic.com/faviconV2?url=https://www.straitstimes.com&client=NEWS_360&size=96&type=FAVICON&fallback_opts=TYPE,SIZE,URL",2026-08-20T09:24:14.331389
Balonx Sistema: The Face Behind the PhaaS Affecting Mexican Banking,https://news.google.com/read/CBMiakFVX3lxTE1PY2xGeWVQa2VHYmp1WFlWckxDd3l3U0NmaW9selg3bWFiaVQ5WkVVSEM5TUlYWHEtVXJvSEVRdUl0WjVCS0g4QnZxdU5MRUZJYnM1a1h3RjdiNHp0aVBUV0VmS1VZSjYwRUE,More,23 hours ago,2026-08-19T09:52:51,Financial Security,"https://encrypted-tbn1.gstatic.com/faviconV2?url=https://www.group-ib.com&client=NEWS_360&size=96&type=FAVICON&fallback_opts=TYPE,SIZE,URL",2026-08-20T09:24:14.331392
Midweek Update #24: The USA Is Not A Serious Country,https://news.google.com/read/CBMie0FVX3lxTE8yeEh3Z3ZoYjFJOF9KZ2ZKdnRnaTBrUDAyOTBjVXktWUxCT0pZYWVWUkxGMTRnMjdKRWFudHdBaWowN3drajNGcU5FcFBZQ1RzWm9nMDF5ODlwVVl1WFJ2WEd6LVpBVVMtYzFJcWxQNERVY0hRWU1IRi1Hdw,More,23 hours ago,2026-08-19T09:50:42,Phillips O'Brien,"https://encrypted-tbn2.gstatic.com/faviconV2?url=https://phillipspobrien.substack.com&client=NEWS_360&size=96&type=FAVICON&fallback_opts=TYPE,SIZE,URL",2026-08-20T09:24:14.331395
CACI Wins US Space Force Contract to Modernize Training Systems,https://news.google.com/read/CBMiY0FVX3lxTE1ueGNtcG9xVW1RaEpGTTFpbWFDRVFOUEdycGFBcXdSV1NMbEp5bEhNU3ZWX1A1QjNrTVNTbnFTcm1wRndULTdBWl9UeW9ZZzIyTHdfeEUyQXZhYWw0dFRoSldkOA,More,23 hours ago,2026-08-19T09:49:07,Defense Post,"https://encrypted-tbn3.gstatic.com/faviconV2?url=https://thedefensepost.com&client=NEWS_360&size=96&type=FAVICON&fallback_opts=TYPE,SIZE,URL",2026-08-20T09:24:14.331397
Hot or Not Built the Internet We’re Still Swiping Through,https://news.google.com/read/CBMijgFBVV95cUxNeHprRXJpYmEwMi1fX1Rlc3lJMnlQLTdwbFpIeXQxcjRTbzNHMktOZXdnRjhTRWxBdDFlcXBXc1RRWGFmN2dNdmZ3RU52b1hpWVVPOTBySV9tenMwWXFjSmdHVWh2LWp6cWplcGFnZ2VKblVtRjVOaUVMZHk2SHl0MG5HME1EM2hDTld3Y0J3,More,23 hours ago,2026-08-19T09:45:00,Wired Cyber,"https://encrypted-tbn2.gstatic.com/faviconV2?url=https://www.wired.com&client=NEWS_360&size=96&type=FAVICON&fallback_opts=TYPE,SIZE,URL",2026-08-20T09:24:14.331400
BeyondTrust Windows EPM Vulnerabilities Allows Attackers to Escalate Privileges,https://news.google.com/read/CBMif0FVX3lxTE5vY1RZd2x4U1h4eTRWRzhsVG5EVXh5WGZsQlRlbHZ1eFA4Q0FPNFFVamJNNXprNUFkOGQxcXpGdmVDVS1FOU5WN2VPaldoSXRteEN5dUpSM3J0enBNQ3hNQkZERl9KMzc2TTdqd1Y3RWkzaGJSdVJJUjBQaTJyOTDSAX9BVV95cUxOb2NUWXdseFNYeHk0Vkc4bFRuRFV4eVhmbEJUZWx2dXhQOENBTzRRVWpiTTV6azVBZDhkMXF6RnZlQ1UtRTlOVjdlT2pXaEl0bXhDeXVKUjNydHpwTUN4TUJGREZfSjM3Nk03andWN0VpM2hiUnVSSVIwUGkycjkw,More,23 hours ago,2026-08-19T09:44:41,VMware Security,"https://encrypted-tbn0.gstatic.com/faviconV2?url=https://cybersecuritynews.com&client=NEWS_360&size=96&type=FAVICON&fallback_opts=TYPE,SIZE,URL",2026-08-20T09:24:14.331402
Zelensky fires top presidential aide after anti-graft agencies reveal corruption probe,https://news.google.com/read/CBMizwFBVV95cUxPTk0wSmhCdERQaWMzUmR2cHpzVkhjZTRMcEFaM0haQUZVZWU0M3Mxb2dpVkxFTGItaThuaElEMklZYjhCMGQ3UmVrUTk3ZHRpS0podHYyNWY5Q3pZeE51d19McWFOaVRwNkpyYUhfSXB5Ukx5ZGxEVE82aTg3ZVRNaV9HUWg3UjJjWVJxUGNDZWMzcW5iWkVCMTl3Yy1CUXl6RjdYdTY2WE9BMjlNRFpMWDBSR09pS21kNnNFZko0RzViblpzRUZzVnRYOElrNXc,More,23 hours ago,2026-08-19T09:42:17,France24 Fresh,"https://encrypted-tbn2.gstatic.com/faviconV2?url=https://www.france24.com&client=NEWS_360&size=96&type=FAVICON&fallback_opts=TYPE,SIZE,URL",2026-08-20T09:24:14.331405
Raspberry Pi gets jiggy with batch CM5 provisioning,https://news.google.com/read/CBMisAFBVV95cUxOTXN2czE3Ujd6T1hTUHNldTJxVjk5SDBUOE5SU0ZzSVg4Q2JwVG1aOFdvSlZSN2I5WG5rdUR1alhtcVhnenF2VkRLT3RUN3M1WjVrSHFrczhTNVJ6Q3JBOW1BWWp5VUdYU3FNc3JaenBlZmxFY3pobUNWVUlVUGt2NC0tNDFhT21TNmZEai00bGxaekJLdUIxcEdaTjZnUWdfc1ZrcFF4V09CeFJpMGxnZw,More,23 hours ago,2026-08-19T09:42:00,Register Fresh,"https://encrypted-tbn1.gstatic.com/faviconV2?url=https://www.theregister.com&client=NEWS_360&size=96&type=FAVICON&fallback_opts=TYPE,SIZE,URL",2026-08-20T09:24:14.331407
Risky Bulletin: Slovakia finds Russian backdoor in traffic speed cameras,https://news.google.com/read/CBMilAFBVV95cUxQUDIxdW9jejU0a0JibF9HOURfOG9XeVRZci1HeVE4WS00NHVMNVdnWjRkUXR4WjlSMU1yUU5zbjQ4TF9POTFhcDBMT2pJZXhyQmttT09qODZWaDRsQ3ZKQ21fRnBTbml6Vzl2bHlqbG8wbS1OOURyQ3RDTVE5cTBZZmlWMVZlU1hzeGtzQ1pCYnRSYzdE,More,23 hours ago,2026-08-19T09:36:19,Risky Business,"https://encrypted-tbn0.gstatic.com/faviconV2?url=https://risky.biz&client=NEWS_360&size=96&type=FAVICON&fallback_opts=TYPE,SIZE,URL",2026-08-20T09:24:14.331410
Risky Business (849): Trump will unleash contractors on cybercriminals,https://news.google.com/read/CBMilwFBVV95cUxPYk1ZWUQxUXp2RzBYaUdWLVhyMVhweldQdkFKYnVDdTR3MDNPRTZRV01ST0FOaW5qTEwxMFBFTi1aRzZ6b3pTZGh5V2hPTm5lV1doS0x3c0Yxa3hQd1lmcFhuZVFVS3Nxd0ZITzJsb3UxbXE5bW5ZRkdFN19sRjhTaXpDU2dPV193X1o2d1FxZ0c1d0h3clNB,More,23 hours ago,2026-08-19T09:36:18,Risky Business,"https://encrypted-tbn0.gstatic.com/faviconV2?url=https://risky.biz&client=NEWS_360&size=96&type=FAVICON&fallback_opts=TYPE,SIZE,URL",2026-08-20T09:24:14.331412
Wiz CTO speaks out amid confusion over Snowflake-GitHub Copilot flaw,https://news.google.com/read/CBMijwFBVV95cUxNR0xoT0ctMzdEQlhLdWh0d012M3Jrb1VyRGQyM1I5bW5GcTluXzg4Q3RxVWM1VlgxeEpTS1BadUt2QzU1eGFISElIYTg3Z3VaMXgwYmxyNUdCSl9Cd05wU2txMTNyLUt2aVlBeXNJbDVydWFpdzZNa3Bna1Fhb2o4QXVjQmVka05qNFFwYjFQVQ,More,23 hours ago,2026-08-19T09:36:06,ITPro,"https://encrypted-tbn0.gstatic.com/faviconV2?url=https://www.itpro.com&client=NEWS_360&size=96&type=FAVICON&fallback_opts=TYPE,SIZE,URL",2026-08-20T09:24:14.331415
Candidates for the positions of Minister of Defense and Minister of Foreign Affairs will meet with parliamentary factions; voting is tomorrow – MP,https://news.google.com/read/CBMiogFBVV95cUxPc0drSk5vQkc2UHFGYmRFdExHTHF0R0JYeXJCWkpMUV83WktrdmN6SXFfb0FDUlRxRjNYcEJpYnhBOW1YWHc0MkxjM0NXTFdpNk1xWHVvSXVpNXBLWmNjR3NDbDhYWDZxNFRxOHR1b2RHVlI3WTdoWTJGNEVBWkR5dTU0NHVoQmRhS3BMa2RvdE9CeUN1dEM2bUoySF9jYzBHU2fSAaABQVVfeXFMTXgzV29RM0RaQlhrME11TlhnOHlhb0Vyb0hpZDU1WlpPWVY1QUVPbWsxekpVQWMxSUw5OUJtYzdrV0VTZjAtVm90b2VyNmkyLXFZbmxFWl9CUHJyQ0ZJZjU0UjZXbUptWk9selBydm9KQlNlMDdwTUJ5eVpPeVBDQkVYS2RhdEhobF91Zmg0RzVnSHQ3LVdoTjdHU0h3UkN3WA,More,23 hours ago,2026-08-19T09:35:07,UNN,"https://encrypted-tbn3.gstatic.com/faviconV2?url=https://unn.ua&client=NEWS_360&size=96&type=FAVICON&fallback_opts=TYPE,SIZE,URL",2026-08-20T09:24:14.331418
Nick Kyrgios provisionally suspended after positive test for cocaine,https://news.google.com/read/CBMisAFBVV95cUxQVW5senYwYjlXNzNoWmhuS3ViUmdWejJPSDNHZEJieF9ZMjJuMm1CUnBmb0N6RzhIN1JOampTYXlteENSYktsMGFJOVU4Nld4T05STkFJb0hMRXhETkV1eE5MWHA3WkxHNTZFYjBIOS1DT3BtTzVzMkpDeXV0cHdfNlZzU3Awd01oRzRxOTF2ZVpCaHcyMG8tRDVDSkdTNlh4R3diV2t0bGxoSUtmdHpBTNIBtgFBVV95cUxNV0oxUHJZVXZ1ZHd5anBMWDhPbDVzdXJma0tyMnlCRWRwbWc2bVVjeVJ2ZV9BWmRwcVdlcFZWaHhnb0thdWVOaHpLN2NSbUloVlBzLUpkSUx5UEk4bWlOdUNDV2RVVWtVQzBBSjJHWDZ3VV9jQTZqMTQtblRuemZ5SkE2NHlmellWRmxmQThkNEZBdV9kaGY5TUI0a2diYjY4UE1QcXVHckJFXzFPejlMZVVHdV9tUQ,More,23 hours ago,2026-08-19T09:31:40,Al Jazeera Fresh,"https://encrypted-tbn0.gstatic.com/faviconV2?url=https://www.aljazeera.com&client=NEWS_360&size=96&type=FAVICON&fallback_opts=TYPE,SIZE,URL",2026-08-20T09:24:14.331420
Exclusive | Startup to Link ‘Biobanks’ of Patient Tissue to Supercharge AI Medical Research,https://news.google.com/read/CBMixAFBVV95cUxPT3VmUkVBcG1HZTJYVFNRaGJfN0NaOU9FdEhLYUx1UzhqTVk2OWd0NzU0VFRYVDVZTzVKUDJidlh3YklSOUE1RzllYTV6NFluZzJYNjlWcG1OR0F2Rl9lQkFIM1AwNzIzX3djU1FNdzNSV0NMZFUwRE1SQUdMQ1VoNkJnclhRQ3B2d2xpSF9hZmZmM2ZxN3NnaXl5QldqQ3JwU3pVd2VnaEN1S0dYWlI1bU5xRUEtOHJKcHgySXRFcnZwSGVn,More,23 hours ago,2026-08-19T09:30:00,WSJ Cyber,"https://encrypted-tbn1.gstatic.com/faviconV2?url=https://www.wsj.com&client=NEWS_360&size=96&type=FAVICON&fallback_opts=TYPE,SIZE,URL",2026-08-20T09:24:14.331423
Ban on leasing shelters during martial law - the Verkhovna Rada approved the bill in the first reading,https://news.google.com/read/CBMiwAFBVV95cUxQWGVXdDQya1hqQzlwUTU2Rmx1STJtcnpHR2ZXRkxTcDUzYVEyZmpzenJjcXBiSWRhc19ZTnZpWklQNkRqRUxYeERqQVcwdzhQVEM5THdLeHY1WXJYVDROUnp4TGhXRi0zQ2hDRmttWVRDaF9ZRW9SaUFPWDhSZDc5VDVxc1UtbDNRaldYc0VTNnNDa1VaNG1WcG5uVEt4SEJjR01LTXBhTjhZeTBqdkZPa0FfYXdGNncybGhzQk4tUWXSAb8BQVVfeXFMTzJOMWgyQUVsOV8xaEk0U3FGSnBPbUsxLUhmNjVlQzFBbExVdEZtZVc0ZFJRZUo2SzNKdWE5N0F0OFZXTDlMS3E0UHpEWDFrb3BZRnp3cUZiZmJ5enBSOFFYSmJ2aWRqMVU3T1MtdFFpRVloVHZsVm9RWl9VcGplN1RvX2k0c2RabE9ReXJ3M3JmREhrcWZVSG80cExnY1JtclBnR2ZGY3FQNFYwTWRPZXdyZ2JPSG5RSWtiRzVsMnM,More,23 hours ago,2026-08-19T09:26:59,UNN,"https://encrypted-tbn3.gstatic.com/faviconV2?url=https://unn.ua&client=NEWS_360&size=96&type=FAVICON&fallback_opts=TYPE,SIZE,URL",2026-08-20T09:24:14.331425
943 Patches Rolled Out With Oracle’s August 2026 Security Update,https://news.google.com/read/CBMimAFBVV95cUxOR0ZLTjBxNnBybjYyaW5QY1p1ek5yejEwa3oyWEh5bERITVoyTEJGLTFoU1RqVWhkRFJWdEFsOVFRVzUwT2g4YnBVQm1CSzJCU0ZLdHdqcDI3dHBIZ2w0ZWV3Y2IyVGl3MWJKYXhxS0d5V2pmQkt5WkJOanFiY2ZCUUZpZEJWdnkxd0FuMjMwTUUtbjRtTGtOMtIBngFBVV95cUxPb3liVGZvUjN0Uy1hZ2V3TUw0MmxKeHNhYzRadlpFZTdHeS1MZmtrOTBCTThaTVk0dl9jTG53MVI3dFZ0c0MwTVl1d2prZ3VrVjZQRUVmd2IyLWowSGxPMWptUkQ5RWZLejlGYjZLeEZCVi1SQzI0VV80dFJlQTdBNnJmSTB1Rl9TLWd2VmQ5SEVwYkZoMHlxaGxORVhXZw,More,1 day ago,2026-08-19T09:14:51,SecurityWeek,"https://encrypted-tbn3.gstatic.com/faviconV2?url=https://www.securityweek.com&client=NEWS_360&size=96&type=FAVICON&fallback_opts=TYPE,SIZE,URL",2026-08-20T09:24:14.331428
Preventing a Breakout as AI Agent Threats Is One of Three Top CISO Concerns – Rob Allen – BSW #461,https://news.google.com/read/CBMi1AFBVV95cUxPUGljUm12V3dMTVBuQWRNUEd1R2k4blR0TG94eUFiWlYzbTZZM2h3ZnpCMzVmTFNDYkhKQzJYVkRPSVZKTVJCa0lTVXNwaDR2N0xOYVNDSG1jdXEzS2hiYkZJR0dMS2ZDVEpWcjZFVDJDQ0oyTXVZT0paaWRhMUZqd0d3SHc1RTVvRXBUZGk1QUVaZnRRRF9vbmdUS1VGWmhOZE9VQ0F6VENpLXZFOEhqeEVybUxVb3BzeEpVSTMtaVI0ZFJxSnpCei1KV1dkT1BjOVp0Tg,More,1 day ago,2026-08-19T09:00:00,SC World,"https://encrypted-tbn2.gstatic.com/faviconV2?url=https://www.scworld.com&client=NEWS_360&size=96&type=FAVICON&fallback_opts=TYPE,SIZE,URL",2026-08-20T09:24:14.331431
CISOs are struggling to threat-model AI. Can 15-minute sessions help?,https://news.google.com/read/CBMitAFBVV95cUxORnB3X3JlUi1sT25YWV9GQkllYlc5aldTUldyeExnSzk5RlZsRXZDTHRWMGd2dW1sY3lJNDIyRHZSY09vVi0tQTFVQll0N0ZuUDlEZ1psUkdxS1BjVFRZemFoR094OXlnODlVQnJVQmZIOHNkaEVKcG1iQVpLT2xoM01jc1ZIWTgzSDN0dDBaQ29McEhxVlRZdWFHY0JsNHVWcS05UzdlNjNDVzNOX0ppZ1RUVUY,More,1 day ago,2026-08-19T08:29:12,CSO Online,"https://encrypted-tbn1.gstatic.com/faviconV2?url=https://www.csoonline.com&client=NEWS_360&size=96&type=FAVICON&fallback_opts=TYPE,SIZE,URL",2026-08-20T09:24:14.331435
"Chrome, Firefox Updates Patch Dozens of Vulnerabilities",https://news.google.com/read/CBMijAFBVV95cUxOUTc1SnJhNEVfOVRlT0xGSjJLckJYYW5CWVUwNUpxQ2NzcGNHdUdnZm5pVmk0WlN6QU9CNHdLR2dfaDdiQlZPbHAyTVBWSDFJaDRpZFZkUktla2VMTmc1S0hMdXFFaWRpVHpTaXdmbTZpT09BckhxOEhNbTNqd0wxeFVaLUJoYjNIU0YtVtIBkgFBVV95cUxQU3NvQTI5TTZ1V1pteEJBbkR5VmROQVFkdGVZOHVPZkthY0JuWllZck5TeUFFOE1GYjR2MHdJdEFuRGZHRzdCcUJ6OVp1RmdyYmM3M2RhUTdYVUw4bjQ0VGpIVVp3dHpmenF4djluMDBSb1Q5TGtGZGJCWkxBWDlqVUNGMTcxM2NvQzliWnBZZ3BDdw,More,1 day ago,2026-08-19T08:19:09,SecurityWeek,"https://encrypted-tbn3.gstatic.com/faviconV2?url=https://www.securityweek.com&client=NEWS_360&size=96&type=FAVICON&fallback_opts=TYPE,SIZE,URL",2026-08-20T09:24:14.331438
"BEB reform is stalled: after the failed re-certification of its leadership, a full review and relaunch of public oversight are needed",https://news.google.com/read/CBMihgJBVV95cUxPQlZLWEg3SFRBMjhHd0F3WmtPai1GQnlTR3phQUZPS0p1bWE2OUh6dlh1RGkzQlNPMUREeDFXSU9wOEh0NVpaaXdOSTZueUFrckFnQkpYRVR6cU15ZWUzU3YxWFRpQS1YcXh6ZmVMLTBfLXd6bm55aTBkNDNydW1FZHk5cWtLYUVFcWU5REowZmZuZlMyblJFd2hzaUhxZUFFckxIbHRnVkFCZWpma3k1RmdHNjAyVXJNbS03cnNScEp4cWZpd3ZDVUZ1VjZlN1FqbW01MFRhNEFQQk55Uzljc1hUaDBQdFZCLUpMaGQxOE9QOVF2UmpXMlN3RExob1R2djktQzhR0gGEAkFVX3lxTE5CZG1Fc0JGY05aRXBmT09YcDkwVzFSblU4d3lNMDlmZU9YeDljMk5VR3lUOWFpOEtrbHRjeVJBa296djdfMFloU1NSeGxQbHpjQmtQLTNmVi1KZkQyc0ZlZTd2TldRMmRDVU5MMkFyWndTdUwtOWo3NFA0Z0JITlptT2ZpTjlONFRIVGRoSGVKRlFsVnVGLVdSNWUyV0ZhRmFWU0ljWEdvU1NtdVNTeU9jdk1zdGVSZkpsQnY3QzZfSnRrY3BmU25MS1BZMlZjZXVLLWhFUkVQQ2YxT0w0aFA0elkxNUNSYTBDaGlyVFhYM3JrblFmS2Jub3BOVHp5VmhkdV9W,More,1 day ago,2026-08-19T08:02:49,UNN,"https://encrypted-tbn3.gstatic.com/faviconV2?url=https://unn.ua&client=NEWS_360&size=96&type=FAVICON&fallback_opts=TYPE,SIZE,URL",2026-08-20T09:24:14.331441
"Enterprise Account Executive, Sydney",https://news.google.com/read/CBMigwFBVV95cUxPZnFfVVloUTJHMnl2MmJMTFZqNVNsM1pNV0NTN2dpMGhxRzRYTkV1aERzM1ItbDlPcTkxWnZDZ3h1Z0NvdWJqcEJuTWRoV0R0bmFwTk50QUFPT1VHNHAzcERWRDRJakJUem5oZjFlU3lwX2dEay1ScTV6R0otV0s5cHJFVQ,More,1 day ago,2026-08-19T07:45:47,Wiz,"https://encrypted-tbn2.gstatic.com/faviconV2?url=https://www.wiz.io&client=NEWS_360&size=96&type=FAVICON&fallback_opts=TYPE,SIZE,URL",2026-08-20T09:24:14.331443
‘Democracy can’t be held hostage’: Sacked Ukraine minister calls for election amid war with Russia,https://news.google.com/read/CBMi1gFBVV95cUxObGlpS0dvTzNISDhDR01rel9EejJXT0lsTnVaZXhqZmlFd3cxajA3TGxkM0pQUC1lXzZpWXVkeDd0b3FCcjZiaTFhU0x0WkhYUllDM1Rlc2R6VHJaakhWOFBHWl9ROFNjNUltMHZ4VmRuZHl3aTVWUTZLdVBSRVZVRVYzbnhIR3RURU1tOU9jTG9tYXZlRzRvYmRIdjZ5dDNUQkhTZWlfQkJxZm8yWnRLTmVrbmdZeEJJd1NQWnZCTTVIaVRZOW9oWU1JQThFcjJSdDhnZWdB0gHbAUFVX3lxTE5weG9RUWFyamJOeTVxS3h3cFdONVZnR3l5bDRSWmkzSXNBMlB4R3E0SnJSQ0NyNEhvZjNoQ3pLTHladEpWVHh6a1g0ODhPUUQ0bS0taWI2dzZfc3pMLXdLMi05cUl5LW94THdvS2NQRmpoRzdIY2JiNjh0U0RWMnM4WWN4LVdYQU9YblFhTUQ2bnJJYkxqTlU5WXo3SjNwVEg1MjRqZ1pZd2tfUnJ2eHhaYlRKSkYyUERhWjI1V1QzQ3FTbjlXWmRtRDZTSHRGMTNrWWpiSjN2U3ZzYw,More,1 day ago,2026-08-19T07:36:00,WION News,"https://encrypted-tbn2.gstatic.com/faviconV2?url=https://www.wionews.com&client=NEWS_360&size=96&type=FAVICON&fallback_opts=TYPE,SIZE,URL",2026-08-20T09:24:14.331446
"Khaled: Regional uncertainty, emerging threats underpin higher defence spending",https://news.google.com/read/CBMiuwFBVV95cUxQNTZvaTlLaHJyYnFxcnFTdlFGa3BVOEphd2RnQXoxQkZyc2RPTGJHQWtoYkRXUU9jSXVlQzk0MnY5a0xRU2x0SmM5WndvWHpRQUV3aU0xVW1NMVhtUGRYakg0YkUxNUh5aWM1eDZGcGdJTERLVUl3QVI1OG1tUUxrN29qUl94alZfOWR3X2NGa0xjVVBSNzd0Ni1TQ0VFSkFzQ3g3MlRpWWo5eWZUWFRDOHByUDVpcXQzOUY40gHAAUFVX3lxTE1tbmVPYTk1Q1E4MFlFVHMwc2IybTUzQ2xMMzBaSzlIQzZhc3VTeEp6bk9kZkVNQmpieTlQUVNBWlRrV3hRdm8zd0YxcjBELXQ5S3BtX1VEblpnTnlDWEdvR1huakU5dERvZTY5TS1zY1hNSzkwLXhuY1BLMC16cDBMZjRocVBZbk1TbVdqVXFTQU01TWhBNUp2MkMyUGI5STR5Vmo0WExDbFYxZXdVUEMtTHJxZmpHcnhaa1ppT243OQ,More,1 day ago,2026-08-19T07:27:35,New Straits Times,"https://encrypted-tbn2.gstatic.com/faviconV2?url=https://www.nst.com.my&client=NEWS_360&size=96&type=FAVICON&fallback_opts=TYPE,SIZE,URL",2026-08-20T09:24:14.331449
Risky Bulletin: Slovakia finds Russian backdoors on its speed cameras,https://news.google.com/read/CBMiQkFVX3lxTFBuYS01bmlaQS1ReEJyVno4RGszaEpFRnQ5bFNFTXZPWTEtT2c3S25tSEs5RVQwdm9kWVd3RWhLVHpTQQ,More,1 day ago,2026-08-19T07:17:30,Risky Business,"https://encrypted-tbn0.gstatic.com/faviconV2?url=https://risky.biz&client=NEWS_360&size=96&type=FAVICON&fallback_opts=TYPE,SIZE,URL",2026-08-20T09:24:14.331451
Inside the Army's New Multi-Domain Commmand Pacific,https://news.google.com/read/CBMiqwFBVV95cUxNeDBuSENSWFpwelNxZ0xHYk5oQkZtWWNSZ09qQkk1VERWNnF2b3l2SDB1NU5NS2J5bVhTdk12NHUzSEVUUUNGMnZZZFpFMUotRGZMRTMycGNudmVFRXdUT1NiVGViUDc5X19vLTQ0M1E0dzY5aHE2elN6c0xzS1h1b3JzdjR5bGlXanBfUWZRMkZnSmwyRVlMSDJhZ0xjYzBNcng4OUpkZ1NRVGM,More,1 day ago,2026-08-19T07:02:08,Real Clear Defense,"https://encrypted-tbn2.gstatic.com/faviconV2?url=https://www.realcleardefense.com&client=NEWS_360&size=96&type=FAVICON&fallback_opts=TYPE,SIZE,URL",2026-08-20T09:24:14.331454
The CISO now owns physical security. Here’s what that means for the channel,https://news.google.com/read/CBMipwFBVV95cUxQbXhNZnpqaG9YLWlLUEUtQzh5RTAzTEtRNkJ3Ylc0WFZEYXZNWjdrajJZWk9tMmdzMlp3clF6TDE0NzU4T202NjRDa21ITmxEaV9RSTY0WmZveEtRNEZBZlhNY3o4ZUdsMTdhVEVXblRuQXQ4QlNxNlIxeFZ3SnBtRkFld2dpMmlOUFNHMU8yYnZtQzVZc2hHS3hVUWhNdFUtVjhpVnFHaw,More,1 day ago,2026-08-19T07:00:00,ITPro,"https://encrypted-tbn0.gstatic.com/faviconV2?url=https://www.itpro.com&client=NEWS_360&size=96&type=FAVICON&fallback_opts=TYPE,SIZE,URL",2026-08-20T09:24:14.331456
CareCloud Data Breach Impact Grows to 3.7 Million Individuals,https://news.google.com/read/CBMilgFBVV95cUxOU2RDVGhIS3NVOThhQkMxbFA4R3g0Zy1XYTVqVXJ6SEdJOEsyZXhYY1dUT1ZqcjFDLTZwQTM5WFpGS1JSZVU0eUpyV2tFc1cwcnUtbFFxQk5CRTF0YWtwNDh0Vk4tYldWUXVKTGdsalBseWt3cGpvcVpVLU82YW4xZnBVQWdwb0dCc196VDliU21jWkcxMGfSAZsBQVVfeXFMTlFZVG1RMm45YW1jM09mY0JUSEpzTzIxVGFELTR1a2FfVXQ2U19iWDVObTlES2pLV1VMZlpzNUduNEVpcGlSRDJjeFl4aE9tOHRkaHZzSHZuYmNhcm5xSzZpNUcxMEY4NmZFRDNld1hueXlHU0tPTVMyaExPNXZUYlIzOUNsSVE3bE9veGllQWFENlpBQ0ViS2otMHc,More,1 day ago,2026-08-19T06:56:43,SecurityWeek,"https://encrypted-tbn3.gstatic.com/faviconV2?url=https://www.securityweek.com&client=NEWS_360&size=96&type=FAVICON&fallback_opts=TYPE,SIZE,URL",2026-08-20T09:24:14.331459
Virgin Atlantic and Trainline investigated over ‘drip pricing’,https://news.google.com/read/CBMihAFBVV95cUxQc0ZKN0xzelZqbENNUEtOb1hyNmxRQUtoOU80dTV4aEVHWjBNTGJKTFJDSFdzbWNNdmJoel9TWk9WSXVjRGpsdC1ndEtJS1BNdENhSk8wSUlPYTV6UzhuamVaTFBGT0dXYkZ0QW43Ri1nT3BlT1lWdlVSekQ3empZd1JGaEc,More,1 day ago,2026-08-19T06:56:06,FT Cyber,"https://encrypted-tbn2.gstatic.com/faviconV2?url=https://www.ft.com&client=NEWS_360&size=96&type=FAVICON&fallback_opts=TYPE,SIZE,URL",2026-08-20T09:24:14.331462
Welcome to the Palette: the 5-star Las Vegas hotel that doesn't exist,https://news.google.com/read/CBMiYkFVX3lxTE5yZ1pBcFZEZFVxckRsX1Bkc2NFWl9Vb1ZWUTU1Zmg3Y0hQVlBZQWdaamhNbEpPb3ltczRLRGpPc2M5elRtQ2VLeUh3ZndLbl9TbWRQWDBaTkxxZ1VDenY5b3VR,More,1 day ago,2026-08-19T06:45:57,CyberNews,"https://encrypted-tbn2.gstatic.com/faviconV2?url=https://cybernews.com&client=NEWS_360&size=96&type=FAVICON&fallback_opts=TYPE,SIZE,URL",2026-08-20T09:24:14.331464
SafePal patches order-tracking flaw after data breach affects nearly 40K customers,https://news.google.com/read/CBMijgFBVV95cUxQT2VobC1XYThCYlpqVTVlbGN3aHZVN016NzhfMDVGSkFKV3RTYUJLVnRJX3pOZlB2S0ZHSDFkX1QwWGNRQXJuQjQ5S3dza0dDWG1hRk1CZWRYWkZwSkxpR19OWjA1SmxjTmJka19Wa1hZMTRpd0JGRnhPV0VMYjNqenEzbF9XeXJ3MUlrTVZn,More,1 day ago,2026-08-19T06:45:57,CyberNews,"https://encrypted-tbn2.gstatic.com/faviconV2?url=https://cybernews.com&client=NEWS_360&size=96&type=FAVICON&fallback_opts=TYPE,SIZE,URL",2026-08-20T09:24:14.331467
"OpenAI Pauses Training, Google Delays Release",https://news.google.com/read/CBMihgFBVV95cUxOdlJvOEpuYTZnYmtkZk9oUmJkaV90NjBZNzBoRndfbUFkbWVtVmVzc3NiWkZKZzJsSUcyaG1heE5CcnJxQ2RjMF9EVEkzdDZ6cXlpRTQ0SDloZ3VRdlpRVzJ6MEtCcG5TblFfQnZFX3BNajdDb0V3YmFsTDRpMkhJNlE0bHJOQQ,More,1 day ago,2026-08-19T06:15:22,Chosun Cyber,"https://encrypted-tbn0.gstatic.com/faviconV2?url=https://www.chosun.com&client=NEWS_360&size=96&type=FAVICON&fallback_opts=TYPE,SIZE,URL",2026-08-20T09:24:14.331470
"Snowflake flaw slips past AI checks, gets exploited by another AI",https://news.google.com/read/CBMisAFBVV95cUxPVUxhdHJJZm5jNWYxLVd3Q00yN2NXSEpOUmUzVzZXdkhXNXdPNDRPZnNuRHpheTBQM2V5R0ZPNHJBUm5yZVhKdThCOHlHbHNva1UtWHU5TkxxdjJqYklPNFFGcTZjd3EtWVZvVGJlNmRRd25Yenh3V3pWWDVqRFBaRlZiOTJ1S1JIS1N5SzFKUTNOZWZPVVNPZkRLODdsYnBWNFVLeHJUWjBscFBrRC04Yg,More,1 day ago,2026-08-19T05:32:45,CSO Online,"https://encrypted-tbn1.gstatic.com/faviconV2?url=https://www.csoonline.com&client=NEWS_360&size=96&type=FAVICON&fallback_opts=TYPE,SIZE,URL",2026-08-20T09:24:14.331473
"Top Loop Earplugs Promo Codes: 20% Off Quiet 2, Sweet Dreams and Gift Sets",https://news.google.com/read/CBMiZ0FVX3lxTE00eURHdkU2bFNITk53VGdmOE9MOTUtQkswTXFzVE5tUVVHUFZsVWRLaTNQdVRHWjF3cllTd2NyaWxLX1ltN3hBMVhtT2lPeTc1Rmh2MGJjQ3lrVl95WXdhVzlwVm0zVlk,More,1 day ago,2026-08-19T05:00:00,Wired Cyber,"https://encrypted-tbn2.gstatic.com/faviconV2?url=https://www.wired.com&client=NEWS_360&size=96&type=FAVICON&fallback_opts=TYPE,SIZE,URL",2026-08-20T09:24:14.331475
'I was ashamed of my periods': Anupama Parameswaran opens up about her toxic past relationship,https://news.google.com/read/CBMi2wFBVV95cUxPcWZEbVRxT3JCT0tsYVc2M0JDa0VxRVBhRGVtNEpBMTMwWGJxQmNDQlB0Q2ZZUEN6aE9Qb1JlS3VNbTZMU2tRbTlDZ1RSY1VUaURsLUNIU0l6cDV5YVZ3YWp2Q0lKVzJGSUNDYmduU19MZmZLRGxlMlB3V2VVSU9Dckxud29uSzZBWWpJS0xPN3ZiUlhEbHYxLWFTSlZud1B5dzlEYlhBcHh1RTR3UDRGNGJOQ3lkaHlLNWhMMzd3MV9NTlhEZUhzRTB5bmJLVEEwSE14STA1M2FZckXSAeABQVVfeXFMT1lrQWhsWTg5Sno1RkhveDRrMnVkS2ZaeEl3T1hyZEl3V1hiUjE4UldTanNwQTRWOGZRZE1kd3dfNGRjREJSRFd6YmlDM0ZVQ3V2VERUQjAzZGxuSWF0MnkwVGtZcm9fbmRBRUZxX2trQmE0dE5uQzZsYjlKMFZPMnlFSnE4dGZUZ05QS1o3UXhxaWhhWE1IQ180SzBvcDhYQ21Kc0llckVXVElralNydTVLVk1kMVVzWmtsMjhOdUIyZTF5em9kQUhlenpoNTBVLWRtY0l4QThwZjZlaXY2VTQ,More,1 day ago,2026-08-19T04:45:00,WION News,"https://encrypted-tbn2.gstatic.com/faviconV2?url=https://www.wionews.com&client=NEWS_360&size=96&type=FAVICON&fallback_opts=TYPE,SIZE,URL",2026-08-20T09:24:14.331478
Scalying New Heights - SentinelOne,https://news.google.com/read/CBMiswJBVV95cUxPbE5qMVBSRmQ3aDhDcTFYdEtFZi1tb3R6bm1RV214WWRsdkdZXy16eElkQmRrQmdtNzVCMlhtTFNzZ25pQ05qUEFfa0YzTG5JX1lfcF9vNjQyclhncEx4cEY2Vnc5Qk1WSEpfN0hBQ1djejhyRHZjU0JEb3lxZmViZ1ZyejZrSlNJTVNOc2lhYkxLbzJwbUwtaDJiSzFiTHpMRzFFal9JTkdlRWROQTkzMS1RZk5na05INGhlZ0tTNS02MDNUTk40b29Na2xLR1M4RFJQN1lGamRfTGZRSDhHUmp6LVFKUm9RT2ZQM0RDdkcxeHBDVUNWRGJnbkFiR1g5VDRHWWdUNDA5SVlSWlRkNE1QWUtjNHo4NExubkZjOTVSNWxRV01VVEpLWTFnYlh6Y0tz,More,1 day ago,2026-08-19T04:42:02,SentinelOne,"https://encrypted-tbn1.gstatic.com/faviconV2?url=https://www.sentinelone.com&client=NEWS_360&size=96&type=FAVICON&fallback_opts=TYPE,SIZE,URL",2026-08-20T09:24:14.331481
Breakingviews - China's AI laggard could soon be its leader,https://news.google.com/read/CBMipgFBVV95cUxOdW94ZU1YTUF3VjZTUEpGSzNSaWlXbXZCOVl2eW1oN0V6SDJTcWs0OVBObVpYNzJzYTE3LTg2NUNacEN0WVRPVHNIT2psLXAwSURsYW93WlRybDJJR1RRRFN4dTVnUXpYWEhFNi1rdkt0eGlvQ1B1Qm95WFJLTlM4N2JkS1N3ak1seEV4aTBTa29KeUlRdHJIalZmR3RRSUxoTEZnRjlR,More,1 day ago,2026-08-19T04:40:00,Reuters Cyber,"https://encrypted-tbn2.gstatic.com/faviconV2?url=https://www.reuters.com&client=NEWS_360&size=96&type=FAVICON&fallback_opts=TYPE,SIZE,URL",2026-08-20T09:24:14.331483
The Magazine Depth and Fear of Loss Crises,https://news.google.com/read/CBMirAFBVV95cUxPQlJ0TmpPMDF1NEJvRHNlUWxaaUtOZzIwMm5zSWdhcThhMmVQdDdtcVUtXzVCZTBjSWtvdTZleE10OWppVDVacEEtSnNqazZOWlJfTFVDQW92VVBaX0FVV0pFaXZ2VU8yM2VzY1JtR1Y5WE8ybFQ4NFgtWW1sUmphRTJEVEFNWXFRODRLejBMWFdjdThmY2NEdm1ZSE5Oc0VIc093TXh4cGhmZEJf,More,1 day ago,2026-08-19T04:27:03,Real Clear Defense,"https://encrypted-tbn2.gstatic.com/faviconV2?url=https://www.realcleardefense.com&client=NEWS_360&size=96&type=FAVICON&fallback_opts=TYPE,SIZE,URL",2026-08-20T09:24:14.331486
"The Good, the Bad and the Ugly in Cybersecurity - SentinelOne",https://news.google.com/read/CBMivwFBVV95cUxQT0tpOF9iUTlpaURkaFVHc3AtX2dWQWZheFkxZzBkLUN6WmxRcjkyUDJtM1FobFFGSU9EWXFkcHBfbGpYX1piQTltcVVCbU9xakFBM2wzTUM3dEdrdmViX3hCQUxSMFRsSVNxOGFEQ24xVjY0U0JMbk43TGV0N1BOWWhPMnp4c0xTN3Z3OVhOUExjNmJzZDhadUNhMXdyTVdTTVJsSGF2TTBiaUNWXzhLUUVSTE94dE10b3NhRFlZaw,More,1 day ago,2026-08-19T04:14:55,SentinelOne,"https://encrypted-tbn1.gstatic.com/faviconV2?url=https://www.sentinelone.com&client=NEWS_360&size=96&type=FAVICON&fallback_opts=TYPE,SIZE,URL",2026-08-20T09:24:14.331489
Russia/United States • Audit weakens Putin's envoy for economic partnerships abroad,https://news.google.com/read/CBMizwFBVV95cUxQQmJvcHNvSVRkdXNSQkh5RDdoc04wcElNcl9FSjJNX3pfRWh6VWlFdnlHMElYbm94QnlUaVFMRWJ4YmhEUWNYMGRXdjRQUTc0SzFFVUdrajVRWVpnR0M1S3A2X0R5Ny1lSmQ4b1RGNnR2VlN5YV83MXY4UTRpaHJ1WWZmVGkySldCYU1paXNkaUd5ckRabHNnNFp6RWZUMDVyWDIyZzF3RFJ4cDVqaUxNUzJKcVJJUXZBbjV5Mkh5bFctSXh3U1RnSmhqcU5RT0U,More,1 day ago,2026-08-19T04:00:36,Intelligence Online,"https://encrypted-tbn2.gstatic.com/faviconV2?url=https://www.intelligenceonline.com&client=NEWS_360&size=96&type=FAVICON&fallback_opts=TYPE,SIZE,URL",2026-08-20T09:24:14.331492
Spotlight China Shadow of purges falls on CCP ceremonies for Jiang Zemin and Zhu Rongji,https://news.google.com/read/CBMi3AFBVV95cUxOVi1ISWJaMVZfaVE2RG44S19qSXRsbWpLVzdpdGVDeEpfQmY4VXUzOHFCZ1BJaGtNWWszZC1uUU9JSUVJczE1Q3g3OUtOdWpuQ1VBSjk5OTFqWVJOeTJRWGpkTHFSMElLU3RZRkxIcEUyY3JhNlYzM3ZtUEpjMXRyLUhoSlpZNUFTZDRYRERXQTNyVjN3NHEtaWNqckN4bndsVllrdHNYR2E1eDRMeGRRT2hkRThFVzZwcVZHMkRESXRVSnZHT2lRM2tHSmJMRjVpUlAxc3U1SURCY1N4,More,1 day ago,2026-08-19T04:00:36,Intelligence Online,"https://encrypted-tbn2.gstatic.com/faviconV2?url=https://www.intelligenceonline.com&client=NEWS_360&size=96&type=FAVICON&fallback_opts=TYPE,SIZE,URL",2026-08-20T09:24:14.331494
"China • Grandview Institution, a ‘new kind' of think-tank in PLA's orbit",https://news.google.com/read/CBMi3AFBVV95cUxNVFRvdXF1eFNRcGVUUDhsSFBiNGVuU1NWREV2VlI5cEVYR2xISXYxY2h1TC1qWjMxSVViQjdvcVlEdWtYLVdTWGZQLU1TLUpvLVRyUkFjdkFOanBtX1pOQl9JTFMxUDViel9vMjkyUkVKSWlxWnBGMWhCcVZjWVdZSEowbW1kV3EwU0d3X3MtM3NOZEFjMThlRDlrcWpMTV9fYmp3S2lYdlVINGRwNXVkSllZbVpfWTBiVlBORmNZNVp0ZW04a0h3WUl2UkZySUxRTGhTRkJzbXAySHlF,More,1 day ago,2026-08-19T04:00:36,Intelligence Online,"https://encrypted-tbn2.gstatic.com/faviconV2?url=https://www.intelligenceonline.com&client=NEWS_360&size=96&type=FAVICON&fallback_opts=TYPE,SIZE,URL",2026-08-20T09:24:14.331497
"France • Military intel warns of spying risks linked to BYD, Tesla, Strava and Tinder",https://news.google.com/read/CBMi4gFBVV95cUxPcnpDd0FQcUdnMTNtLTl0R1FWOVJzWnEwR1FhRUcwY3NHWjlmY2g5MVFnc2xMOGM0Y0pOX25YWTBJclJMWkdoMlpZbDdubXN2QlQwYzUyUjRvMGMxVmpYemEyOFpMb3ByTEJlYXZac3c1QlFUSzRSc2JJZHBLamRmVVNPWFA4Q0ZiQTJ1NEtxMzZ2OEVGOW9BUnNfX05XdVg3SWJERGJXTkM1blVwNnd2aVF6LTBpVkhyWEZkRHhiREpUUWJjQnpKTjNYMGFfV2t4YzkzbzJ2ZUVQY0pjR3d6bDhR,More,1 day ago,2026-08-19T04:00:36,Intelligence Online,"https://encrypted-tbn2.gstatic.com/faviconV2?url=https://www.intelligenceonline.com&client=NEWS_360&size=96&type=FAVICON&fallback_opts=TYPE,SIZE,URL",2026-08-20T09:24:14.331500
CISOs Break Their Silence in 'Declassified' Docuseries,https://news.google.com/read/CBMilgFBVV95cUxOTU8zUkR4NXVDRER0SkYzbWRPNUxqUWE2SWZILUFmOGZ5bExpWVRuYW42YWl4YXRONVJwZ25LU3A4REdWdFJLZ3JxaDd2cS1mS3JMM3hGX21TMWE4R0FzamJWSUM1cF9GaEQ0c21pblRsM1g3VzN6VU1HbGV2ZTBOamc3cld6NjNGQURFUVZxUDBjZHNscHc,More,1 day ago,2026-08-19T03:45:09,Dark Reading,"https://encrypted-tbn0.gstatic.com/faviconV2?url=https://www.darkreading.com&client=NEWS_360&size=96&type=FAVICON&fallback_opts=TYPE,SIZE,URL",2026-08-20T09:24:14.331503
Police send special team to Islamabad over Malaysians held in scam raid,https://news.google.com/read/CBMitwFBVV95cUxPOExrLUxwdG9hT1BaYzR1Q3loMkhnNWRERDZhTXVmUTZua0NzZlRCR2FKdW5XN0k0MmtIQjJGZjN4R2g3ekppazdKMmN3VS1hSmFNRm9DVHJKb0ZtMHpRWmxRTzJHejU5Rm91NmI4bm9mQWhyM0RuNkZnaXZQb25aNndvdmJhbXN3ZS1QNTZJRUJrTnJYcDJGMFdJdkFEME1za1huRUtxUTdJTk84Z1pUUmlrQy0yZEXSAbwBQVVfeXFMTWpyMlVjX3FCRUczQjFtVGVsY2xGaldfQWtTU1dqZ1JnOTNOOURtRnpxWEhUMGhKNXVMblY3SmdNcnFoc1JFZnJXOTlsTk1aS2I4SlhrZXRscEc1VEZVbnN5dG9faFdFdVlaeXVCempFM3UzcU9FRWZERkVITDlMWmc3NjA2N29oT1dEX0F4R2dIbVNhSEdOT0tKSFZ3bk9EYmhLLXFyeWRvQzdOXzBzdzZENklkMEJtOENMd0U,More,1 day ago,2026-08-19T03:35:45,New Straits Times,"https://encrypted-tbn2.gstatic.com/faviconV2?url=https://www.nst.com.my&client=NEWS_360&size=96&type=FAVICON&fallback_opts=TYPE,SIZE,URL",2026-08-20T09:24:14.331505
James Kettle on inventing new attack techniques with LLMs,https://news.google.com/read/CBMiigFBVV95cUxPcnJTeW9RVGMyZmRvX29JMFRYX21uellaZmJUb3RFa2syZFYzbG1TWTIxcVo1WmZ2NUc0UTdGQnFBS09sUUtnSFhrLW1JeUI0Z1FlQzNUZ0MxaWhIOUZrbVlVLXI4MnhRM0hRX2w0Q2w1bDdva0hHRDdEdFdiX1FVRU9hNWh1RkMzU0E,More,1 day ago,2026-08-19T03:34:38,Risky Business,"https://encrypted-tbn0.gstatic.com/faviconV2?url=https://risky.biz&client=NEWS_360&size=96&type=FAVICON&fallback_opts=TYPE,SIZE,URL",2026-08-20T09:24:14.331508
When AI Risk Becomes a Board Liability,https://news.google.com/read/CBMigwFBVV95cUxNcEdnTnMySlN2VlI2UE8yWnVHQzJ6UDlwR1pMLVFnLUZKV0lseWVxYXRMUWhLNkJlU05ybWJ4UDBjZlE1Mk12RTl5UExCXzBubXl2NE9pR2x0eUw3cFVrUDVVZ0VNcm5mN05uQzJhZFlJZGlmZXdzN3dfbUZ5OEVQem10RQ,More,1 day ago,2026-08-19T03:24:43,Bank Info Security,"https://encrypted-tbn2.gstatic.com/faviconV2?url=https://www.bankinfosecurity.com&client=NEWS_360&size=96&type=FAVICON&fallback_opts=TYPE,SIZE,URL",2026-08-20T09:24:14.331511
Deepfake doctor scams expose growing threat of AI health fraud,https://news.google.com/read/CBMirwFBVV95cUxPSmZRZHgwa3d4a1Nad2dsTVdBSWhFX2Y0cUduamFHRzU2RHFQeklQM0tEMWpHUFYwZUdjWTNDWjA2bUk1dHZyVG5zRHgtUGlUQW96VE1fa2stTWRILTlUem9jOVdCc29kTnk0ck9hbGtuUldUd05SdmpIYXJ1TzA1U0NpTFl1MzRRTGZJcXdMQ3h4dGtRdklHeGlBcVh6ZVh0bVZadmJzcDZfcmprZ1Aw0gG0AUFVX3lxTE01RG9CTEJKMFh1RkdRVEZYOUl3TG9FeTJmWnZnekFib08xNzJ3aW9RZV9MdDY1MW9oQ2x5WWIwUEluUkdyZ3B0N24yUGFmRWlzc3JTN2dyeHlQVlQ1aEtfYzdqT3BpVUpkVjFtVFFxSXdRa1E0Y080TnBsNkdjWTU1OURPQ1FITW9pSV9VbDBnNFFGcUh0bTA0bTFWc2F5S2JkaHZpVUkzN0Nzajl2VzUzVG9LYQ,More,1 day ago,2026-08-19T02:28:09,New Straits Times,"https://encrypted-tbn2.gstatic.com/faviconV2?url=https://www.nst.com.my&client=NEWS_360&size=96&type=FAVICON&fallback_opts=TYPE,SIZE,URL",2026-08-20T09:24:14.331514
"BAE Systems PLC (BA.) Stock, Price, News, Quotes, Forecast and Insights",https://news.google.com/read/CBMihgFBVV95cUxOWTdTVzl5MWpRdVpoN3BPUDNQUTJKOUJpUHZCXzVPV29FYzIxQkM1aVQtNVN3M251SnZvU3ZSeW1LNHJnTjJkZ2V4LWV0YTl2cGtORHdlRTd6eVpva1JkYnV5dGxSSWNUT2Y4bzFEUUhYbHVoLVlTS2phNDdMc3ZaWU9TaHNiZw,More,1 day ago,2026-08-19T01:40:07,MSN Cyber,"https://encrypted-tbn2.gstatic.com/faviconV2?url=https://www.msn.com&client=NEWS_360&size=96&type=FAVICON&fallback_opts=TYPE,SIZE,URL",2026-08-20T09:24:14.331517
China-Linked Hacker Shows AI Capabilities in APAC Attack,https://news.google.com/read/CBMipAFBVV95cUxOOHlVUlBxOTljdW96SkpSdUIyU0V0TmNaZUw1b181bktkbmFaS3d2X3RyVlc3eTN2YnhWRkFOTVdWRDFKQ0EyekZPRHF5d2VQTnlJTG1MTU5xRXE4T2Y4LVdwanI0RDA2V1BqUVh1VlBkN182UmlCZ3d5TGYtM2xJbVo4Mkl1d0dFd2Y3STQ0cGJSbHV0SFljRWJxTWV3bGZJSldkMg,More,1 day ago,2026-08-19T01:04:56,Dark Reading,"https://encrypted-tbn0.gstatic.com/faviconV2?url=https://www.darkreading.com&client=NEWS_360&size=96&type=FAVICON&fallback_opts=TYPE,SIZE,URL",2026-08-20T09:24:14.331519
How state and local agencies can get ahead of fraud starting with the data they already have,https://news.google.com/read/CBMinwFBVV95cUxOSEFnWDBKTEpGWWtFaXZUNlNjeDVIOXBCQWJvajQ4aFp2WGllYThWNHFIdmtNb09FNnVMcHJCTW92c2FfSk9DbGFVNlJzWXNwM2VDTks1eG5oYzFEbzNueS1Cb1NJTlBFelhHLVV5NmpWLTM4ZWRCSXhDYmJKRnNPQnIxZGVXZ3BIbF9oUjZsTHQ1LVFIMmZVVVh1MEtMZVk,More,1 day ago,2026-08-19T00:00:00,Elastic Security Labs,"https://encrypted-tbn2.gstatic.com/faviconV2?url=https://www.elastic.co&client=NEWS_360&size=96&type=FAVICON&fallback_opts=TYPE,SIZE,URL",2026-08-20T09:24:14.331522
OpenAI's overhead will rise 20 percent for some workloads as it hardens security,https://news.google.com/read/CBMi0gFBVV95cUxQNm5GMGV5cXQ2VVNwRFhlREstZnp3dFdrRnBXTjV4MzBqc1Y4cU5ELW5MdmxodkVkU3JibHRON0FJX2czc2hVVm91LW9nMjdCcWJVRVRxcHZJZDJmQ3phM2tpLWhaZVFla1BWaHpzTzNMcy1iQVQ5Mm9CVUljZFVzWlBma1Etc2VieDR0VUR2V0Q2STNQdFItOEpCcHJQdk0tWXo4djA2SkJkcDY3NXFjSTMwbkhaMm9hY2dOcEVjTElXZ3VjN1Q0UWo4Qk9IdmRBNEE,More,1 day ago,2026-08-18T23:36:36,The Register,"https://encrypted-tbn1.gstatic.com/faviconV2?url=https://www.theregister.com&client=NEWS_360&size=96&type=FAVICON&fallback_opts=TYPE,SIZE,URL",2026-08-20T09:24:14.331525
NASA images reveal crater left by SpaceX rocket's Moon crash,https://news.google.com/read/CBMiVEFVX3lxTE9hNXc1M1g2eXRYYmdvS0lqY2Excnl5M0ZsVjFtZHpFSW1EWFdsSXpqZ1dJOXdxT25pTnVvb19udmVhX0l3SmMzeVVORFRJUU8wdnBvQg,More,1 day ago,2026-08-18T23:33:00,New Straits Times,"https://encrypted-tbn2.gstatic.com/faviconV2?url=https://www.nst.com.my&client=NEWS_360&size=96&type=FAVICON&fallback_opts=TYPE,SIZE,URL",2026-08-20T09:24:14.331528
"LiteLLM Supply Chain Attack Affects Over 2,500 Organizations and More Than 434,000 CI/CD Pipelines",https://news.google.com/read/CBMimwFBVV95cUxNM05ZRXVjcjhLMEQyT2tyNWQ1RW96eTJSa1lCMUhHTjRoUjhUaURPOUp5N21DajJQcWoxcjNrM0x6SDN2S1VOSGV3ZEVrT0I3dWtuRFUxR0lDRnJUUzJXV1I0dG5VVEJnYTB5ZmUzUlo1T3QzV3dERTZaYnhwa05uOHU1V2ZrbkJ2bjJoclp2MmRkS09jdlZPS2lMUQ,More,1 day ago,2026-08-18T22:09:08,CPO Magazine,"https://encrypted-tbn2.gstatic.com/faviconV2?url=https://www.cpomagazine.com&client=NEWS_360&size=96&type=FAVICON&fallback_opts=TYPE,SIZE,URL",2026-08-20T09:24:14.331530
DOJ charges 17 people in Iran-backed hacking campaign against US,https://news.google.com/read/CBMingFBVV95cUxOeEZzQXJMWjVEWGFsd1JqYXV6M1BjWFhyWlNnX0dwXzViLWdCTWZIeFN4NXZ0RnNtZXVGYXB2a2JVaHBXZFY0MzlPT3dIWGhlWWY5VF83UTI4cG1SRFEyZXFEbU9HTmZWRjhSbUQ3RU0tbzd6am4zSk1aS1VxVklQX0N6RXEtTEFLZFlqODZ3eWd1TkxwdmRnWHYxdWt6QQ,More,1 day ago,2026-08-18T22:07:02,Cybersecurity Dive,"https://encrypted-tbn2.gstatic.com/faviconV2?url=https://www.cybersecuritydive.com&client=NEWS_360&size=96&type=FAVICON&fallback_opts=TYPE,SIZE,URL",2026-08-20T09:24:14.331533
Critical GitLab Zero-Click Flaw Poses Mitigation Challenges,https://news.google.com/read/CBMipAFBVV95cUxPcUl0ZVJfbWZlU3N2T3VwdnBtTzZjWm13MlItWDFGenhaaHBTTkJGNWd0MkxyUHdiVEdud0F4anQ5WlNlZXVCaUQ0eXJlV1B3QTYxX21Kemw2clpqWVRfQkRpSzdzYURMelFCYWQ2Y3ZSZVZ4YlpEbEtfaVM5QV9xX2o4TjROZUpIdnJHSUdFeFBzRHBmdUJ1bTBLZUNqY2hKejA3Rw,More,1 day ago,2026-08-18T21:46:01,Dark Reading,"https://encrypted-tbn0.gstatic.com/faviconV2?url=https://www.darkreading.com&client=NEWS_360&size=96&type=FAVICON&fallback_opts=TYPE,SIZE,URL",2026-08-20T09:24:14.331536
Teenage Sex and Death at Camp Miasma film review — Gillian Anderson and Hannah Einbinder star in spooky slice of feel-good fun,https://news.google.com/read/CBMihAFBVV95cUxNb2t1WHBwRTFxYUh3OW9iVlE4R3R4ano3QW1NYzJnajdoU0hFQjFRcGFfbGR3WlNaSWRrOFRKYzJuUTVaVll0eF93M0xTQ2Q0MV9BTHZ0YmpicTJEaGI5ZkhXRS1hWUZDcWZrR29VcW9jdHR3endveWJ1cDZobUdVVWlHM1Y,More,1 day ago,2026-08-18T21:33:27,FT Cyber,"https://encrypted-tbn2.gstatic.com/faviconV2?url=https://www.ft.com&client=NEWS_360&size=96&type=FAVICON&fallback_opts=TYPE,SIZE,URL",2026-08-20T09:24:14.331539
8/18/26 National Security and Korean News and Commentary,https://news.google.com/read/CBMioAFBVV95cUxPUUpMS01Ld3RoSUFIaG02SnJJNWhKZi1ib1pQZ21pdXFUSkNzRnR6blhkU0w0NXJGSDRYNUJJeFdHS0JLdUxDTVRGWE5rMGJDakNjeERmRFhNU2UtUHloUFlObzlQRkIyeE56OUZLRTNqc0lxclRXMHFIanliQ2FzeVJUSmJtdnJaZ0k0MElQRGVBSDNzXzlqajZ1REt2MGdJ,More,1 day ago,2026-08-18T21:25:05,Small Wars Journal,"https://encrypted-tbn0.gstatic.com/faviconV2?url=https://smallwarsjournal.com&client=NEWS_360&size=96&type=FAVICON&fallback_opts=TYPE,SIZE,URL",2026-08-20T09:24:14.331541
New White House Report Brings ‘Shadow Transshipment Network’ Into Spotlight,https://news.google.com/read/CBMitAFBVV95cUxPd3Fyb1FKZ3ZKRUdScTV5TFg2SjhUdVd3blA3U0dacVpBWUhsSlVyWW5wa0F2OXROYjE0d0U1VDRBd1l1UUJscEZzV05NZG9UZFAwdURYcWhURDVRNXo3QnFVckdGenhOUVJNcWtvZUJDTmMydG9aUkQzcUZZbnhPR3JSWFBDeTVUTjBtRERsTTMzOTZTdndtbTJreFRYbk1Ea19RUnBVbUJFem81RHEyTnFadUE,More,1 day ago,2026-08-18T21:23:09,FDD,"https://encrypted-tbn2.gstatic.com/faviconV2?url=https://www.fdd.org&client=NEWS_360&size=96&type=FAVICON&fallback_opts=TYPE,SIZE,URL",2026-08-20T09:24:14.331544
Most organizations aren’t ready for a Hugging Face-level event,https://news.google.com/read/CBMirAFBVV95cUxQYUtGay1BeE5lOWYtYTlMeVNBaUZUaXVZa21lZVB0cGdYTTFySTcyYlhHYUJZTEotd1pOMy1EVGxMVU8xaGhTb2p1Q3NmNS01eFFicV9hQWQzTmlkWEdRMzZOY04xLVdDVmZwSjZQcHhWRXRzQkg3T1FYbW9mY0JQR2dxM0RvRjRaQkRSNm5yaFgzLXRiLXpxdkt5clMwUW9zNFVUZ1EzcVU5eHgy,More,1 day ago,2026-08-18T21:09:39,CSO Online,"https://encrypted-tbn1.gstatic.com/faviconV2?url=https://www.csoonline.com&client=NEWS_360&size=96&type=FAVICON&fallback_opts=TYPE,SIZE,URL",2026-08-20T09:24:14.331547
Page 1869 - Information Security News,https://news.google.com/read/CBMiYEFVX3lxTFBxaFh2RGZoQ3NBQlZrU2pFR3RmVFBjdTNBY3Y5Qjc1Tm95ejUydENuR21nQ3dVdGtBTGRjRTFoQVR2RmNOVDMzcXNzMDBIVUp0S0JRUEZrTElvR282MGI0cA,More,1 day ago,2026-08-18T21:04:13,Bank Info Security,"https://encrypted-tbn2.gstatic.com/faviconV2?url=https://www.bankinfosecurity.com&client=NEWS_360&size=96&type=FAVICON&fallback_opts=TYPE,SIZE,URL",2026-08-20T09:24:14.331550
"Iran’s Attacks on Ships in Hormuz Mount, Testing U.S. Military Restraint",https://news.google.com/read/CBMiugFBVV95cUxNdkR4blJKdVRSdUJldFRXenNyRzRuSEEtUjlTRWxUbE54QVNsb0U1QXE3NUdzZWFLNmppUlIyOFUyRTNoVVRjcFRWVlMwWXJkSG43TlBOMkpKaktpemV6VWZRcDJFMmdrcnZGazEtMVg3M0NEbkkxOU5Na3pkS2wwbWt6V0RhNkRkODk0ajd3T0stUnhzUEdyTWhyNWIwX3ZyYThON2xIbzUyRFd2cWdjeDYwc080WlQ4Rnc,More,1 day ago,2026-08-18T21:01:00,WSJ Cyber,"https://encrypted-tbn1.gstatic.com/faviconV2?url=https://www.wsj.com&client=NEWS_360&size=96&type=FAVICON&fallback_opts=TYPE,SIZE,URL",2026-08-20T09:24:14.331553
Pennsylvania Governor Shapiro Puts ‘Guardrails’ on Data Centers,https://news.google.com/read/CBMisgFBVV95cUxNdy1FSDlmWDBBUGZUOVNrYlRtTXcyZC14ck9KYWJlaVRpczRMcWZXbWhMdHZUU1FVaURxYnYtS0ZNTFpfTGlfWGFIR0liUnF5T19uTVVjM0tzd20xYVBJZEw0eDk4ejhiN250YThNMlhNRUplOHlKaWJnRm5DdGpfUFAxQ0dXR0VOS000MEtSVU9EWHZFMXFyMTFLRWlmSFozMXpqR3RyWkluelgxQjVfcHp3,More,1 day ago,2026-08-18T20:38:52,Bloomberg Cyber,"https://encrypted-tbn1.gstatic.com/faviconV2?url=https://www.bloomberg.com&client=NEWS_360&size=96&type=FAVICON&fallback_opts=TYPE,SIZE,URL",2026-08-20T09:24:14.331556
'CoSnitch' Attack Tricked Copilot into Revealing Own Architecture,https://news.google.com/read/CBMiogFBVV95cUxNOEtmTHZnXzlTajFmLWpVbTVreDJocnloY0wyREVEZUIwRmFKMC1kSUtXQWVzZU1Vb3hjY25vUXFoRVNhWC1NTU9iRmVjUllVNnE0MzFMRlZOc0loaHNNdHgtYUJQbm5ZdXEzay1vQXI1UG50b1pYTFBOSy1Pbl9XZjBVc2E3UzRKbW1jQkk5UG1YeEJrZml3SlNXZHg1NTUwTHc,More,1 day ago,2026-08-18T20:34:51,Dark Reading,"https://encrypted-tbn0.gstatic.com/faviconV2?url=https://www.darkreading.com&client=NEWS_360&size=96&type=FAVICON&fallback_opts=TYPE,SIZE,URL",2026-08-20T09:24:14.331558
White House Releases National Security Science & Technology Strategy,https://news.google.com/read/CBMiqAFBVV95cUxPUlQtc2JhZ2hXZl9LZ2V4eDZRMTdOSGJQWThHY0NUcy0zR3VJdHhKUURocVVpSTJVNWRZTE9iVnIwOUZVQTMyT2JtbEJiamwyeUlpd2RnV3dBWXRtYUp4eThGdFIxSW1uWGxSNmpqS2RzM0t4RkszQUVsMVRDaHpYMGo5ZEtmb1hJTU1MamE2Y2loamtFSFR6ZzBOQi1DRTg5U2xsQkFXS0w,More,1 day ago,2026-08-18T20:23:20,Lawfare,"https://encrypted-tbn3.gstatic.com/faviconV2?url=https://www.lawfaremedia.org&client=NEWS_360&size=96&type=FAVICON&fallback_opts=TYPE,SIZE,URL",2026-08-20T09:24:14.331561
"'Not a theoretical risk,' feds warn as attackers use AI-made code to hack critical infrastructure controllers",https://news.google.com/read/CBMiyAFBVV95cUxORk9ha09reklfZ2V0cTVVSUxhazhhcGloekgxQzZ5bDFLTVBZZ2pYTWhhczhWQUEwQVpLSXU0RDNnb2tqMms0OG9PUHRiZ1hmVG5GbERlemJjQUJic0NscERBYUs3d1QtQl9YU04wSFZFcU1TRGV2UkdMWHh4bUlSR0VoVkZpcXBnZWoza2MxUHB6MElzbkVOeld2bkVEamZkcFlxREg3aW5sYjJzUlNBeW1uSkl4U0tDcUNKNHdmMDFZQWsyVUdDQg,More,1 day ago,2026-08-18T20:20:28,The Register,"https://encrypted-tbn1.gstatic.com/faviconV2?url=https://www.theregister.com&client=NEWS_360&size=96&type=FAVICON&fallback_opts=TYPE,SIZE,URL",2026-08-20T09:24:14.331563
Scaling Laws: Matt Abrams on Trust and the Migration to the Digital Age,https://news.google.com/read/CBMirAFBVV95cUxNRnFORDYtWVBWNXBVZXZMTnJXS0N4cTkweXdDMC1wYXh1UzBMeS1oV1lXbWo2V181Y1VwZUxBV0psOThSNmRoaXhoVk9rMFBER1lXck5mbEFxYlJ3NDY5SVlFSDdEcnYxQmo0U0VIeHUwY20ta25ISS1zY25QZmFGU2pMbjZjaWV5YWdBclFUQlloQmZNQlV1UjhYcVBncUtuMUstMUQtQWVPTGFY,More,1 day ago,2026-08-18T20:18:40,Lawfare,"https://encrypted-tbn3.gstatic.com/faviconV2?url=https://www.lawfaremedia.org&client=NEWS_360&size=96&type=FAVICON&fallback_opts=TYPE,SIZE,URL",2026-08-20T09:24:14.331566
Apple addresses multiple WebKit vulnerabilities,https://news.google.com/read/CBMimAFBVV95cUxONUpITURMbUdHVmZBRWZpTkJLVXBrU0dpampCN2NQVF9Qei1lRUJCQ0F6ZXlXNE9DamhtcjF3bUxrZ28zMTR6ZGVaZjd4RUlUSXI5RUNXcmVsS3RVR0ZUZDUybW9SUlFfVXFUUFdaUUFJcV83SVJHMm5mb185N3NnNVJDNjY5MGZvWEk3ckVmMGctdUo0TDctZw,More,1 day ago,2026-08-18T20:17:57,Computer Weekly,"https://encrypted-tbn3.gstatic.com/faviconV2?url=https://www.computerweekly.com&client=NEWS_360&size=96&type=FAVICON&fallback_opts=TYPE,SIZE,URL",2026-08-20T09:24:14.331569
Comcast turns your Xfinity WiFi into a home motion detector,https://news.google.com/read/CBMiqwFBVV95cUxQN2RsTzNKS0ZaWmNnNFhXN1FvdUJzZTJpbUl3d3ZhWjlSdFNmb2dua1YxbGRfbUNXQmtzaHBxYTdpU0NqVllnUVoxbjIwVEVkeWJNOG05UlQySm5hWk54MTYxUDZwdWVqajMtUGlQd3lXWndHcl92VUpOZ212VkowUUt3eEk1WUszZDhVUUlhdzN5XzliN2djTWoxR0JOeTV6clQ0UEZEVUxkdTDSAbABQVVfeXFMTUFvMm44bWFMV09PMU9odFJHcnBRdlF6N0VxVjY4Zy1mTTZVM0RwNGIxTEl4SW9yQkFPS3hyWGp5R2sxU2xUUlM2alNoOXV0QWNCSUJISm9lamZKS1libXdDM1dKYTZiQVdpa1puWWJEOUZUdUYyU1A1dEJEcmM2Zjd5NkRFX2VNTTJwdGdkNU1fVlBuZDNwRFN2Q2pfWGVPOUlfSUVEM0M5eUVYOHdtRGI,More,1 day ago,2026-08-18T20:14:58,Bleeping Computer,"https://encrypted-tbn0.gstatic.com/faviconV2?url=https://www.bleepingcomputer.com&client=NEWS_360&size=96&type=FAVICON&fallback_opts=TYPE,SIZE,URL",2026-08-20T09:24:14.331571
"Global Mofy AI Ltd (GMM) Stock, Price, News, Quotes, Forecast and Insights",https://news.google.com/read/CBMitgFBVV95cUxPLUYyWmx1Wlg0dlZ5dmVtdzFDZVgwdDRtZ3ZsY0RqcTFzTVZCS3BlcWw0dWxQVm45c0xTNHBpMTlnQjlEMVhQVmtfRjRiblRPVHJzOEpUSGFOdThKQ0Q1RlU4SGQ1aHRfSVRyYTVUNlI3QVVfQkdZRERZRlZzWkplTEpPSWc3R2NaTkxkVFZVaG5VVlEyNjdNSjg1VzhyeUZNTWdkX0pWaGo0VHNPSnNlaGRuVG54Zw,More,1 day ago,2026-08-18T20:06:31,MSN Cyber,"https://encrypted-tbn2.gstatic.com/faviconV2?url=https://www.msn.com&client=NEWS_360&size=96&type=FAVICON&fallback_opts=TYPE,SIZE,URL",2026-08-20T09:24:14.331574
DOJ unseals new charges against 17 hackers in Iran-backed campaign,https://news.google.com/read/CBMitwFBVV95cUxQYk0tOWhsY2J3Vnp5Q3B5ek1SaW9UOTVqbnFGU3pQREFHUERJSTFYWndYODZ3MDduQ2tuWUtOSjNGN29McFM4Zk81MDEzcHlNalE4aEpaWXRCUlVTSERDajdpSnU3SC16azNwSG8zRFZCVnJWbGF1QzlSZ2hqYl93RlNIcHc1VV9ra0tfTGp4c0ttQl82Z2JHc3A0ZC1Nd0pQV2RmbTVBcHFJdlpwS3RuLU5IQnB3UDg,More,1 day ago,2026-08-18T19:58:10,Reuters Cyber,"https://encrypted-tbn2.gstatic.com/faviconV2?url=https://www.reuters.com&client=NEWS_360&size=96&type=FAVICON&fallback_opts=TYPE,SIZE,URL",2026-08-20T09:24:14.331577
Estonia Probes Suspected Russian Sabotage in Defense Plant Arson,https://news.google.com/read/CBMipAFBVV95cUxNaV83cGlYV0diV1pCRnNqajA4dVpYYWlGc3BoTGhQUWtrVzFwUFE0Q05GeGNRYU9CSTJKcFozQS05TXAtNHlVS1BGNlZyeURsUHBLTTdSbnBPb1F1VUNfSnI4c2xwd1JkNld6QVdxT2szd2JQcHZpQWtzaDBXVDRJLTluQ2tKWVBIdF80S3ZzZGJ4VlM4dkp6MUloc0lkN0RlNU0zcw,More,1 day ago,2026-08-18T19:41:51,United 24,"https://encrypted-tbn0.gstatic.com/faviconV2?url=https://united24media.com&client=NEWS_360&size=96&type=FAVICON&fallback_opts=TYPE,SIZE,URL",2026-08-20T09:24:14.331579
Critical GitLab flaw allows attackers to delete and modify public repos,https://news.google.com/read/CBMiugFBVV95cUxQSU9TZThrUGlEV3JiWkt0YVd1Y2JfZ0JXb2pOZTBvckkzdXZwc0JUS1JlSUpDR3pPcFRhaDlGRVpFVUZyM19QQkdIRHBhSEN5ODF1UXZWS3poc1NUMnQ4cmlEWnJyOTJRaHRDNzBRNm1FMEJhZWVlcHpBU2FWNDhsQlJyQ05zd1lvang4YzdiZDc3SHptNGJ5VDVuLWFGN1JfcFp0RHdMeDdSc296b3BtVVQ1c2l2MEw2akE,More,1 day ago,2026-08-18T19:34:32,CSO Online,"https://encrypted-tbn1.gstatic.com/faviconV2?url=https://www.csoonline.com&client=NEWS_360&size=96&type=FAVICON&fallback_opts=TYPE,SIZE,URL",2026-08-20T09:24:14.331582
"In The Age Of AI Agents, E-Commerce Companies Are Doubling Down On Client Retention",https://news.google.com/read/CBMiowFBVV95cUxQblF5cjBSbHZhdlRpRVp2Y25FR1Bkb2VBd1VuT3VjV0hIRUVRc3ZfMFZjd1BsdUNicFJBRmU4V2RjaFRqNmFRTGNHYmFtd2JRNTV6TElKZENuRlBvUjNfcGRmbzZQUDdJelRhQkRhU1doWkVZdTlIcFAtdlBSVHN3ZFpCcVdxeG1BeXFuUjR5bkZweHhSanhlNDV0WnZnR01UZUJB,More,1 day ago,2026-08-18T18:57:42,IBT,"https://encrypted-tbn0.gstatic.com/faviconV2?url=https://www.ibtimes.com&client=NEWS_360&size=96&type=FAVICON&fallback_opts=TYPE,SIZE,URL",2026-08-20T09:24:14.331584
Sexual Misconduct Scandals Pile Up in Midterms,https://news.google.com/read/CBMijAFBVV95cUxPalF4OWVPc2lNYk12dDFNeWxsWF9iaVgxN24tWVd0cU1CRGxnejlzdlJNc2Uta1hvRE8wa2Q1VnNMNnJIdTNlenV0Q2lpcHU5MEdGV2otT3laMXJJOTFFdE9WQ1VVOWk2XzM0MmhUTGpQT3ZrbU44QzBzMUM5dU02b2pXYmxzNXBvVkpqSg,More,1 day ago,2026-08-18T18:53:00,WSJ Cyber,"https://encrypted-tbn1.gstatic.com/faviconV2?url=https://www.wsj.com&client=NEWS_360&size=96&type=FAVICON&fallback_opts=TYPE,SIZE,URL",2026-08-20T09:24:14.331587
The Government’s Unexplained Reversal on Social Media Disclosure Requirements,https://news.google.com/read/CBMi_gFBVV95cUxQampDY1RCSldaOGRmUWM0T01yX19tTzNWX21wc29ZWi1sY0EzT21kLUpINUk5Y0oybTJFLWVWVDBSYnpHQnh4M2g1cFhDYllSRjN1WkRwZkpaWUMyVU1EbkkxRC1fX2JiVXVpd1N3b1RoSEcxTmhTT2VJS0pqN3czQjFHTFJmZWpIS1pyMFJwbkRFY1RwZ0F4NGRjT0thT1NsTEhDTTRhcEJJVzAxNTh2RGhPWTNVOS13ZjNpcG1md0c2ZHY0SFhqWU9nbnd4UFBvb2ZNY2FhdmF6aFZGVi0wTFRzVklTeXdtTWRNZTh6aE5pcFBnNzJaMDBmWHRnUQ,More,1 day ago,2026-08-18T18:40:38,Just Security,"https://encrypted-tbn1.gstatic.com/faviconV2?url=https://www.justsecurity.org&client=NEWS_360&size=96&type=FAVICON&fallback_opts=TYPE,SIZE,URL",2026-08-20T09:24:14.331590
OpenAI Overhauls Safety Protocols After Its AI Agents Went Rogue,https://news.google.com/read/CBMimAFBVV95cUxOTksybl8xelFTR0VEYlhGbnNxeGx6SHFFeUVYWW4xZzRwcE1jSEN4eDlQbzJJUTkyVlNNSUZFcF9lU3NnNnU4bDdSTHg3ek1iYVlZRjhhWXdNdE1jbC1aWkdqS2xxT25ldzNrNmJmNUZWY1hjRC1yb2s5QXgyTlJKSmNZNmxtOVpwTlM5Y1ZmaWtvd3NvOGVqWg,More,1 day ago,2026-08-18T18:33:00,Wired Cyber,"https://encrypted-tbn2.gstatic.com/faviconV2?url=https://www.wired.com&client=NEWS_360&size=96&type=FAVICON&fallback_opts=TYPE,SIZE,URL",2026-08-20T09:24:14.331592
Why agentic treasury needs search and observability,https://news.google.com/read/CBMiV0FVX3lxTE5LUFhQaFJNai1FVHlVRGZCVzR6SE9zSHBQanFNYURTQzJvNmZUS2dTQ1lHQkNVX2dGWmkybnVWbjFfMjk0UzI5RkNnTEtVYzV0Vi00VUUwNA,More,1 day ago,2026-08-18T18:23:22,Elastic Security Labs,"https://encrypted-tbn2.gstatic.com/faviconV2?url=https://www.elastic.co&client=NEWS_360&size=96&type=FAVICON&fallback_opts=TYPE,SIZE,URL",2026-08-20T09:24:14.331595
University Groups File Immigration Lawsuit To Block Student Rule,https://news.google.com/read/CBMivAFBVV95cUxNcEU1ZVBRd254MHZ4OTdUR05JV2VDZnpnNmU4R2kyTDdCdkZwUzVfUzhtQi1FM2ZjY04za1NmaEV6NXdNTDNDOWd5bU5tNVctY05QcWtSSmlia1RVb1BOY3l1U01XMzNOX2ZsSkFTbnk0S1NVQ2lNdHVxWjlhQmp1ZW9NeHFzaDFqVll4OVp3X3Q3RVlISzdNRERvZEFiY001dTlsRmpySXNTVXdLQm5sRDJzMFJ2emdIMURjSA,More,1 day ago,2026-08-18T18:22:52,Forbes Cyber,"https://encrypted-tbn2.gstatic.com/faviconV2?url=https://www.forbes.com&client=NEWS_360&size=96&type=FAVICON&fallback_opts=TYPE,SIZE,URL",2026-08-20T09:24:14.331597
"More than 200 victims of Medusa ransomware identified over the last year, CISA says",https://news.google.com/read/CBMiiAFBVV95cUxORUV6N0dFZWozUF9KaUVSbUNsdGRSZnVKMWp3aDl3NXVfMVNPOGhibEt6bGxTOHNfY2JQNHdvSTBzSlZ1X2xQU0tuWmdFRS13M2pyMFc2d1l4djVVNGtkelhwVEZYU3Y5QkRfb3dHNmhvZW1qWndhZGVWUzRYNmhORlp0b3hWWmRB,More,1 day ago,2026-08-18T18:13:24,The Record,"https://encrypted-tbn0.gstatic.com/faviconV2?url=https://therecord.media&client=NEWS_360&size=96&type=FAVICON&fallback_opts=TYPE,SIZE,URL",2026-08-20T09:24:14.331600
From retrieval to agents: 5 takeaways on production architecture for AI agents,https://news.google.com/read/CBMiakFVX3lxTE1RR3Zha0RTcUhiVUtaWllaRm5ORFpXVzhUMk40ei10M1FlWTVFWVhSMTF5Tk1YTTRORnV1aEVVYUg0ZnF6TzJnclpFS0dBOUlUS0pUcEFkelJjZFhZWHpsMVNQQUFDOWFhM1E,More,1 day ago,2026-08-18T18:13:19,Elastic Security Labs,"https://encrypted-tbn2.gstatic.com/faviconV2?url=https://www.elastic.co&client=NEWS_360&size=96&type=FAVICON&fallback_opts=TYPE,SIZE,URL",2026-08-20T09:24:14.331603
Amazon’s New Order Confirmation Emails Seen Boosting Phishing Risk,https://news.google.com/read/CBMisgFBVV95cUxQLThmcXVJa0VyV0dXRVVsX0Q2YW5kTXE1czlsdnFSTUtaRjdmcW5FRzdScE1fajAwNm5lb0dCOGQyRjdqbXZRWk96dHZOUk1uYVBOS1hhSTFscTdwZnR0cTdlaGFpbUpyTzgwbkFrekh3Z1VvNG94d2VyTUxlVndnZVQ1eEt1YTJxelJmS2Qzb3kyRFMzYWMxMWJSZkFad1pRVTVoZmJDQ3JILUZhM2lJX3FB,More,1 day ago,2026-08-18T18:00:00,Bloomberg Cyber,"https://encrypted-tbn1.gstatic.com/faviconV2?url=https://www.bloomberg.com&client=NEWS_360&size=96&type=FAVICON&fallback_opts=TYPE,SIZE,URL",2026-08-20T09:24:14.331606
"Tether AI is building the Stable Intelligence layer, a highly efficient platform designed to scale on edge devices, made for the people",https://news.google.com/read/CBMimAFBVV95cUxQUmVnbUJFMHBjbC1tYUlxMjJhMVV0X2FXWkRieTg1d3Q0UktOUFoxSjc0bkZaVGZfUU1vOFk0alM1UUJxNmJaZUVGNEdTSUwyLWRGOURFNEliTXhwUEVEWXo0R1NQcWFyR0FPV3RZTF9JMlJYNXVBenV0ZElzVXdTMEtsZjFUdnVWcHliZzJaUFJtbjBPR1NFRA,More,1 day ago,2026-08-18T18:00:00,TechCrunch Security,"https://encrypted-tbn1.gstatic.com/faviconV2?url=https://techcrunch.com&client=NEWS_360&size=96&type=FAVICON&fallback_opts=TYPE,SIZE,URL",2026-08-20T09:24:14.331609
TrendLife Announces Kaleida: The World's First Safe AI Built for Every Member of the Family,https://news.google.com/read/CBMinAFBVV95cUxPSWJCMjNZM0hseGFPQjhyV1VRakJtdTc0NTVCdmZhekpnZ1FxUFdHZkZEVXdvTG5UTDZuODF2VHhWaFlQSU1yZnoxQlo0aVh6V1hFZW9JM1JiME9TS3ZyTTVqUDg5dFpjVzdEeENmc19lRjZtdU5sYU01OGo1QUViRVJlWWtNVHhHMkVBV0tHYWtUbHMxWV9uRnppSU0,More,1 day ago,2026-08-18T17:52:41,Trend Micro,"https://encrypted-tbn2.gstatic.com/faviconV2?url=https://www.trendmicro.com&client=NEWS_360&size=96&type=FAVICON&fallback_opts=TYPE,SIZE,URL",2026-08-20T09:24:14.331611
Microsoft Copilot Personal Flaws Could Let One Click Exfiltrate Data From Connected Apps,https://news.google.com/read/CBMigwFBVV95cUxNRi1xSEFXSjltWVNMX2ZRYS1fa2FRM0V5QWJHZGIwUkNfd2lfWlVpWTgxeFQtR01GaWhIakxRNnNuOFVhbUhrUVdSQmlxcVVjUzVNMVl5TVRXRUVlemYtLWtDSGFRMGpVZWREeG1LTHhQUGwzVzNoa0lfbWlQbDlZUDd1QQ,More,1 day ago,2026-08-18T17:47:00,The Hacker News,"https://encrypted-tbn3.gstatic.com/faviconV2?url=https://thehackernews.com&client=NEWS_360&size=96&type=FAVICON&fallback_opts=TYPE,SIZE,URL",2026-08-20T09:24:14.331614
CISA confirms 2025 Windows Task Host flaw exploited by ransomware groups,https://news.google.com/read/CBMiowFBVV95cUxPLXZ2cVQ4VTRzS0tXa0djQ1A2alFXc2NYVEVrLTkzTFhIMDkzLWRjRmxGalJsX2REVWtKeWJTNDBvVHZzMXRXZ2dzaFppZXNqMThNUHdob3pXYVZObHhfdUU0YU95cVh3SFlTUnVyQ1JDQUJQdmRwb1JOSmNwelVPbjIyNlZScDVxQlhxVHVsdW5mb25mc0UxcEk0UF9DSlFlVWtN,More,1 day ago,2026-08-18T17:38:29,SC World,"https://encrypted-tbn2.gstatic.com/faviconV2?url=https://www.scworld.com&client=NEWS_360&size=96&type=FAVICON&fallback_opts=TYPE,SIZE,URL",2026-08-20T09:24:14.331617
Cullinan Holdings Customer Story,https://news.google.com/read/CBMihgFBVV95cUxPTF9YSHdleWlTOEdQOGNiWHVwMGpRR21hZ1NjS3pGYVA3OVVOZzFYa3RlX242clJaZlVlYVlEYzZpY2R3TkU0WGJ3dDhMVXlGSzVGWFJkRmZBNjFpd2NvU1FfeHl3Y0t0VDM4LUFXQjE5R1V0QlZ3QzlfSU5fRm4wNDBCbVNNdw,More,1 day ago,2026-08-18T17:28:57,CrowdStrike,"https://encrypted-tbn2.gstatic.com/faviconV2?url=https://www.crowdstrike.com&client=NEWS_360&size=96&type=FAVICON&fallback_opts=TYPE,SIZE,URL",2026-08-20T09:24:14.331620
"Medusa ransomware tallies hundreds of new victims, says updated advisory on group’s tactics",https://news.google.com/read/CBMicEFVX3lxTE1KSFktcGFmNE1xWmJEMVNYbzF3aVQ1aWM1WlZ2NHE1ZVdPOFhEUXZSWkdKbnp5ektGTENLQlB2RzYtVUVSYkRxUVV4WHktbmJRbDViSk41NUdkM2lNc1lxMGx5eFVGR0hvLWFwdzB5UTA,More,1 day ago,2026-08-18T17:20:27,CyberScoop,"https://encrypted-tbn2.gstatic.com/faviconV2?url=https://cyberscoop.com&client=NEWS_360&size=96&type=FAVICON&fallback_opts=TYPE,SIZE,URL",2026-08-20T09:24:14.331623
Breakingviews - Vibe coding is a low-key threat to software firms,https://news.google.com/read/CBMiqAFBVV95cUxPTnI4REt3M002MEtmOVBheTNrdWZ5eHh4VWZYTkktU1E1SHBXUVp0UE1hbGYwMllCVG40Z2k1cWZvUC00eFlVVnhxV3M3YzlyclRSUnBJQ2dJV3M5RGo1aXlZQ0VxOUlNYi1vRTdfWnJXSzA1SDh2VEg1QjZTSDA3MWQ4amdlaFNYRjltZEtVSzdkYUFUS19wVUdQcEpRTUhEbGNVdk1IT04,More,1 day ago,2026-08-18T17:05:00,Reuters Cyber,"https://encrypted-tbn2.gstatic.com/faviconV2?url=https://www.reuters.com&client=NEWS_360&size=96&type=FAVICON&fallback_opts=TYPE,SIZE,URL",2026-08-20T09:24:14.331625
"Vinh Nguyen, Elham Tabassi, and Kat Duffy on How to Design a Better AI Regulator",https://news.google.com/read/CBMikgFBVV95cUxNLTNpVklqNXNPaTZ0bG01WHdHNUI3N19OaWhONGdPX3FNV2ZDYWxCMElDN0RfMW5RWE4yWXZaVGRNTnhCVUxyVHJZUmZzOHVjakpYZ2JsNlF4anpkdUg3WEE2cHRPaW14MW5PRnhQRW00azdkWGRPYlJYSmN0dVNYRU9OQU9FdWwySjh6M3pDbDFodw,More,1 day ago,2026-08-18T17:02:15,Lawfare,"https://encrypted-tbn3.gstatic.com/faviconV2?url=https://www.lawfaremedia.org&client=NEWS_360&size=96&type=FAVICON&fallback_opts=TYPE,SIZE,URL",2026-08-20T09:24:14.331628
"Ransom Busters Claims It Hacked Ransomware Servers, Asks Victims for Up to $60,000",https://news.google.com/read/CBMiekFVX3lxTE5tbmhJMzNtc1BMU1BrZ25uNzRSNE44VjE5dVpGZzlJb21JeDdUM29iVnRQX3lRcDZubGlSY0NFTGVINmFEdC0tQUlGYkFCRkhrTnFIWXRZQzVCa29mQVhXYVk2c0hfZ3N2eW43b242SldHX3l0XzVOVTl3,More,1 day ago,2026-08-18T16:58:00,The Hacker News,"https://encrypted-tbn3.gstatic.com/faviconV2?url=https://thehackernews.com&client=NEWS_360&size=96&type=FAVICON&fallback_opts=TYPE,SIZE,URL",2026-08-20T09:24:14.331631
Why software supply chain security is the next accountability challenge for channel partners,https://news.google.com/read/CBMiwAFBVV95cUxPQm9OLVB3c3MyNnRTQVVaNElYUjhudW1BZkRrVGc1QlJ0MTllQUNYcXVTY3dYYmV2anlqWm9wd05PdWk0V1lhREF5aWltTlBpTFo5WC01X3lMSVFGeTkyMVNycHFFWFk1VzdhRFhrTEpsMXFaYU1QM1NTUXBXQ0VTeV95TV9Hak15Ni1HQjVHMXIycHFBNkstcE5mbGRWLVVPaEQ4Z0RPVjFUWTVva2tQXzdyMWREcF8yZUxTcndkVVA,More,1 day ago,2026-08-18T16:56:40,ITPro,"https://encrypted-tbn0.gstatic.com/faviconV2?url=https://www.itpro.com&client=NEWS_360&size=96&type=FAVICON&fallback_opts=TYPE,SIZE,URL",2026-08-20T09:24:14.331634
Berlin cuts two state ministries off government network after security breach,https://news.google.com/read/CBMihAFBVV95cUxPZC00UlgyYjZ1RjEyeVBnZjhReEU0UlV2RkpuYXI2QWZwaXpKLWJsdllwdEcwdkVzWnZwUGhFTDBwcUJHY0NLSXdIOXZRLUpTcWMxUjdXUmNDbTgzRkNoODBhUEg3Q3dKYzVpS20xdW5IbEVJSWNraENRdTh0WWNXOTVjdHA,More,1 day ago,2026-08-18T16:48:01,The Record,"https://encrypted-tbn0.gstatic.com/faviconV2?url=https://therecord.media&client=NEWS_360&size=96&type=FAVICON&fallback_opts=TYPE,SIZE,URL",2026-08-20T09:24:14.331636
"Comcast adds motion sensing to millions of its newer routers, with a privacy catch",https://news.google.com/read/CBMitwFBVV95cUxOOVU0ZXR3dnFuaHAxNGwzbE1LSUlyX1RPUF84TUlMZG5QRmdPV3BnWmdDSGxVX3Q1UzljdVdCdEJXcDZnYXlYVFFfbm0taXFINnFvM2NGTEh2NzNEcFVuMDlGeHVTR0tfMDhRYWZlckdwU2tkMEc4aTdDbWtFLTh1UnUwckdZMS1fVWNraElnbGN4QktaOFRZaXdIQ1hSb0pZYktncUJ5bmE3bTI3aE9zTXlUaHpPdVU,More,1 day ago,2026-08-18T16:39:05,TechCrunch Security,"https://encrypted-tbn1.gstatic.com/faviconV2?url=https://techcrunch.com&client=NEWS_360&size=96&type=FAVICON&fallback_opts=TYPE,SIZE,URL",2026-08-20T09:24:14.331639
University of Texas forced to take systems offline in San Antonio after cyberattack,https://news.google.com/read/CBMinwFBVV95cUxPZUx5TEJqcUlha2FTc1BjNENWa0VUZkRrb3JuYUluUjU1eHQ2MUktTXhLVHRacWpLR3U0eV9QZXFRZlZUdnNpczcyMzl6Rk1mWW91a0tCNEpMOENhSVNXLXBSQkZlVHZIbWJveVZ5cFdOdHFEb2VsTGppbHQ1ckVVR0lCckF0aWtZOXdINWYtMG40MzRwY2JDcGktUXdDZEU,More,1 day ago,2026-08-18T16:37:43,The Record,"https://encrypted-tbn0.gstatic.com/faviconV2?url=https://therecord.media&client=NEWS_360&size=96&type=FAVICON&fallback_opts=TYPE,SIZE,URL",2026-08-20T09:24:14.331642
Get 85% off VPN and more with the best Surfshark deals,https://news.google.com/read/CBMiggFBVV95cUxPRnhnenVfNGtIekJPOWxXUllBRnV4V1pkX2JrT0trMjVFUWlLTTRONmpNaEl3TGFZb01HS0lQR0dnQ2ZhTnV4RjhYZ0l5Tnc5LXloLU5RQXNBeW5KMTBiYVRES2RQUnpjeXdCaWtRM1N3a2ZoZC1RVE1mT1FzcWRUbzV3,More,1 day ago,2026-08-18T16:26:00,Independent Cyber,"https://encrypted-tbn1.gstatic.com/faviconV2?url=https://www.independent.co.uk&client=NEWS_360&size=96&type=FAVICON&fallback_opts=TYPE,SIZE,URL",2026-08-20T09:24:14.331645
Announcing the 2026 Wiz Partner Alliance Award Winners,https://news.google.com/read/CBMic0FVX3lxTE5TYWx4MHI5b2oxZ3ZRMTRmcUdiRDMyYlN1Zm55Rm04NDFkTGRoWFBIa0YtN3VTZHVha0IyckN1aktsQ1c3bGpxd1pSSUJ1Ylh4WVdrR3Q4VDBYeGF0NjhyWnZ2dHppd0hzRERxbm4yVFVIWFk,More,1 day ago,2026-08-18T16:24:13,Wiz,"https://encrypted-tbn2.gstatic.com/faviconV2?url=https://www.wiz.io&client=NEWS_360&size=96&type=FAVICON&fallback_opts=TYPE,SIZE,URL",2026-08-20T09:24:14.331647
Cyber Attack Hits Northern California City of Suisun and Disrupts Public Services,https://news.google.com/read/CBMiwwFBVV95cUxPT1NRNmI0ZmwtMDk5UkJjQ1VpbTJ2eVN0NkFPeVRJazBDUzFhWnpxOEl6d0NacEUtTUFtUTdoWVZ2MEtaVmpyU0lGMUZ2MEhudTJ4MXFrdXBMMi14X1d6SV9taDJDZ0dtTTJjSW1pZWVodmU0Q1dFem5ub0kzWkQ0WW1iNWtZa1hrMWR6RDhaZ2pUSWNuLXcteEZMTXhMMHlMQnl5SXJuM2QyZEFhNmhzUUp2NXlFTVJwQ3NIMTFTQXlaMnc,More,1 day ago,2026-08-18T16:00:00,CPO Magazine,"https://encrypted-tbn2.gstatic.com/faviconV2?url=https://www.cpomagazine.com&client=NEWS_360&size=96&type=FAVICON&fallback_opts=TYPE,SIZE,URL",2026-08-20T09:24:14.331650
Bluesky says its recent outage was caused by another DDoS attack,https://news.google.com/read/CBMioAFBVV95cUxQUnh2SFRJSW1KdklQV2p5MlUxdVR3Q1lfTVZWTmV5NDBPNVNiSjlLczhGMktoNFZicnNqdTFUczBCNVA3aUxacG9BLUYwdk0yWkZ5YWJEUWZjSkZsWEZ5WkQ0MmZPX3dLeEk1Z2NJTWVVaTJILUFEb054NGFBcnliMFJGV2M2Qzh3WXhWYW11bkVuQ0stQW5zdm0weGhKdDhN,More,1 day ago,2026-08-18T15:59:48,TechCrunch Security,"https://encrypted-tbn1.gstatic.com/faviconV2?url=https://techcrunch.com&client=NEWS_360&size=96&type=FAVICON&fallback_opts=TYPE,SIZE,URL",2026-08-20T09:24:14.331653
Viral Disneyland Content Creator Defends Her ‘Special Friendship’ With Peter Pan,https://news.google.com/read/CBMiqwFBVV95cUxOTjBYYTM3RFVRTklCUXRlZ3plREJRUjVGTXp2Y1U1UlBhZGNCWDdXaWZqNFAyd1RNTS1jWkd0a1dUaDRxaW8yenNNNUU5V2IzMmg3a3VjVFFEUFhiaVhldGhlVHROWUFGSktmZVlEQm5DY1RYQWFWVjZqLTd0SHk4STdFNHpBSmNtakJWek1RWFJjTVdUM01qSGVwOF9xdjI1LUVNTTRuNVQzM3c,More,1 day ago,2026-08-18T15:50:00,Wired Cyber,"https://encrypted-tbn2.gstatic.com/faviconV2?url=https://www.wired.com&client=NEWS_360&size=96&type=FAVICON&fallback_opts=TYPE,SIZE,URL",2026-08-20T09:24:14.331655
GitLab issues emergency patch for critical code-injection flaw,https://news.google.com/read/CBMimAFBVV95cUxQOUJBMUtQcFlXMDZqVGVvRlRxdS1TLVRkRFJTNmZtNkJ4eWtiaURGbHhVbHFqNVJ1SS0wZlE2RHFaN0dUY0NFSElOZW5xWVFwRnBZWjVSdXlFWURpQlRtTkgwME1HVk5Vc2RrSVlNRTlBQ1N2VDhkbmlDTEFtdkRlTUJDTm41eWpVM19XbHo3NjE1cUNidkMzYg,More,1 day ago,2026-08-18T15:38:52,Cybersecurity Dive,"https://encrypted-tbn2.gstatic.com/faviconV2?url=https://www.cybersecuritydive.com&client=NEWS_360&size=96&type=FAVICON&fallback_opts=TYPE,SIZE,URL",2026-08-20T09:24:14.331658
Ghost think tank suspected of fabricating news about Israel and Palestine to manipulate AI,https://news.google.com/read/CBMijAFBVV95cUxNSFNhWlp5Qy1hSlBrWDFqTHFya0xpNVZhT3M1eTRnUGYzbWVlYVo4R3pkYVlrU20xMHpSd0p3T05nZ181UGRUU3hybmRBV09hLWFndm90dk5oa2FNbTdUOFJveGszaS1mQ3BORXBBTFotWVVCNGdyQ1M2cURPc2gwVnVuTE0wRjFyR1F4bg,More,1 day ago,2026-08-18T15:37:43,CyberNews,"https://encrypted-tbn2.gstatic.com/faviconV2?url=https://cybernews.com&client=NEWS_360&size=96&type=FAVICON&fallback_opts=TYPE,SIZE,URL",2026-08-20T09:24:14.331661
Apple plugs image-processing hole ripe for spyware abuse,https://news.google.com/read/CBMisgFBVV95cUxQZkFLOVQ1UXpLaGV3eVlZQ1hxS21DNmhtS192dmVWQWg4TE9XQVR4ZmNRaTB6cTRRcmlFRmd4ZHVlcnZxRGZsYllhMzlEb3EwXy1iZFVKempLLWNhSzhGWDFqNDZEckFZdllPbjhQcGRoLUt3Q0xEZXZHZVBQWkl1STNKeUlfX2QxS1E3dkJhRWZZcDJSMVpKZjY3U0dtc0ttdFlfZFU0cFRvTF9IdUFZMTZR,More,1 day ago,2026-08-18T14:56:00,The Register,"https://encrypted-tbn1.gstatic.com/faviconV2?url=https://www.theregister.com&client=NEWS_360&size=96&type=FAVICON&fallback_opts=TYPE,SIZE,URL",2026-08-20T09:24:14.331663
Hackers target Ukrainian agency managing assets seized from sanctioned Russians,https://news.google.com/read/CBMifkFVX3lxTE1NdFU1aWZKMDNFZk9sTzFrOTRqV2ZhU18xMzdBUDVkX2lXVVo0dElwTmpPUjJ1VnpTcWVYSlFMNVBxY3MyOWNxa0VQTGhYeDBGeFVoZHVIM01kSFBvdlVJTGV0bE5YZ1haNWZNSGlwOTdHZkhHRDJKZlRyc0VrZw,More,1 day ago,2026-08-18T14:52:59,The Record,"https://encrypted-tbn0.gstatic.com/faviconV2?url=https://therecord.media&client=NEWS_360&size=96&type=FAVICON&fallback_opts=TYPE,SIZE,URL",2026-08-20T09:24:14.331666
Google Is Giving Millions To Spirit Airlines To Use Its Data To Train AI Models,https://news.google.com/read/CBMioAFBVV95cUxNZTZFZ015XzVRX1ZfTVhpazh2cG16cHNjWGdReXl5NTdKZG1ORnRUblgzb2Y3Zy1DMWVueGRxS2NiTl9kVXpyZDVSaDJWaTRhUzl2SWVVd1VINTUwX01BSkhoU0ZWMUdfcjZnQW5yWnBOY2lQbjlQQ1pLVkg3VGp0cHk2VkJwVDhuX3M0WTh4UEh2dEtiQUZURi1fT0I2Y1JE,More,1 day ago,2026-08-18T14:43:56,IBT,"https://encrypted-tbn0.gstatic.com/faviconV2?url=https://www.ibtimes.com&client=NEWS_360&size=96&type=FAVICON&fallback_opts=TYPE,SIZE,URL",2026-08-20T09:24:14.331669
"Modern War Demands a Data-Centric, Cloud-Based Command and Control Architecture",https://news.google.com/read/CBMiuwFBVV95cUxNNWp6aGpFU3FpSndJVkFtSkREbFVyQ21ZeVV3NlFIR3FNNF95bjZzQ1NLZXp4YU04V2d1UmQ5Ny13aldrZGd0cTlRcXR2UTMyQ01OTktMazNRVUhQWTR6OE93Z1NiSHNHNTZWRGlNRHY1OG4yLUtnOXJFMV9pbll3YVZVeVBiNEtJcmxSVGctZXpCT0hJQXpPT0lDcjQ5Y1N4VjVucnVVdl9qa19LZGFWVlpRMnhnT1dKejdj,More,1 day ago,2026-08-18T14:24:21,FDD,"https://encrypted-tbn2.gstatic.com/faviconV2?url=https://www.fdd.org&client=NEWS_360&size=96&type=FAVICON&fallback_opts=TYPE,SIZE,URL",2026-08-20T09:24:14.331672
"Ransomware disproportionately targets medium-sized firms, straining customer relationships",https://news.google.com/read/CBMipAFBVV95cUxOLVZWR0E2WGk0enc2SnhqcHFVSzRmUmd0bWpfZHVjWnZ6QnpMcVpLWTV6bEpOd1ZKNjhkSmZYaV9EVW45aW9tRUFzX0RFZ203MlBMOFZtR0xxSjY3T05FaE5ENDRVMGFXYzZvUnFlQk5nUjAxQjkzU19HczNMX0xOTG1HMWV0a29QclR0WFJNZU5SeE5iRHFvSUo5cDVReEc4X2R5NA,More,1 day ago,2026-08-18T14:17:23,Cybersecurity Dive,"https://encrypted-tbn2.gstatic.com/faviconV2?url=https://www.cybersecuritydive.com&client=NEWS_360&size=96&type=FAVICON&fallback_opts=TYPE,SIZE,URL",2026-08-20T09:24:14.331674
Penang MMEA detains Indonesian vessel over alleged illegal fishing,https://news.google.com/read/CBMif0FVX3lxTE9HeTcyZkI3dG5GV19XNGF1XzZwUGM5aXJLN3ZTRml0d3RoLVktWHZ3M1BDMWpKbE44TDhjaDVXOTF4OC04SkwxLWJIcC16MXN5dmRDZFVON2NoaE5vSl91OTdpZjlsR2JiY1EwaG00MjZkSTdtY0diSGtvVVhobzQ,More,1 day ago,2026-08-18T14:14:00,New Straits Times,"https://encrypted-tbn2.gstatic.com/faviconV2?url=https://www.nst.com.my&client=NEWS_360&size=96&type=FAVICON&fallback_opts=TYPE,SIZE,URL",2026-08-20T09:24:14.331677
"Malaysia could experience 'Super El Nino' from Oct, hottest weather since 1997-98",https://news.google.com/read/CBMiqAFBVV95cUxPUjlZTV9IMzBxWUxZdmYwUVZRN1pQUmsyaDh3akdGSkxpeHV4WWxtbWNiQmNHYzl2QXpIN2o2VFdBWFlOZHZMdXlGdUJIQnVrbEdMejAxS3B6TzdwTmN4aEJnNWFBNnc5eHROaFBjWmdMZjhDd2Q3dTc3bHVRVUtxNUNpSHJBQURsTFRTVDdQM0JSSXk0S0RMSUl3aWFSUzZ3cHRPU3BWWm_SAagBQVVfeXFMT1I5WU1fSDMwcVlMWXZmMFFWUTdaUFJrMmg4d2pHRkpMaXh1eFlsbW1jYkJjR2M5dkF6SDdqNlRXQVhZTmR2THV5RnVCSEJ1a2xHTHowMUtwek83cE5jeGhCZzVhQTZ3OXh0TmhQY1pnTGY4Q3dkN3U3N2x1UVVLcTVDaUhyQUFEbExUU1Q3UDNCUkl5NEtETElJd2lhUlM2d3B0T1NwVlpv,More,1 day ago,2026-08-18T13:49:07,New Straits Times,"https://encrypted-tbn2.gstatic.com/faviconV2?url=https://www.nst.com.my&client=NEWS_360&size=96&type=FAVICON&fallback_opts=TYPE,SIZE,URL",2026-08-20T09:24:14.331679
STP-Ready Payment Screening: How a Leading European Bank Achieved a 60% False Positive Reduction in Pre-Deployment Testing,https://news.google.com/read/CBMiigJBVV95cUxOQVg2aWY1dTlsNElzNDAyZlMtNkJaWHpySG0ybDZUTnRhN0lzd0c5eFdoZEFMM0NoZHhTc0psNjN5ai1ZN2d6dEcyLVVJODlHSnk5NW9IQW85NkU2SVFLczRHYXA4N1ZweXk4WVNPU3Jib1ZsSmR6ZDBvc2JOeGZaakFrLVQ2T3VnNnRNdXhjR081ZWUzZkN1QWVhbzBnakkwM0hZWmFrUXRxaFphSnF3SlNMT05KYkpMMWZNM2RpazZnaEIyWUY4LS1xR05mSnNqZUtacFNPbTVCT3hFT05WOHFwR0RtR2pSX0NiSlZwLUUzMzZpUzlSVmRMUzdsZW5XQkZ0YzZEUkRzZw,More,1 day ago,2026-08-18T13:48:11,Kharon,"https://encrypted-tbn0.gstatic.com/faviconV2?url=https://www.kharon.com&client=NEWS_360&size=96&type=FAVICON&fallback_opts=TYPE,SIZE,URL",2026-08-20T09:24:14.331682
The government wants to improve military registration and the remuneration system for military personnel,https://news.google.com/read/CBMipwFBVV95cUxOaVlGQXZBT3RnVjJxeWZGUmRrQ2JQMjFtTG8wejZ1WTBjZnVpNmtVOUZTZWRtRi1oY2ZMT1VzR1FkbVRsMDBhcUdKSzBsQ3pGNU9ZQ196RFFlUmZhY2x3S1lEVElDanNiemtWT25XU1RweXRleWQtTFlkZTdiWG80d040YzRaSXVFWUZISXVrRjZldjdDZm1BRldsbFIzSWZ1RHFDSDhoc9IBpgFBVV95cUxNbkFpdW1DNzd1dmIwdm9lanZBbVE5Y0hiY3pZeXlaakYzZUg4ZGVfTTJ3c2oxMjI0NUt1emZDRXVMZ2U0TndIbEl3ZkdUYXNtb3pDWlYtcXpUX1JaRnZiUlZWeDktSk90b1lqNzRWVG1tRUh2c1FqWU1UanJ6dktBYy0zQmVRZEN0aFdBRE1GQkNzVWtIT2RLUXhMSlU0cUdsYVBMNTRn,More,1 day ago,2026-08-18T13:41:48,UNN,"https://encrypted-tbn3.gstatic.com/faviconV2?url=https://unn.ua&client=NEWS_360&size=96&type=FAVICON&fallback_opts=TYPE,SIZE,URL",2026-08-20T09:24:14.331685
"Ukrainian STING Interceptor Drone Sets New Altitude Record, Destroying Russian UAV at 7.5 Km",https://news.google.com/read/CBMi0wFBVV95cUxOZzZhbUpUQmVWTXRfTk51NGktcHlEa0xCR1VseVNwUmlsd0NrQUdxM2V0ZW0wOG9yWWlIMERHOVFZOGE3UjZzdnJDQW5HdWZUSkViZzM5U1Nzc0xuOGEyNDZsVDFWcXBWaUV4dVdOaWZfTTg0OHNKZ3VmQ1dlQjRXb01HRktHdjExTTQwTmx0MHdRYW9TUDVwelJFY1IwY3R5STFlalRFSWVCTFpqNC1xN1RaUXNDZmd2NjVvLU5QVnlyZVVLa1FkR0Job3pMNHljSXVv,More,1 day ago,2026-08-18T13:28:51,United 24,"https://encrypted-tbn0.gstatic.com/faviconV2?url=https://united24media.com&client=NEWS_360&size=96&type=FAVICON&fallback_opts=TYPE,SIZE,URL",2026-08-20T09:24:14.331688
English News - The Chosun Daily,https://news.google.com/read/CBMi_wFBVV95cUxNQ3BFTUd4SUI5VVFVckZnRDg5V1RkSEVnY3lpZGVJWkRFaG4yeFE3b2x0eUpxb0lJalNDSlU0VmVONWJJT1M4eVdVN0Rob0xicmZlR2JZcnlIZ1gtZnJKLUJZMzZnU1FKTXBOYXBFQXN1UmIwSlFkMzd0QTRnMTBhQ2tZcV9sVXJDWXloNmZFUDZUZVlPMzdOdmEyVDAycFJ1X3M4bGcwQnktVlg4d3BYeTZEZXY5bklfVmF1RzhJYjA1cnRsZDBYRWhKWDExQjZlQ0M0cWdnemFmdjk5SklpdkxXUlJZckZtaXJCc3ozRE5oRkp1UC1RY3lXOWFaV1U,More,1 day ago,2026-08-18T13:28:16,Chosun Cyber,"https://encrypted-tbn0.gstatic.com/faviconV2?url=https://www.chosun.com&client=NEWS_360&size=96&type=FAVICON&fallback_opts=TYPE,SIZE,URL",2026-08-20T09:24:14.331691
Iran Says Hormuz Will Stay Shut Until U.S. Lifts Sanctions And Blockade—As Deadline Passes For Peace Deal,https://news.google.com/read/CBMiuwFBVV95cUxPd0FSd3Rha2xzckZGODVaSWgxaXdaUm9iSDVmR3NKclFIeUVjajJ4VkFCZXBuQ2xOUGkzdUw2aGtNNEVmQkQ3bEtsSS00QUVMSlNQQ2JCbUF1YldQSzlOQ0NYeDVDQmNuSlhxbmZMVjlxdnJ6S2JSa214NDhpRnlVQlpMZktJUHBiWUt0VDdrYlJKQUZsdFNUemYwRnFIemRrQzZabGw0cG1VZTNmeHVabUZtMU9STS1XOW5V,More,1 day ago,2026-08-18T13:25:14,Forbes Cyber,"https://encrypted-tbn2.gstatic.com/faviconV2?url=https://www.forbes.com&client=NEWS_360&size=96&type=FAVICON&fallback_opts=TYPE,SIZE,URL",2026-08-20T09:24:14.331693
UK police to launch £1.4m AI call system,https://news.google.com/read/CBMijAFBVV95cUxNMFprTkcyUFZrbVlOSlhQN0pqSzZOWFVkNEtPMjJBaXdPMmhZaTlLZ3hHZTNvMmtMcEFuaU9SbDJkbGdLcDVVS1dlZkt4TTl1OV9iVkhLSUctam9TSFpyTVlVcGhlNmNmaTJIM2NNMTljUWxDMHBtc0c2aHBrVHljLXBVV1FoWXpWYzg1Wg,More,1 day ago,2026-08-18T13:17:19,Computer Weekly,"https://encrypted-tbn3.gstatic.com/faviconV2?url=https://www.computerweekly.com&client=NEWS_360&size=96&type=FAVICON&fallback_opts=TYPE,SIZE,URL",2026-08-20T09:24:14.331696
Disney sues Trump administration over ‘retaliatory’ ABC licence review,https://news.google.com/read/CBMihAFBVV95cUxOX1gwN0h2d19jUVhLN1I1WE43WGdnX0NYQ2JTdGFvaVFhdWJ6amtvUDBtWFFjQ0JEZENvVy0yV19jb2w1YThxZ0Y2NVJ2Z0FsMXA3dFJBblVlWnVmcGVHb0hKWV9iZ3RFM3NndFdHN1ZtQzY3ejFJOEJhbW5lVnc2a2xDdmY,More,1 day ago,2026-08-18T13:13:44,FT Cyber,"https://encrypted-tbn2.gstatic.com/faviconV2?url=https://www.ft.com&client=NEWS_360&size=96&type=FAVICON&fallback_opts=TYPE,SIZE,URL",2026-08-20T09:24:14.331698
Breakingviews - The great bond tailwind for stocks is over,https://news.google.com/read/CBMimwFBVV95cUxQcThUVHpJM2pmZmtlOUlKVVF2VHhjTDZ5VVhNSUlZZ2Rqd1pZTU5mOHAzWVQ3TERQSGVtMFlJOG9kUjM3UDJ5RmlKaHFhbmVzbmtfZzZHSFdETmFOeEdsSDhKT0tMS1UwUGRzM01pUnpGd2lhR1EwWVJTY1VYZHdfQTZlY25nTFJ1ZFJDSUd3cXdDTlBZNEtramUwWQ,More,1 day ago,2026-08-18T13:11:16,Reuters Cyber,"https://encrypted-tbn2.gstatic.com/faviconV2?url=https://www.reuters.com&client=NEWS_360&size=96&type=FAVICON&fallback_opts=TYPE,SIZE,URL",2026-08-20T09:24:14.331701
US advisory body says China's data dominance gives it AI advantage,https://news.google.com/read/CBMiswFBVV95cUxNT0cwTEZpQTJoZFQycjVPbjFtNEo5cW9EQWlDcWRUbHhuQkU4TUpJX0N6ekhJVmlERGZVMnZDODZMcEw5azEtaXRLREF2UFlwWEk5MVBhVTJDSnpMTm1sbURHTEV3cFoyMWQ4Sl9JbnhSMkFXcUFhZFFlMi0ydzJLSlVtU2pWSnBubWhUUHhzVVZGaURrcmpfUE5wTDdVYUtCTmp3Mi02QzNSSVVIMnVnVllfdw,More,1 day ago,2026-08-18T13:07:43,Reuters Cyber,"https://encrypted-tbn2.gstatic.com/faviconV2?url=https://www.reuters.com&client=NEWS_360&size=96&type=FAVICON&fallback_opts=TYPE,SIZE,URL",2026-08-20T09:24:14.331704
'Ransom Busters': Ransomware Actor Poses as Incident-Recovery Service,https://news.google.com/read/CBMisgFBVV95cUxPNUdhbWZqSkE4ZEp5aVNsN1RQSFdQYXppM2ZpSUt2UzdqWEhCaVdoYnJoQi1yTGRlTEJfd1lPWVBsRTFJLUNjb3BhcUUzUGlNWmRIMWRVdHVuNHZhUTB1bnNJal90a2xOZVN4U1prb1FxU0JrTFpfbWpFQmtFejU4eklQNmkyUDBlejRrMWF0T0c4Q1FJOXZxdUN4OVBsYzh6WENkV0h4anE5b0RKS3N5LXJB,More,1 day ago,2026-08-18T13:00:35,Dark Reading,"https://encrypted-tbn0.gstatic.com/faviconV2?url=https://www.darkreading.com&client=NEWS_360&size=96&type=FAVICON&fallback_opts=TYPE,SIZE,URL",2026-08-20T09:24:14.331707
Exclusive | Nokia to close almost all sites in mainland China by year end: sources,https://news.google.com/read/CBMitgFBVV95cUxPbVNNdXJid2dJcHRsX0hIakxOZVc0TU16bm5RLU1vS3QyZWt1dFVRWlBGODRybV9XNnlXY3UtTlpDNTd1VnJGWDFrbDA4LXJIaVB3Q1FIZEZPZG1kNVRFcHV4NVRpcS15WFFZNFUyNHVVRjdkeE9oTmlXUEJTMmtwNDhoYlR3XzgyVE1HTGRZSWFXNUVBN1FjU0poZjZwRG1QZXRlV0wtNmh4ajh4MWR6aDV5cEloZ9IBtgFBVV95cUxPbVNNdXJid2dJcHRsX0hIakxOZVc0TU16bm5RLU1vS3QyZWt1dFVRWlBGODRybV9XNnlXY3UtTlpDNTd1VnJGWDFrbDA4LXJIaVB3Q1FIZEZPZG1kNVRFcHV4NVRpcS15WFFZNFUyNHVVRjdkeE9oTmlXUEJTMmtwNDhoYlR3XzgyVE1HTGRZSWFXNUVBN1FjU0poZjZwRG1QZXRlV0wtNmh4ajh4MWR6aDV5cEloZw,More,1 day ago,2026-08-18T13:00:06,SCMP,"https://encrypted-tbn1.gstatic.com/faviconV2?url=https://amp.scmp.com&client=NEWS_360&size=96&type=FAVICON&fallback_opts=TYPE,SIZE,URL",2026-08-20T09:24:14.331709
Copilot tricked into telling reseachers how to hack itself,https://news.google.com/read/CBMitAFBVV95cUxQbl84cGExeXJBYVlkVEZqTmwta2hjWTN5Rk95X0o3UmNIenBiMjdfck5UVGpTR0Y3R0l4SzRyQTJYMUxwMGxxV0RGMXVRY1UxTGhKUUZodWF5cEg4ZkQweE5aZWIyNzZPTDJubExrTHg3NVFBNXBhcmVWQWlaUkl6dDJZUHpzQmc1Uzl4Z3pocl9EMTd2Uy1jYy1QNGpRVVktbXByOENNRkVXZDRWVnhwaHZsdGs,More,1 day ago,2026-08-18T13:00:00,The Register,"https://encrypted-tbn1.gstatic.com/faviconV2?url=https://www.theregister.com&client=NEWS_360&size=96&type=FAVICON&fallback_opts=TYPE,SIZE,URL",2026-08-20T09:24:14.331712
"Amid the Open-Source AI Debate, America Needs a New Theory of Technological Power",https://news.google.com/read/CBMibkFVX3lxTE84LUQ3ODRIeS1nZGs4LU5VOE82Q1djVGRiSkxpaHp0OHZlSGQzbUR3YU92d2VWa0R1bDJxV2hfV2VqNkNRcy1LbjdXZ2IxN0pkd3Btd0NHck1qcVU4aXVfallVdGVlaEZLQ2s3T3dn,More,1 day ago,2026-08-18T12:50:13,Just Security,"https://encrypted-tbn1.gstatic.com/faviconV2?url=https://www.justsecurity.org&client=NEWS_360&size=96&type=FAVICON&fallback_opts=TYPE,SIZE,URL",2026-08-20T09:24:14.331715
TWINLOOT Abuses SharePoint and Teams to Steal Credentials and Move Across Networks,https://news.google.com/read/CBMihAFBVV95cUxNam45T1RPT2ZOb1ZRSmtTWnpIWVg5dzI3Ync0THJZZlFBLUdZeFRnVlNwWGZNRlJIQXJwdGFXRk9KajV5ZXFWdFRpMGlReElnak1xTHBlOWo4S3drTFFVTmk4anZrUHZ3MVZnWmFSYWNvNURtbHczSDB6THpWNFhKVWM4d24,More,1 day ago,2026-08-18T12:38:00,The Hacker News,"https://encrypted-tbn3.gstatic.com/faviconV2?url=https://thehackernews.com&client=NEWS_360&size=96&type=FAVICON&fallback_opts=TYPE,SIZE,URL",2026-08-20T09:24:14.331717
Germany Builds Its Largest Military in 13 Years as Recruitment Surges 26%,https://news.google.com/read/CBMirwFBVV95cUxPc0RrUUhaS1paSTFCZ0dMT3R0OXh0NEJsWDFKLXBubDJKdlJGZTl2OTNuZ1p0Q05nVlB2Snk3M1FXdC1iRGp3UUJLOC11WVZjNDRscnRseTBXUkpDTG9ROXFkRnllWC1nd1YwOUFMVDJ2WV9MbGJMWXE3N1oxUGFhckt6SDRuMVNIN3RQdXJ2SEQtRmVDREJGMlB1bkdLMFV5d3JEYmNRc2RTcDJSVklB,More,1 day ago,2026-08-18T12:24:59,United 24,"https://encrypted-tbn0.gstatic.com/faviconV2?url=https://united24media.com&client=NEWS_360&size=96&type=FAVICON&fallback_opts=TYPE,SIZE,URL",2026-08-20T09:24:14.331720
"Early Edition: August 18, 2026",https://news.google.com/read/CBMi0wFBVV95cUxNMXJqVklrMzEzUFJ1c0pQMGlUWC0wdk5TMmhKQUxscVN2TUx5bVlTUDNuRDBld3NoenhEWkhxWTQ5ajdtdmt0RlNJczFNY052YjRpZUt3UHhYajJZRVRsazlRYnlhcnc5azlsU0JjOFB0b1ZHR1dNTUxBN1lrOUY3UXRwdnBHWkE4ZmVBQmR5b1dZVmxpRWQ0WXdGY1plQVJnQ2VUMkRSam5DaEc4LWN2TTFDdkxaN2QyR2pPWXZwV1huUDlaNURRYW1ia1Z4aUNYcVN3,More,1 day ago,2026-08-18T12:22:21,Just Security,"https://encrypted-tbn1.gstatic.com/faviconV2?url=https://www.justsecurity.org&client=NEWS_360&size=96&type=FAVICON&fallback_opts=TYPE,SIZE,URL",2026-08-20T09:24:14.331723
NXP simplifies secure industrial connectivity with MCX A5 MCUs,https://news.google.com/read/CBMirAFBVV95cUxPNlpBa2FWT0pxQWRfbGZEc3hCb3lUVXVqUm5xZXVfcmNIWTVEWlg2OXZMNWpCb0NzWjEtVlFuTXloUGZjME1XakFvaWxXUW5JbFJWWlloRExCOEZFLTlCV2xNWmtzejV6bTkyWnJ3M3gzRi0tcEMxVzhkcTBYLVVMUTlicHNZaW9WVHM4eFNDVGVqZFFGRUZNVmlKTFpld3pvWW4zdkh1c3dmamV5,More,1 day ago,2026-08-18T12:17:17,Computer Weekly,"https://encrypted-tbn3.gstatic.com/faviconV2?url=https://www.computerweekly.com&client=NEWS_360&size=96&type=FAVICON&fallback_opts=TYPE,SIZE,URL",2026-08-20T09:24:14.331726
"Hackers Compromised 14,500+ Dahua Devices Using Credential Attacks, Auth Bypasses, and P2P",https://news.google.com/read/CBMifkFVX3lxTFBlRTdWS0xyVGkwNmplXzdZbmcxNTh6TGk0eF9TNkFkUjMyVlpBdHpTbUtsSHN5cDFhR19iWXlqbURDV0FCb3NsaWRSdldlQld5TGJHc2c4SGJOZGNBRy0xa0l3bWktektIRjZUUVc2Nnp4TVNFNFczVnFsOHpIdw,More,1 day ago,2026-08-18T12:04:12,The Hacker News,"https://encrypted-tbn3.gstatic.com/faviconV2?url=https://thehackernews.com&client=NEWS_360&size=96&type=FAVICON&fallback_opts=TYPE,SIZE,URL",2026-08-20T09:24:14.331730
Parliament approved higher education funding reform - law on study grants adopted,https://news.google.com/read/CBMixAFBVV95cUxOZW9ZbkdqQms5cGFYMzFhLV94cUQtSUViamRMZ09VSUFTR0ZNVVk1LUhhZm9PS0FTSDY2LWViY2FlTVl6VXNUc2ZMTG1hT093RFdtSzNENy1hQTF5ODFEaE41UFFOYm5BcXo5TXRhUkZnSlZhbXBIX0huc3BpcjFybHlFbTFWRjRISVdiT2ExQjNwY3VGakdvR2lqVjg3VUZyU1NpUTNJOVZ4OWJnRlZPUTlnT2NWbkl6c1NWLUhzTVc1UTVM0gHDAUFVX3lxTFA3elBPWjFJZFpMY2gya29TQWY4RFB4VDVRdENPVTZzYnI4ZFRhX3FyanBCc0JuX1RKcVhqZ3lkTXB3Sk84QVdYN2VHRWlNcWptM3VwSngxbS1ab253YjcxRUJnQzl0YTM3ZmxXVmRUX3FjNTR0YWRoSGJsQmhnVmU3SUVVdXN4TTVYWkZJMG8yNjVxY1Q0MUJxMHR2dm1kRXQxTVEwdFNyU2xMTE9ab200RFRuZzVjZmM3NEp4Q1h1dHRRYw,More,1 day ago,2026-08-18T12:03:06,UNN,"https://encrypted-tbn3.gstatic.com/faviconV2?url=https://unn.ua&client=NEWS_360&size=96&type=FAVICON&fallback_opts=TYPE,SIZE,URL",2026-08-20T09:24:14.331733
Talking Transports: PayCargo Speeds Supply Chains With AI,https://news.google.com/read/CBMirwFBVV95cUxPdFBhRlZXTWhUMUtId3FrWjY3eVBsNTBMdVRNaExNckdrUmFUcFdjYUJEQWVqUlR4NDg0TTFsc0VUSHltQ0RQNzNLcl9YNU1tSUdYZHpkTHNHZzRRdjhhQ0FVTWEzMTJ4WHp6eXVObjNsOFR1UGcyaFV5VkRTZTAtQTVvTXZERUNuTWRWM3hxc2VNVFQtN3dSUG9wajE4WEowOEJteVlJN2RrdGZEb2dj,More,1 day ago,2026-08-18T12:02:02,Bloomberg Cyber,"https://encrypted-tbn1.gstatic.com/faviconV2?url=https://www.bloomberg.com&client=NEWS_360&size=96&type=FAVICON&fallback_opts=TYPE,SIZE,URL",2026-08-20T09:24:14.331736
One Attacker Has Scraped Both Salesforce and ServiceNow Portals Since 2025,https://news.google.com/read/CBMid0FVX3lxTE5DeVV4VHRzUEZtVWJQUVoydjg1cHhvRDRqUXNMdWNoTllIOEkwRm9xdDNtR2pMTGlsWGNPTHdPdW5wQzZyQ0swNHdrcmVTZzlYbm9qUkRySC1tbTBINVEwWlZfdnpTTmc0c0k0UHJnVlVJakg5eUx3,More,1 day ago,2026-08-18T11:30:00,The Hacker News,"https://encrypted-tbn3.gstatic.com/faviconV2?url=https://thehackernews.com&client=NEWS_360&size=96&type=FAVICON&fallback_opts=TYPE,SIZE,URL",2026-08-20T09:24:14.331739
"Five-minute interview: Rob Lay, Cisco",https://news.google.com/read/CBMijgFBVV95cUxQS0puZG1jMURQZWVCX1B0bWtuZmdKSDhmVmNucE15TkM1NXpWYVhoekxIV2hnZFhuTGYzWU9MMTB6UmpCUC1qTnpGMlpHSXMxamcyUVVaVWZ2WEhFV3lQNVdNTmg4TG5KN2lJT2daUThWWXJTR1ByUVc3amFTMVZzNUNYLXpBZUdmUkVXTXBB,More,1 day ago,2026-08-18T11:20:57,Computer Weekly,"https://encrypted-tbn3.gstatic.com/faviconV2?url=https://www.computerweekly.com&client=NEWS_360&size=96&type=FAVICON&fallback_opts=TYPE,SIZE,URL",2026-08-20T09:24:14.331741
16 Typosquatted RubyGems Packages Steal Browser Credentials and Crypto Wallets,https://news.google.com/read/CBMihAFBVV95cUxNWFdUV29abDNma09RSXQ0UU1wSnNwMEJBVWRGSWZtZDd4ZUdGU2I1X1ppLVZ2NUtzU19YYm1ncTdMbE50VFFhLTFwU0ZQaV9oeXBBWTNuOFN2SkM1Y183ZW5fSGJKMmxvczBGdW9sMEhyRzBNWFRYdUQtRjF2YWhRMVFtSkU,More,1 day ago,2026-08-18T11:20:00,The Hacker News,"https://encrypted-tbn3.gstatic.com/faviconV2?url=https://thehackernews.com&client=NEWS_360&size=96&type=FAVICON&fallback_opts=TYPE,SIZE,URL",2026-08-20T09:24:14.331744
JWR Phishing-as-a-Service Kit Uses WebSockets and AES to Run Real-Time Banking Fraud,https://news.google.com/read/CBMiXEFVX3lxTE5GaEVScXdMNndCbmtpVGZFaVIyNW1ZSkpHSUF1RmtTNHotSGY0aHFZN0lGZFlzRko1c0c1LU9rbW5FSzF2ZU9fd0pmeUVkQkxJaWxyckp0VUJhY1Zz0gFiQVVfeXFMUGUzbldyZ2lVbHVuYVhMTzVnS0MtOGpTcDlnZmhReEVDUEJIYnRGN0toT1U2WmE2VUV6YTFUc2d1bkEzajM1aWtpMjdEN1RWajlPTnpKSklzWXBCU3FJWm1RNWc,More,1 day ago,2026-08-18T11:19:09,GBHackers,"https://encrypted-tbn1.gstatic.com/faviconV2?url=https://gbhackers.com&client=NEWS_360&size=96&type=FAVICON&fallback_opts=TYPE,SIZE,URL",2026-08-20T09:24:14.331747
Premier League clubs to face fines for failing to comply with new cybersecurity rules - The Athletic,https://news.google.com/read/CBMimAFBVV95cUxOQ19NbDkzMkhybWZqdEF5LWJSbHBESHp0MXhGWWIxSTk5RHJXdTZuWmdpS0hOV0szT3NoU1FVVnZSS3NzRl9fX1RBdEdweHFLRUVteVotdGNzQU1CS191NEpUQk84YUh0d1dvVHZnZVR3dXJTbGZtUEVHTzZ1cWdrLTl2cTJ5ZldHckdscnFqQVUzdjFKeUV2VA,More,1 day ago,2026-08-18T11:11:08,NYT Cyber,"https://encrypted-tbn2.gstatic.com/faviconV2?url=https://www.nytimes.com&client=NEWS_360&size=96&type=FAVICON&fallback_opts=TYPE,SIZE,URL",2026-08-20T09:24:14.331749
OpenAI limits teens to dedicated version of ChatGPT promising more safeguards,https://news.google.com/read/CBMihAFBVV95cUxPOWVIZS1aZVE3Tm9nWVR6Sm9WczY5X2JsOFVyT1Y3MjE5QW1PQlgxQVVVX3RnVnhDU2g3cXpjZFc1cGJoRm03VW9CY1Flc1FKX04zTGdYQUVFcjljM1RlR1JJek9IUG92WTdFQTJ3cmxTUUhnUUFRQ2Y4MnJvdkhyNXlvU0k,More,1 day ago,2026-08-18T11:00:04,FT Cyber,"https://encrypted-tbn2.gstatic.com/faviconV2?url=https://www.ft.com&client=NEWS_360&size=96&type=FAVICON&fallback_opts=TYPE,SIZE,URL",2026-08-20T09:24:14.331752
Autonomous AI Cyber Attack on Taiwan Linked to Suspected Chinese Hackers,https://news.google.com/read/CBMitwFBVV95cUxOYmFHQVREYzNvY1Y1SGFvdGZvN3VSb291WGgtb2c2SWNsamtZYnlLMkFjRXM1bGVEVEkxVm5JUmhmeXlONV80QnBEb2J2emZvY0M1UTlkVFhVTzQ1NWZuNENXOUVLbUU0U1F0TTRsSTlFUlp4Rm53TjdscHZzQklublJrbk1pSDkzUzd3SkwwUlRGcUlPV3cyaXVPTFJBSmNWMnBjRXdoUTM3bHA2YVNseUxqcndqZVU,More,1 day ago,2026-08-18T11:00:00,CPO Magazine,"https://encrypted-tbn2.gstatic.com/faviconV2?url=https://www.cpomagazine.com&client=NEWS_360&size=96&type=FAVICON&fallback_opts=TYPE,SIZE,URL",2026-08-20T09:24:14.331755
"Hacker claims to have stolen millions of Azure customer records from McDonald’s, Vodafone, Kyndryl, and others – here's what we know so far",https://news.google.com/read/CBMiiAJBVV95cUxNZEF4VXoxZnJmOWswdlZURE5TR3lLQ1Mtem5OblJDZmRnM3VlT1VmY2YtdzNnblcxczJVRjhibVVqOTFlU1Q3ZnpVM1hKOEVxMnlNczByWGk2cmFCeUtqZWpEMjhWLVVxY3V5VzRqV2FwQjg0bWc3akMzM0pJeVVxakt5LTJHTFdDYldxa2V4TXh4WlFyLWJONTViUzMyUHM0di1DWGhwV0JKenowbUt0cF9ZRzhTSDk5dEQtZnRqQ2xkMHJLdnMyR2Z1Q2FGUDIxR0lWX1o3LVdTSF9Qay1saWFiYm5TMHBhVkhrMHZrNmoxc0M3WDN2YTBGTVZfbkhNa3JnLWpVRXc,More,1 day ago,2026-08-18T10:54:20,ITPro,"https://encrypted-tbn0.gstatic.com/faviconV2?url=https://www.itpro.com&client=NEWS_360&size=96&type=FAVICON&fallback_opts=TYPE,SIZE,URL",2026-08-20T09:24:14.331758
"300,000 WordPress Sites Potentially Exposed to Hacking Due to Form Plugin Flaw",https://news.google.com/read/CBMiqwFBVV95cUxPeElVQ1NhUHhnUFFrUHQ2WnpteWgya3J4d2xyWHotV2NVb2JFci1rN1g1LVFMYnEzd09aOEdyZXprcVZQXzc1Skp1elhnN2FnLUFDWF9NSGl1THdMWl9UaWxoUnV5U2tLWHRiMlNrcnEtVG9IOFlldzdrdXNEd0dlbERwcXkyRDhFY0w5c01wZElLakFnUV9nYmlydUVLLS1ITEFxS2NHWlBBNk3SAbABQVVfeXFMTzlUV1FSR2ZVQW5Ga2lvd1RjMllxd012YU82aHFTVkY0b05FeXZ3Nk9wQ09wbU1HM09UMDdGUkxkaHFFM2RfR3hVbUJTcW52M3VsSjRzQ1Rwb0REblFiRUdSRjB2RWZUWHE4Qnk0UTZ3S20wV1ZjVDVmaGVZR3ZZYS1jOV9WM09Ed0lGcWdhWWZ3UHgtQU9lMVNSVnFFSXFJV09oTHI4WXRWWEZvT2diLWs,More,1 day ago,2026-08-18T10:48:23,SecurityWeek,"https://encrypted-tbn3.gstatic.com/faviconV2?url=https://www.securityweek.com&client=NEWS_360&size=96&type=FAVICON&fallback_opts=TYPE,SIZE,URL",2026-08-20T09:24:14.331761
AirTag proves Amazon is destroying rare books to train AI,https://news.google.com/read/CBMibkFVX3lxTE1oazdSUW90UkJaX0NTREx5b3c2UGZsOERsYmFFUXBSUzlUeG5sQWNrZ3BlLUJ1NlpPc1YzMFVSSDRfTjhkeUVSSmZBbmVIbGJIV1hzRlhSdEs0S1huWHROd2JILVBTb3RaVEJ3WnZR,More,1 day ago,2026-08-18T10:10:30,CyberNews,"https://encrypted-tbn2.gstatic.com/faviconV2?url=https://cybernews.com&client=NEWS_360&size=96&type=FAVICON&fallback_opts=TYPE,SIZE,URL",2026-08-20T09:24:14.331763
Russia Has Started Supplying Explosives to Iran to Replenish Weapons Stocks,https://news.google.com/read/CBMiswFBVV95cUxPajY5S0d4RE50S1U5SnNMdDZwVE9WX0Q1SlJUYnJtdmlCS3lhbWhTMjBOX3dlay1mZTFBdDExb04zZDI2UzgtUkZXVXNiejNLVVhWY0JabzA4ZEdKdzA5ZWJLZzRUTC0zQ2hDMDc1V1Nod1o5djQyTUg0TFRoY3R5aDJGN0tNRzVWMVV3OUZtSDMzU01tOVFLWlgzNDR3TmhjUTZzZnNHNlM0MVdZdDNTVVhodw,More,1 day ago,2026-08-18T10:00:57,United 24,"https://encrypted-tbn0.gstatic.com/faviconV2?url=https://united24media.com&client=NEWS_360&size=96&type=FAVICON&fallback_opts=TYPE,SIZE,URL",2026-08-20T09:24:14.331766
Russian Frigate Armed With Nuclear-Capable Zircons Appears Off German Coast With Tracker Switched Off,https://news.google.com/read/CBMi1gFBVV95cUxOTGtUWW4zSTdnQWktNF9OY3ZhMDJEX2Z1amRDaEFRdHVZRnVxNkRKOGkzNUhoVnNyUmwxbk9nYlJvYlBDYjJBZGx3UldUanN6eFpTcGJNLUhGcURjUF95al9NU1ItMWhCekx6ME1uWDRoTzlRaE5jVC1zdUV1TVBuMFF4aGZfdEZxbnVaWGUycS1lSC1udlhYR0VTUGd6c0daMW5YM21WdVVxdkJkaWM5ZXJiY1dmQ0ozOFZIeVVnb3Nfc25ScGRENDU5bnJIQklrLTlKUl9R,More,1 day ago,2026-08-18T09:59:13,United 24,"https://encrypted-tbn0.gstatic.com/faviconV2?url=https://united24media.com&client=NEWS_360&size=96&type=FAVICON&fallback_opts=TYPE,SIZE,URL",2026-08-20T09:24:14.331769
Rogue raiders: The risks of AI models without safeguards,https://news.google.com/read/CBMirAFBVV95cUxPWHF1WWZZWVl3WXdNeTF3eVI4RHg3ak95RWh2eklGaHA3X2FMTUk4bGwxQmhZMVRLOHRMNlV3U1pPSnRCd3phSWd6ODcxbGp5ZmVYc1pfR2lHWGY2RXpkWHNVUE9GRFREZ25zM0NydEw5WVZDZ3o0dkNvV296YTRRM3lpZjMwSDE2V1djS25TS1hBcGFsMEtKSmMxYklJZVdUYS10MU90M1J4TDkt,More,1 day ago,2026-08-18T09:57:15,Computer Weekly,"https://encrypted-tbn3.gstatic.com/faviconV2?url=https://www.computerweekly.com&client=NEWS_360&size=96&type=FAVICON&fallback_opts=TYPE,SIZE,URL",2026-08-20T09:24:14.331771
‘The economics of vulnerability discovery have changed’: NIST wants to modernize the National Vulnerability Database amid AI advances – cyber experts say it needs to be redesigned with machine-speed in mind,https://news.google.com/read/CBMixAFBVV95cUxOVFVFblM4TTJVLTA2MV9MSi1GQlA4bFJRY3gzQVI4TjJXanJSV0FUeDRVZjBvU1U4alJOZjg4cEJpWXZydWFVLUpjSjRfTmx5Umt0TTNtX0RSc0paS056bkRrOXB4Y1Itbl9xZEZVenZQN0U2aGlXMDM1VFFnaC1Lc1N6UlY5dVdSR3VxR2JrMU5TYXp4bklxZjd1dkVkUXdKQlc4MHc2NFpKT3FKaU1HOVZ5U3l0WVJmZXZnQzJwMDVScUsx,More,1 day ago,2026-08-18T09:37:43,ITPro,"https://encrypted-tbn0.gstatic.com/faviconV2?url=https://www.itpro.com&client=NEWS_360&size=96&type=FAVICON&fallback_opts=TYPE,SIZE,URL",2026-08-20T09:24:14.331774
Microsoft confirms outage affecting search in Microsoft 365 apps,https://news.google.com/read/CBMisgFBVV95cUxPX1M2MWZ6YlRSRzU0Z2loVXZyRVpuM3pZdExuUkdLbE40TjMtV1puSmdiTVBDV1VQa3ZLYTkyZWVhanlmdHMtUm80Skc3UXFJQy1OazhoSmpjb1lBMkdHMlpwV1E3Q3hQOWRXU09BNjdyTXZxVTJUZlcwclZVaVhJWlJRcFh1emJaZFF4bjI4MWtUYW80bmJGYngxSFpmSEEtNFY1M2Fvcl84SjNLVGw2bjBn0gG3AUFVX3lxTE1xb213aTl0M0laWDlOMXFBQjBpZWVSSklqRHlSTkl5RU5rOGlnYng5WjFTQnBrZEFlV2xQWHdka2ljZWYyNHlaTmllUTRvcUdIVk5lV002WWVmVUktWnZOZTV6NklYckx4T053Ql8waEppMXF1anRNUU55emNlT09IR2tVWWREZmttdndQSVdIRkFQNVk3TlRCV29MWndZR053YTNpY2E1UFRKTFNtTnZHOWZhaHRVdw,More,1 day ago,2026-08-18T09:24:49,Bleeping Computer,"https://encrypted-tbn0.gstatic.com/faviconV2?url=https://www.bleepingcomputer.com&client=NEWS_360&size=96&type=FAVICON&fallback_opts=TYPE,SIZE,URL",2026-08-20T09:24:14.331777
