Title,Link,Source,Published,Datetime,Category,img,Scraped_At
Is China Replacing Russia as Central Asia’s Arms Supplier?,https://news.google.com/read/CBMirwFBVV95cUxQVTZ4MVhjY1NnVk5ySXFFY1V1Mmt2bzNONjBPaU16MVoxcC10Z3ZzMExFX1FOU29ndTZsRThVS0U3UEJEYVdVNnh5cy1zQXJMTnJJWmZkQVJ6OHphNUZndE9Kc3plQk1kU0xReGlJU3lCd2MzUkF2WmFlcHpUUlJYWE8ta0dFdWJ2OHRKNGRIa0loOVFnNWc5SklRdk1ORWMxWTg2MzNkZTlzanRiUDJJ,More,27 minutes ago,2026-08-22T00:25:47,National Interest,"https://encrypted-tbn0.gstatic.com/faviconV2?url=https://nationalinterest.org&client=NEWS_360&size=96&type=FAVICON&fallback_opts=TYPE,SIZE,URL",2026-08-22T00:55:26.062384
FIFA sanctions Argentina and several players for World Cup final scuffle,https://news.google.com/read/CBMinAFBVV95cUxNcnRzYlktczItVFhRMlQ2d080YnBTTXFZZ0Jfcld4M3VxUWlRSXRhQ2FnYk1qdGNicWlFMEpKLVEtMG1rZzhiemxLUjRXd1A4bnNPaGRnaVVuY181cUJUZDlsUmw2QlUydEpZNm82U2FCekpjRjd0RHRHYW0zWW52eUxhaUhQYk5RZFVWSUV3eE9jQnJFMEgzWVo0cjfSAaIBQVVfeXFMTzdKZnVnR3NFTjlmQXMxZnMtbktHTU9ZVzVXT0FDVU90VWdvamVXV3gzX3pDZFVSU0ZQZDFTbEE0Qi1pa2tQUVpsNVZWeVZzWEJFYV9PekJGaGdKUWtVZzdkeDNfa0FmMW9obEVXOUZZQ2Z6QXZFWnY0OXp4cUVKaHJqWWcxT1JpRGpBN2E4SnA5b2Y2c2hRWVRpQUFhM05UUV93,More,47 minutes ago,2026-08-22T00:07:08,Sanctions,"https://encrypted-tbn1.gstatic.com/faviconV2?url=https://abc7.com&client=NEWS_360&size=96&type=FAVICON&fallback_opts=TYPE,SIZE,URL",2026-08-22T00:55:26.062393
"Live Updates: Latest from Israel, Iran, and the Middle East",https://news.google.com/read/CBMif0FVX3lxTFB2VlZXTlNmNDhnWXNsSkVfaDVMQ0IxVks0Um9ZbjR2MVdXT1FWTlZGa3NpZFlocktLb1NCdUpPeWZTSmNPRTFXQmxqYVF0Uk5YZUFvN21XSzVCZ1Awc3VBRjFLeVlNYTJIY3piQVEwTUxjT2E4bnNUVW9TZWtEdkU,More,55 minutes ago,2026-08-22T00:00:05,Middle East Cyber,"https://encrypted-tbn2.gstatic.com/faviconV2?url=https://www.jpost.com&client=NEWS_360&size=96&type=FAVICON&fallback_opts=TYPE,SIZE,URL",2026-08-22T00:55:26.062396
'Cognizant alerts customers about cyber attack': AI company offers $1 million insurance policy to customers...,https://news.google.com/read/CBMiuwFBVV95cUxPTW1DMzFSTHN6dVJLUGtvdm8wYXNaM2lGVzRidF96NzQtbGtYQU9wTXFwTTZ3TDFkakQxclppQlYyN3JETmZWYTVxZnM2aXhocEktSG5NY25WZEdld05xdUNGR3hPZFlENmFLUW9HR1JTVGhmMC1iTHF4Rlg3NGlvWG1wV3NXT1VCMDFmbFJwU1RKVm0xZWpJdjgtVEt6RU5wLXB6YzNGQThiNm9jM3hHTWhoS0pnV1BZUENv0gHAAUFVX3lxTE5rb2lKSHZVdWkyYURtU3lWZmNxRW85SW50RGF0V09PUmpPUDBEUUNsb2EzcnVwOXZLb1h1LVZBR043UzdPdHRnbEdxb3o4NUJ6RmczWHJseHp0dlhWeHpHQ2lFYkEyMVloUlpLVms1ejZobTd3VkxqYllJamVtUWIxaVVkU0tyMlVCVEE5Qnh6b1U1T2pFN1dfdngtaFdEZ2FvaDNLbjhucE93amVTUmJfVzFQOHkxV2poeVJvd3BidQ,More,54 minutes ago,2026-08-22T00:00:00,China Cyber,"https://encrypted-tbn3.gstatic.com/faviconV2?url=https://abc7chicago.com&client=NEWS_360&size=96&type=FAVICON&fallback_opts=TYPE,SIZE,URL",2026-08-22T00:55:26.062398
A Baffling Case of Inept Iranian Strikes on Water Utilities,https://news.google.com/read/CBMimwFBVV95cUxNRWdGLVZsY2dSTmd2dlY1QlI3SVBSUVM0cTRmOWNVUWtSM1NHUUpqam5nOTRhdzNWMmpkWTJ6anNacVBGdTZwclJ3amo2eVRRQzVYTnZoZjVZVTlGRUFqOXRocHlRTmFyU3BkMl8xTEREOFJoY3c5OVR4NkJaZnBUS3Y4bFdwTElGaHRoNndPeUJrdWJMUnNHclVlTQ,More,1 hour ago,2026-08-21T23:42:53,Iran Cyber,"https://encrypted-tbn2.gstatic.com/faviconV2?url=https://www.bankinfosecurity.com&client=NEWS_360&size=96&type=FAVICON&fallback_opts=TYPE,SIZE,URL",2026-08-22T00:55:26.062400
Trump admin calls for more spaceports to handle surge in launches,https://news.google.com/read/CBMipwFBVV95cUxNVXZFYmljTmFZY1h2bnlWbGs5VHBEYS1KM19LYmlmdkthZC1kSHN4LTJiNnI1akhXMmRqQjVKVlVudmxnNWxEM2liZmRiNWY5ejU5dnNMZUVJdHkwc3ZDTlV5U3B4ZVM5U1hSV1d4R1RNRVFvLUx6S3hiWmdwT2RCZDllVW5RNFRHOGY0cF9qM19hbzl2dmllaDAwajFpU01fUmRUUDltdw,More,1 hour ago,2026-08-21T23:32:17,Ars Technica Fresh,"https://encrypted-tbn0.gstatic.com/faviconV2?url=https://arstechnica.com&client=NEWS_360&size=96&type=FAVICON&fallback_opts=TYPE,SIZE,URL",2026-08-22T00:55:26.062403
"Boeing Engineers, Technical Workers Reject Four-Year Contract Offer",https://news.google.com/read/CBMipwFBVV95cUxQM1BiMzl3OTh4ajhUNmdKNzhjdDNSYUI1VkNxSGN1QWZCSXVOY0ZTTG8xN3EzZ1NTckRhY1p5STJsNy1TeDltUGN4VzliT1p5U2xVTkRiam9nblNyYmtZWHB1RVBKZVdCeG1hQU9XYW5NOEd1WWFaRk9iNzdSbjFleXJtbjlCVm81TjBTWi13ME9EVkE0SU5ocjVMeVVCeWQ1QWpkUTdaaw,More,1 hour ago,2026-08-21T23:22:00,WSJ Fresh,"https://encrypted-tbn1.gstatic.com/faviconV2?url=https://www.wsj.com&client=NEWS_360&size=96&type=FAVICON&fallback_opts=TYPE,SIZE,URL",2026-08-22T00:55:26.062405
"Stabbing at Edmonton Sikh temple leaves 2 injured, man in custody",https://news.google.com/read/CBMif0FVX3lxTE5GOUh6THAzVDhFLXhnbHJYWXljX2hFX1o5T0phdW9sbElwc3JVZzVyUFljZ3RvUzFDcjVKcnZkaW5IUzRCbENWeFVuTDNCcjA3ejJxbHV0RkRmalpDOXJBNXJZZlpaSjdFQmd0eVhRd1BvME82ajFydmtlZnE1blk,More,1 hour ago,2026-08-21T23:17:27,CBC Canada Fresh,"https://encrypted-tbn1.gstatic.com/faviconV2?url=https://www.cbc.ca&client=NEWS_360&size=96&type=FAVICON&fallback_opts=TYPE,SIZE,URL",2026-08-22T00:55:26.062407
TrueConf flaws enabling attacks on meeting participants added to KEV catalog,https://news.google.com/read/CBMiqAFBVV95cUxPSnlRWTg5YWpzRDJUMk1GbDlENTFsOTBZZ0tJVDk1al9DZm1zZkd3M001am5iY0Z3aDljZERRV1dJVGh3TUpUV0tIRmJJYWJLc3FFakw4cEMzNVh4TGlqMzBqUUh1ZUtvekh1Tm1zYWlWY2VEb2h5WEVMVU9sRllhMDA4U2FyUHNrcFZBa0FBQkR2ekloVnlCejZfaWU0TXc5NHVNdUlTZ1I,More,1 hour ago,2026-08-21T23:15:56,Vulnerabilities,"https://encrypted-tbn2.gstatic.com/faviconV2?url=https://www.scworld.com&client=NEWS_360&size=96&type=FAVICON&fallback_opts=TYPE,SIZE,URL",2026-08-22T00:55:26.062409
"As America’s Infrastructure Faces Cyber Threats, Walkinshaw, Thompson, Ramirez Push for Independent Review of CISA Workforce Cuts",https://news.google.com/read/CBMiZEFVX3lxTE4zQ0NLZWhrNzZCTDNtbV94eFlQS1c0OFgzM1M1aGhjQ0p0QVItQXF4TWhOMkpYdS1TWjdpNEh1aGFQNFE1WEplaGxoSWw2LXpEZi1pbXFHN0hMMEFSSkpoZG5wSk0,More,1 hour ago,2026-08-21T23:09:57,Cyber,"https://encrypted-tbn1.gstatic.com/faviconV2?url=https://unit42.paloaltonetworks.com&client=NEWS_360&size=96&type=FAVICON&fallback_opts=TYPE,SIZE,URL",2026-08-22T00:55:26.062411
T-Mobile Cyber Team Physically Cuts Cable to Remove Chinese Hackers From Network,https://news.google.com/read/CBMifEFVX3lxTFBOSFlKdzZ0MUVqUzRNdWdIa1JGVkY5ZHFvWmowV3AwWjhvczg5RUp1MVRiMDNwbElkdFM5Sk1EVkxscWRYWW1WaUVMdTBSaHFsT2JrVGVpSFJBWF9qakN6WHhnb0ZmS2hkLVdlWkgxX01PWmZhR3Z0Nm0wN0bSAYIBQVVfeXFMTkhDeXNkZWNQZkFORU9rMkpTdlhlV0lYUDFhVzM4OXJyVUQtcnFCNHFvR3RKLVlZQmdOb2lQWEd1bmZNdEl1T0FzVmhhNkRmTDlza2JHaHJQTk9wcGJTU0J6N1g5Z21Rc2kzYWUtWVF4QnZSZm0yMFhtVWRWTWs1SVhmQQ,More,1 hour ago,2026-08-21T23:07:21,State-Sponsored Cyber,"https://encrypted-tbn0.gstatic.com/faviconV2?url=https://cybersecuritynews.com&client=NEWS_360&size=96&type=FAVICON&fallback_opts=TYPE,SIZE,URL",2026-08-22T00:55:26.062413
China-Linked APT Uses AI to Optimize Hand-Built Malware,https://news.google.com/read/CBMinAFBVV95cUxPRWdrYS1YWE5wU0huZjhxRnhLV2lEcTBxal9mWUpqOTY4X3Q4cENzX2pFZE1Lbl9WaXIxX3hTdDNWSzQ5OVlEU3E4eFAzMEZtbHZtZUdSZUNLWjY4bkRxZDMxMWhPXzFsLWV1c1I3NndZczhIdDRBb3dUbGZ2eEVxVE9nQ3BmemV6QmJyTnVYLXhweWVuV0pVZTFhWFc,More,2 hours ago,2026-08-21T22:48:33,Bank Info Security,"https://encrypted-tbn2.gstatic.com/faviconV2?url=https://www.bankinfosecurity.com&client=NEWS_360&size=96&type=FAVICON&fallback_opts=TYPE,SIZE,URL",2026-08-22T00:55:26.062415
Iran says Trump’s latest threatened economic sanctions are ‘bound to fail’,https://news.google.com/read/CBMiugFBVV95cUxPT2RTVnE2alQ3RVQwLUdlMmVmMXlKci1BQ2w4amRXUHdwSUtUZjR2Wmp6VEdPT0trb19GaHJWUU83NGxheDMwclB2U0Q5VmVpb25KTThvX0ZsZXBRRWttdWhlXy1CY2hIeUJqU21sMjN1a09ndUN4cktSd3B6Q0RETmxoSDZZSHNBLXpQUXBCbF93cXJqZzJNUm1UbmVNaTl3bmhEaW93dWlnNkZJTjR6WUNkWXRtOHRvUmc,More,2 hours ago,2026-08-21T22:47:00,Sanctions,"https://encrypted-tbn3.gstatic.com/faviconV2?url=https://www.aa.com.tr&client=NEWS_360&size=96&type=FAVICON&fallback_opts=TYPE,SIZE,URL",2026-08-22T00:55:26.062417
Private equity firm Apollo confirms data breach amid hacking wave targeting financial giants,https://news.google.com/read/CBMikgFBVV95cUxPRjJpMUNyWEhLOFVLUHU2M05haDdFRXpkUnBuby1ZSUhwdjZjMjhJYmVqUTY4UEdSZFBYNG00RWxOMUowekFsZEJ0LWFmckpQSFVGcE4yMlZTUnlqSERKeDJTM3pZNDUtdjRKeGpPTnNpSy01UlkxV256UjhxSzFNZUlWQUwwZWlveTVMcXBUOGRZUQ,More,2 hours ago,2026-08-21T22:37:38,TechCrunch Fresh,"https://encrypted-tbn1.gstatic.com/faviconV2?url=https://techcrunch.com&client=NEWS_360&size=96&type=FAVICON&fallback_opts=TYPE,SIZE,URL",2026-08-22T00:55:26.062420
CISA Weighs Outsourcing Its Cyber Software Buying,https://news.google.com/read/CBMilAFBVV95cUxOakRtenUxUk1XOFZFb1BoM2JRNFRWdmdaMzh5Y0F2U1dXWEsyR2NRWHBRblpJMDF3QW5EcURsal93WHVXb29xQ0lYWldGcHdpcVotWWozY1FObTRnRHdIYjdkNURpaURiYVZHbzl1Z3oxUTQ3a0dnSm5INHlpSFhFRmlnV195U3ZwME9hUU1SeWtqSkcx,More,2 hours ago,2026-08-21T22:29:17,Cyber,"https://encrypted-tbn2.gstatic.com/faviconV2?url=https://www.bankinfosecurity.com&client=NEWS_360&size=96&type=FAVICON&fallback_opts=TYPE,SIZE,URL",2026-08-22T00:55:26.062422
Cyber security expert: Why cameras are 'not the answer' to fight crime in Seattle,https://news.google.com/read/CBMi5AFBVV95cUxORHdrb0FxS0FiVnlpRDFqQVNZckM3cEpfcDNCMVU2cHlKWmZJMVJOZTN4ajRYVFBKY0ZkT2xHRWdGN1hUWWVNY1cyVG52S2w4UmVqdWY5Y0NkcnR3LW5IRzdGZHVVVnhCdjV3RkFzWXlWSElobU9KTUlzVTRGTHBEc1ZpZ1Z3YWdfTDVEVVBsSmh0MkkzNTR0cHhFWmVMN2ZmZnhaREkxb01uV1VueWFRVDF1dlhpdjU1T0loY2VGdkpCMUhTbzdUSWJGSFV5WFlpZldCOVdsWWZxYkxidVVKWGJpbEE,More,2 hours ago,2026-08-21T22:25:07,Cyber,"https://encrypted-tbn3.gstatic.com/faviconV2?url=https://mynorthwest.com&client=NEWS_360&size=96&type=FAVICON&fallback_opts=TYPE,SIZE,URL",2026-08-22T00:55:26.062424
Tories want to turn shuttered Manitoba facility for people with disabilities into addictions recovery centre,https://news.google.com/read/CBMiigFBVV95cUxQWVRhU2EyN2c3bXBjQWI5UGVJb2d2bndhcXoyZ1hIcEp2ampfaUNHOEJJaGV2eUhJYlptUkt4c0s4b3djdWlIUlIzdG1lUGdSeGNicWNkSl9ZZnBWS1pRcnNRT3hrRFl2OXhFb3pScS1RMG1WWGsyOTdzZTdjT2Y4RFl5SE5QQTNMWlE,More,2 hours ago,2026-08-21T22:22:19,CBC Canada Fresh,"https://encrypted-tbn1.gstatic.com/faviconV2?url=https://www.cbc.ca&client=NEWS_360&size=96&type=FAVICON&fallback_opts=TYPE,SIZE,URL",2026-08-22T00:55:26.062426
US Chief Justice Lets Trump Keep Building Ballroom for Now,https://news.google.com/read/CBMirgFBVV95cUxQX2dRTktHM1h2WDBuTXU4N2VZMmFiekNsb3E5SWloQ1d5bVFGYl9MNWR3VldkV1lmQ0t6TW83Y1ZLX2Y0MnlEYzV3aWFOR21kWTFfdjVqa24tOUdwdGZCWU1Sd2h1N2kzcmhsVFBpRzdVU1R3bHh2R0RmVDNtbVR2VE1SUldWQjBQbURaNXNPLUhIYWRpUFJaR3MyT0RRb256R3RjUDNhbFFRbkFNZUE,More,2 hours ago,2026-08-21T22:15:11,Bloomberg Fresh,"https://encrypted-tbn1.gstatic.com/faviconV2?url=https://www.bloomberg.com&client=NEWS_360&size=96&type=FAVICON&fallback_opts=TYPE,SIZE,URL",2026-08-22T00:55:26.062428
How AI accounting startup Rillet raised $100M and became a unicorn in 48 hours,https://news.google.com/read/CBMisgFBVV95cUxOX0xsS1RRbDhZRFM4SmdiejM3S2NCaUhPNEcyOTQtY21sbzBvVVg1bzdTSEJXcFh1SnVpLUhHS2VRYVpLWHJkYUdnX2VQYU1LbWtDYlV3Q0pfX0toS2pfOXlrWGpibkxVUWt2Vm9aVFVBWFl6REV6M3pfMFgwS1V2a3ZnZTQ1SE9pR1VnTUxKaENrRXRsM3NSZ2FMX1pVTEdtMEotZzJiZTJwaTVFM2xrZEtB,More,2 hours ago,2026-08-21T22:10:01,TechCrunch Fresh,"https://encrypted-tbn1.gstatic.com/faviconV2?url=https://techcrunch.com&client=NEWS_360&size=96&type=FAVICON&fallback_opts=TYPE,SIZE,URL",2026-08-22T00:55:26.062430
Mexican Governor Indicted by U.S. Returns to Office,https://news.google.com/read/CBMinwFBVV95cUxOS1FLd203TkJ5WHhIMmo1ZVJyZkRlZF9IQ0swaVBUek5vQzVITWM2LUpMcDJvQWtfdml3SHNMdFFWMjZ0bWh1REhlNDRpT0ZaTEt5TzNVeVJoVkplWjN4YUtFZDlmZERVRWdUYUFYdXNlQVA1WWFTV28xN0t3YmhRNDFVQ2hRb2pGODQyellLSFEyVFFfWDJ2QW1jeUdoY0U,More,2 hours ago,2026-08-21T22:08:00,WSJ Fresh,"https://encrypted-tbn1.gstatic.com/faviconV2?url=https://www.wsj.com&client=NEWS_360&size=96&type=FAVICON&fallback_opts=TYPE,SIZE,URL",2026-08-22T00:55:26.062432
"India to give Canada's Fairfax two years to consolidate holdings for IDBI Bank deal, sources say",https://news.google.com/read/CBMiowFBVV95cUxQc3ZKSm5RMU83dFhuYWFPU2JpUWc4TUg5ckc3NXJtT1N3b24wWm92Ykx3ZFFfazdyckpwZW82V2h4YW5IbFhRS0N0ZEF5ZUk2VEVKYVVrUFQwSE1KdUxDTmcwQXlCWENtOHhBaWRBcUZKZUpCZ19PbWt5MmppMF93RjZ0ZS1MYkRzQWtldUhHbklpQ3V0YW54SXI1MXhoVzZJSG9j,More,2 hours ago,2026-08-21T22:03:48,Reuters Fresh,"https://encrypted-tbn2.gstatic.com/faviconV2?url=https://www.reuters.com&client=NEWS_360&size=96&type=FAVICON&fallback_opts=TYPE,SIZE,URL",2026-08-22T00:55:26.062434
"Russian double-tap strike on shopping center in Kryvyi Rih kills at least 16, injures 130",https://news.google.com/read/CBMizgFBVV95cUxQZ1h6bXlXVDJ2MXg4emljSERhSmFLWlNCZjNxdnB2VU5fV3VnUFJEdnZmTlN4dkMzR2l1WUktTnNaWFBsVFhsSkFTSFBLbmE1Z3o4WlZUQVZWZnA4cFRPVXBGOGVJcm9feWM5ZnEtSjRpSk95bndtN3ZqbGFmUWZVSWU3ZU1xSUFQOFpCQTlhN3k1SXRteTNVZ2NYN2hJRGZJZnZiNXNzQUxFcW5CNzFyUm9lY0tyelRmRDVBenJkb3pHZDVzTi1Fd2VjcHFpQQ,More,2 hours ago,2026-08-21T22:03:27,Kyiv Independent Fresh,"https://encrypted-tbn2.gstatic.com/faviconV2?url=https://kyivindependent.com&client=NEWS_360&size=96&type=FAVICON&fallback_opts=TYPE,SIZE,URL",2026-08-22T00:55:26.062437
Supreme Court temporarily unfreezes Trump ballroom construction,https://news.google.com/read/CBMiWkFVX3lxTE9yY0k3X2F0SGdtbEtyMGdfeEpBLXlTQWM2RzlqV1RlVGZyVDRNRUs4Y19Ea3Y4TWlmNE1tbkhOQnh1N0MxcTZob21SQjJVTF9xNnRYb1BsQXJJQQ,More,2 hours ago,2026-08-21T22:02:10,BBC Fresh,"https://encrypted-tbn2.gstatic.com/faviconV2?url=https://www.bbc.com&client=NEWS_360&size=96&type=FAVICON&fallback_opts=TYPE,SIZE,URL",2026-08-22T00:55:26.062438
Iran threatens military response to US sanctions,https://news.google.com/read/CBMilAFBVV95cUxNekdITFlDc2ZGWWF0cVVuNWNObW1OYnpXNm9Lek5FcFZ2UnNoeHFwY2tpY0xPRjUyYVcwZ2V5cDU3UVhNR2tOR1lrc1hHY2hzbE12blJBZEdoNEY5NHlxOVJOd3FFc1R2b3g4RkRGRWp2YUtOWjlPRFBwM2syNGY3YzhzZ0hDY01pUms2RGhXdFhfZ09q,More,3 hours ago,2026-08-21T21:47:30,Sanctions,"https://encrypted-tbn0.gstatic.com/faviconV2?url=https://www.al-monitor.com&client=NEWS_360&size=96&type=FAVICON&fallback_opts=TYPE,SIZE,URL",2026-08-22T00:55:26.062440
Manitoba plasma donor died from heart attack-related complications: documents,https://news.google.com/read/CBMijgFBVV95cUxPRnBrdDFMdGVDYWZ3djYwUUpNUkNqcE5LLWwwN3NDTTcxckpjdW1qUDBSUHExUGFFNnhMTWc2R1F0ODVINXA1ZnFmb0h5NzYtMDFZSVlWdXkyQUZhTVZWVW9WMTNTbVgzS1ZOVDE4Zk1SV1FCQ1F1UFllMS1nSl9fUkU4ZTlZUkRneGZMcE5n,More,3 hours ago,2026-08-21T21:45:00,CBC Canada Fresh,"https://encrypted-tbn1.gstatic.com/faviconV2?url=https://www.cbc.ca&client=NEWS_360&size=96&type=FAVICON&fallback_opts=TYPE,SIZE,URL",2026-08-22T00:55:26.062442
"UK, Canada and Australia condemn Israel for refusing criminal probe into aid worker killings in Gaza",https://news.google.com/read/CBMiWkFVX3lxTE9uUGxYTVJLSG4xVU9tQWdDSHVXaFYxOE5oUEZ1MTVNWHV4b0NsZkNBajBRdGtwc1FvQVlaQ1RhYWxxNmd0VTRUWi1rNjUyb1d5dTFXTldmZl84dw,More,3 hours ago,2026-08-21T21:40:47,BBC Fresh,"https://encrypted-tbn2.gstatic.com/faviconV2?url=https://www.bbc.com&client=NEWS_360&size=96&type=FAVICON&fallback_opts=TYPE,SIZE,URL",2026-08-22T00:55:26.062444
"US Army Secretary Driscoll is expected to step down by year's end, WSJ reports",https://news.google.com/read/CBMitgFBVV95cUxNblVNM2JWT0l4cUVHSzdxOHRqaDg2QlEzaFh2V0FkQmdobHNQeHgwZUx0M2JrOFN4Rm9ia1ZlS0g3Y2VoNGFtbVlpaXlNczktaHRwM2NCZk9jU190SkFCZWJaUGRwLXdZUkdOeEpxTzJsd1BsUGlzR0xsZFBEVEtZOVI2T2d4OW9HRE9ZcU9ZUTB2QjFaWVdyUHV3NExhaUx6NVQxTllkZHdCeUVPWUdIdXVjaWxWUQ,More,3 hours ago,2026-08-21T21:39:22,Reuters Fresh,"https://encrypted-tbn2.gstatic.com/faviconV2?url=https://www.reuters.com&client=NEWS_360&size=96&type=FAVICON&fallback_opts=TYPE,SIZE,URL",2026-08-22T00:55:26.062446
"U.S. Stocks Rise as Bitcoin Nears $80,000",https://news.google.com/read/CBMiiwFBVV95cUxQQ05DVFJYS3lRaUh6WVMzT3VmRUpKR0JsRGJWaXgzMlFJQ1I4Qkx3alBOSzc4eGx2TjBLUGJOLW5KZzRTd0Nrb0JDaENhNGJZcHRnZE1MM0hpeFlsSFgxNlV5MEdmMzY2MlFIdjJnTjlaWnVMVTZFR0hSNDdrYU1jZHFvdkQyODFYeThN,More,3 hours ago,2026-08-21T21:38:00,WSJ Fresh,"https://encrypted-tbn1.gstatic.com/faviconV2?url=https://www.wsj.com&client=NEWS_360&size=96&type=FAVICON&fallback_opts=TYPE,SIZE,URL",2026-08-22T00:55:26.062448
When AI Risk Becomes a Board Liability,https://news.google.com/read/CBMigwFBVV95cUxNcEdnTnMySlN2VlI2UE8yWnVHQzJ6UDlwR1pMLVFnLUZKV0lseWVxYXRMUWhLNkJlU05ybWJ4UDBjZlE1Mk12RTl5UExCXzBubXl2NE9pR2x0eUw3cFVrUDVVZ0VNcm5mN05uQzJhZFlJZGlmZXdzN3dfbUZ5OEVQem10RQ,More,3 hours ago,2026-08-21T21:34:28,Bank Info Security,"https://encrypted-tbn2.gstatic.com/faviconV2?url=https://www.bankinfosecurity.com&client=NEWS_360&size=96&type=FAVICON&fallback_opts=TYPE,SIZE,URL",2026-08-22T00:55:26.062451
AI-Powered Iranian Cyberattacks Threaten Critical Infrastructure,https://news.google.com/read/CBMiugFBVV95cUxOTENhUnR3NjFtVzhwYlhrVXV6UjN6MDJRem1aN2pNYU45b0stbDhKaUZDeGlIMWR0Q0RvRWdxUUk4MGFjMl9lZXQtUndlMkdZZ1ZuZWxRUFo0T1lWb0NXLXZOQmpIZmlkVDR2QTI5dHA4N3lBN2w3YzRTMm1YNjN4RFFXS2VCVC1mcjNqSWhScmljRVR6WjVPcFc2aUZfNTJGbEtFaEpzeEs5dmttTmlEQzV0am9lVW5XcVE,More,3 hours ago,2026-08-21T21:33:53,Iran Cyber,"https://encrypted-tbn2.gstatic.com/faviconV2?url=https://www.forbes.com&client=NEWS_360&size=96&type=FAVICON&fallback_opts=TYPE,SIZE,URL",2026-08-22T00:55:26.062453
Cybersecurity incident under investigation at Virginia Peninsula Regional Jail,https://news.google.com/read/CBMimwFBVV95cUxPM1Z6QjN2QmVQcVBlOGc0QVRIcF9FQzBRejFCcEhMRE9JVmRaMGVLamhhU2wxZTlyYzgzY3lvdmU3clV2Y3ZRcGFWX2RjMjVCUWxSbmVsYVZxX2JSSVdIOW9LUTQ1Mkw0UkhnTmhvSUl0ZU5oTkYyenB4bVRFOWJVLVUzUjlMNGZZQkIySHZWbFFDbTltX3diLVVfUQ,More,3 hours ago,2026-08-21T21:28:53,Cybersecurity,"https://encrypted-tbn3.gstatic.com/faviconV2?url=https://www.pilotonline.com&client=NEWS_360&size=96&type=FAVICON&fallback_opts=TYPE,SIZE,URL",2026-08-22T00:55:26.062455
U.S. imposes new Cuba sanctions; Progressive wins California special election; Congo Ebola outbreak “growing exponentially”,https://news.google.com/read/CBMiugFBVV95cUxOYk1VU2xhdlNuTVlkZ01zODhINGJ4eUlxMExDOUI1MTV2ZURDdTBsbUVJTElqRHluNE1vRWxfekFyZWwwRGJHWFllMFlTMy1GV2l1S2xPSXZIWDV4YS10NkVjdjFSclVtblRvMWJEZDFnWHN5Mk5aUk1nd3V3V1ltNEdyd0hQUHAyOFZoeHNWOHlNdUk0UTFWa2hZeV9OclA5YnFBWFk3NkZEQ2hua2tFcU5kQjdxM2prU3c,More,3 hours ago,2026-08-21T21:23:46,Sanctions,"https://encrypted-tbn1.gstatic.com/faviconV2?url=https://iowacapitaldispatch.com&client=NEWS_360&size=96&type=FAVICON&fallback_opts=TYPE,SIZE,URL",2026-08-22T00:55:26.062457
AI Analytics Hits a Trust Barrier,https://news.google.com/read/CBMifEFVX3lxTE85eWIyc0NGUjJqUTRxNGJsTXZ1b3hKckp0TlhGaXFOY1ZRZUVkWXA0VnpqNFR1NTZ3TUZWOUdMRDB2WmIzeFpNTDdYUmFJZFAzU1J1NVhkeGhsanBJX0s3VFdWMko4RnNKdjlKVVRKc2tZZDduTDBuZmx3S2k,More,3 hours ago,2026-08-21T21:18:20,Bank Info Security,"https://encrypted-tbn2.gstatic.com/faviconV2?url=https://www.bankinfosecurity.com&client=NEWS_360&size=96&type=FAVICON&fallback_opts=TYPE,SIZE,URL",2026-08-22T00:55:26.062459
Friday Squid Blogging: Neon Flying Squid,https://news.google.com/read/CBMilgFBVV95cUxOTE9qMUlWM3hONDdtbzlsV1NFb0RoWUlwSEE1OWZzcU80dzVXck5RNGhBbEZYYm9tYU5pd0ZhXzYwdEV0S1oxYl81Mng4Q2tHb0htX0FqR3JPblhEemQwaWNISXJUVC15V01Ua19FV2VQVTdNOTBGeEhFMXg1c2xnZmJJVXBtb3dKNGxSLXU1YkowaE5ZbVE,More,3 hours ago,2026-08-21T21:09:28,Schneier on Security,"https://encrypted-tbn2.gstatic.com/faviconV2?url=https://www.schneier.com&client=NEWS_360&size=96&type=FAVICON&fallback_opts=TYPE,SIZE,URL",2026-08-22T00:55:26.062461
‘Trump in purgatory’: A White House plan to lower beef prices is dividing the president’s supporters,https://news.google.com/read/CBMinAFBVV95cUxNZWZodFktN1ZkelB4QnBrRjJWTUpDYzZzRG9QR0hEWFRpYi1RcE5xUkIxSFN4d1JVcGdKYWszUUxDNU9oMy1TVTdRN2hvU1ZEZURPSkd1bTk0ZzlOamVlazRDdnQ0LXd1b0t6QWJnTzRqVGxybUxXeTlKZnMwcXdrZG9iUEVsWmtuSmlTWVk4TmNGSG92MEtZZl9CN2c,More,3 hours ago,2026-08-21T21:09:00,Politico Fresh,"https://encrypted-tbn1.gstatic.com/faviconV2?url=https://www.politico.com&client=NEWS_360&size=96&type=FAVICON&fallback_opts=TYPE,SIZE,URL",2026-08-22T00:55:26.062463
Exclusive | Nvidia in Talks to Invest in Data-Center Power Developer Cloverleaf Infrastructure,https://news.google.com/read/CBMiqAFBVV95cUxNUGJta2J6Q2w5LWJGcjQtbzBTQzlndml4c2FSdGpWV3FhdzkxU0JUUVZCTUh3enk1eS1mTk1zOW43YmxDRHc1Nlh1czJfeVQwWThwNGRZbEJGdmdIdnJlcGQ5OHlKUDYzdXdYMTEzdWhVTWZYMU1NdGVEb3pnckhsbklJalVhV2hvV2RERDVoSmpsWUhTNTM1T0hHS0x3RWNLWWx3ZjVaaEg,More,3 hours ago,2026-08-21T21:07:00,WSJ Fresh,"https://encrypted-tbn1.gstatic.com/faviconV2?url=https://www.wsj.com&client=NEWS_360&size=96&type=FAVICON&fallback_opts=TYPE,SIZE,URL",2026-08-22T00:55:26.062465
One killed in sword attack at Swedish school,https://news.google.com/read/CBMiWkFVX3lxTE1QMG1ILU85bTVlS1FGMWZ2NHg5cXg5eEMyQ0JmYVN0bFgyZ19lS3BlRmpUY0w4ckwxcVpHSktaT2pqUzI3bUZ3SXhocmhES0FTTG5ZYjhSOGVlZw,More,3 hours ago,2026-08-21T21:03:24,BBC Fresh,"https://encrypted-tbn2.gstatic.com/faviconV2?url=https://www.bbc.com&client=NEWS_360&size=96&type=FAVICON&fallback_opts=TYPE,SIZE,URL",2026-08-22T00:55:26.062467
"[UPDATED] 420,879 candidates to sit SPM written exams from Nov 23 to Dec 17",https://news.google.com/read/CBMif0FVX3lxTFA3WU9pMGNySnJSaXhBcjVPNzFENk40NmhqVE12YXl0NUVZOWNidVgtREhkVUlZRW5HWVFjS0VMNi1ralNZdnp3MWg4Z2I3VWNZZ2d4OWZpTWFKS2R1a0l6SEVENzdLV25ybm00eWlPWU5uVl9mWWsyOEZfNUM2Ukk,More,3 hours ago,2026-08-21T21:01:38,New Straits Times,"https://encrypted-tbn2.gstatic.com/faviconV2?url=https://www.nst.com.my&client=NEWS_360&size=96&type=FAVICON&fallback_opts=TYPE,SIZE,URL",2026-08-22T00:55:26.062469
Chess: Magnus Carlsen wins Esports World Cup in Paris without losing a game,https://news.google.com/read/CBMivAFBVV95cUxOdWNmdlJKN2F1UUV5d1NUMzN6S1d1S20yUHduTTBEa2RqM3VnYkktamx3bjdnUklFN1NwWERnaFVzMWhmU2MxSW9OemxDQmpLTGMxYkowVFF0MzRJeXFPdl9WbWI3SWw0d084SmdNLUM4YXY1c3RIcjJpRE81WFNoaE1CY3hocWVCVXd0aDhld2xvMi1xUUlMMWpoZ2pYdXJwbloybk9OM0phSHk2akhDZUFKcGxJbW0xMXBJcQ,More,3 hours ago,2026-08-21T21:01:00,Guardian Fresh,"https://encrypted-tbn0.gstatic.com/faviconV2?url=https://www.theguardian.com&client=NEWS_360&size=96&type=FAVICON&fallback_opts=TYPE,SIZE,URL",2026-08-22T00:55:26.062471
"Surveillance, Murder Hornets, Portmantau, TrueCONF, Siemens, N-Able and More – SWN #609",https://news.google.com/read/CBMiwgFBVV95cUxPQVBpSmZlc2tGREJTaG1aYmpFRGt0cVNOSXJzcXJadlVxOXo1Sk5mYmFTWnlZRlRueTlhb3AzbDNJLTlSODVLME9pVWJ3d1oxUWZKR2NOdmM4aVQtMWctcmZqR3REeWNvcTBMY0tsVHpjWWFDVVdlZldvanNOaHU3X29yZGZIS254LVBIWTI1aEdJWkQzQmR3MjVoemNkMVUzVjRKOEZvYjdMZkctT1ZtTWRxZGJtLVRCNDZRXzJGcUhfdw,More,3 hours ago,2026-08-21T21:00:00,SC World,"https://encrypted-tbn2.gstatic.com/faviconV2?url=https://www.scworld.com&client=NEWS_360&size=96&type=FAVICON&fallback_opts=TYPE,SIZE,URL",2026-08-22T00:55:26.062473
"Apple is reportedly cutting hundreds of jobs from Siri, Vision Pro teams",https://news.google.com/read/CBMiqgFBVV95cUxNRmpBTnhIWndZTF9NQXc4Tk5FME1qaGRlZmZMTUhDMHN2LVpZT2lXbDdIcml3aTFpeUZRRW05MEl3VWV4eW5INEhQYnhqLVM3NzJ4R3I2bjhsSjhTV2NsRTM2SE5zTFBvbWlaMWZGdkxuck9Zc3RyaVlMMHNXU2V1R0psSlRQSW5QcF82cC0tdGNiZ2xILVlBSUNOM0lIQ01wRC1tanJDRzl1Zw,More,3 hours ago,2026-08-21T20:58:07,TechCrunch Fresh,"https://encrypted-tbn1.gstatic.com/faviconV2?url=https://techcrunch.com&client=NEWS_360&size=96&type=FAVICON&fallback_opts=TYPE,SIZE,URL",2026-08-22T00:55:26.062475
TikTok agrees to $400 million US children's privacy settlement,https://news.google.com/read/CBMiugFBVV95cUxNdHp4WjducldzcUtEUTljcWhGYmpkOUgzc2RKaFFhaUFyVjdCZW9XajFRb1BNTWVGUnVmdVNVWDBLQmVWS3d1UkZncVp3R2cwQWxRVDB4c1VFVW5Gc1RoUzRZVUZ0aFlQTGc2ekF3T0w5QUQtSXFPYml1cnBzamdJV0NVR3d3ZTFoTVRocVp2dm4xQXFyX0U2TXdwM2I5ZmNqa0Q1emcza0N0dkczb25xdzY0UFZvSElWLUE,More,3 hours ago,2026-08-21T20:54:31,Reuters Fresh,"https://encrypted-tbn2.gstatic.com/faviconV2?url=https://www.reuters.com&client=NEWS_360&size=96&type=FAVICON&fallback_opts=TYPE,SIZE,URL",2026-08-22T00:55:26.062477
AnMed confirms data stolen during July cybersecurity incident,https://news.google.com/read/CBMiqwFBVV95cUxQanhYTTlnTldMSS1KWkdyN2ZveGFUYlRQVThGWlVaeW9Eb3k2WFgweXowYUZqR1dmZVc3S3NaMzh5SFJsZlNTZzlxUnVmQklQQk10bWppQ05zWnJmR2Z0QlI4LWExenltbk41NHdQelROc051cDAxcTE2RmZWZ0FMcjNPMUhJNVFwVDF0YXZqak5uWlJzS1BTYWNuUEVjaFJlYlg5aklUZVhYMmc,More,4 hours ago,2026-08-21T20:52:00,Cybersecurity,"https://encrypted-tbn3.gstatic.com/faviconV2?url=https://www.foxcarolina.com&client=NEWS_360&size=96&type=FAVICON&fallback_opts=TYPE,SIZE,URL",2026-08-22T00:55:26.062479
"Salesforce partners not seeing meaningful revenue from Agentforce AI platform, report says",https://news.google.com/read/CBMi2AFBVV95cUxOTm1aQk41czFKRnRPX2tSbUhjSk1nNjZPNFB4Ti05Q2pyUzQ4Y3pRR3NJVlJNV1BqZFRUcXRMOXU2eERPVnhFLTh0UWFLV1hPbUZTMHJ2aHNYYW1qWUxQR0VOQXJ2S2pDV3FndUQ3ZjJGMG5HX3FjNmFUZDlSLW4ydVF4Mm1TMjRhbmZLNHAyV1QzZVEyeXVhZklxUjBoYWQyUVhEaTJibWk1b3dqVmtCRDZEaWkwbTVWYXV5aGYtckVDTGtoVWpVeUtOaC10aGVIOXlSZFNQWjY,More,4 hours ago,2026-08-21T20:50:00,Register Fresh,"https://encrypted-tbn1.gstatic.com/faviconV2?url=https://www.theregister.com&client=NEWS_360&size=96&type=FAVICON&fallback_opts=TYPE,SIZE,URL",2026-08-22T00:55:26.062481
Page 1871 - Information Security News,https://news.google.com/read/CBMiYEFVX3lxTE03QjVPamh3WVF2QVNpdGkwZHRtYVVNLUtOMmdUX0l3MVB5RDk2Yld2Z3k0WXNRWmFVUzIzQmFtTjlBLUpGRWdzNUpxclAxaW8xRGNvOWFhNUlrNmxsUUtXbQ,More,4 hours ago,2026-08-21T20:49:16,Bank Info Security,"https://encrypted-tbn2.gstatic.com/faviconV2?url=https://www.bankinfosecurity.com&client=NEWS_360&size=96&type=FAVICON&fallback_opts=TYPE,SIZE,URL",2026-08-22T00:55:26.062483
Nebraska Orthopaedic Center Data Breach: Edelson Lechtzin LLP Launches Investigation Into Exposure of Personal and Health Information,https://news.google.com/read/CBMiugFBVV95cUxOckFDMU1aVk1ReUYzSy1vOFB5VWVEUUQwZlNGdjl3bUo1SU1IdGVVZTlVQW1DZld5Xzk5cndVTjBnVkJGOGphUVpwSnBNWl9NUVdaeVo1dlNrc2VSODFKTzFpTkNtdzQydEpjMnp3dmRaaEZGZlN6T1NIRGNrWEJQbnl1UzZrc0hkYzIyVUpiUm45MkZHUWEyams5RGk3ak53RDZYWjh6S0RuOVhuV2FDeVlISU5FQk5YZVE,More,4 hours ago,2026-08-21T20:48:05,Data Breach,"https://encrypted-tbn2.gstatic.com/faviconV2?url=https://www.reuters.com&client=NEWS_360&size=96&type=FAVICON&fallback_opts=TYPE,SIZE,URL",2026-08-22T00:55:26.062485
Supreme Court lets Trump continue work on White House ballroom for now,https://news.google.com/read/CBMiqAFBVV95cUxNWDRsWDhPVVVzZVdpcEpaNi0tRGF3SU90MmwwcWw5UHdkb3VEM3FCcXVzQm0tWExlQUtMNy0yUGl6NVBMeWJSenN3VXNqZ251TzMySHBrTEpSVjMwQWFreFVjTE9idkFJbE1zWWtnWlBveXlLNmc3Z25pTkU1RlFLRGg0R1REZnVOeVVsRXNpNlJBN3BmakJGMWVxcFNsdkh4c00teW1OX3c,More,4 hours ago,2026-08-21T20:47:45,Reuters Fresh,"https://encrypted-tbn2.gstatic.com/faviconV2?url=https://www.reuters.com&client=NEWS_360&size=96&type=FAVICON&fallback_opts=TYPE,SIZE,URL",2026-08-22T00:55:26.062487
"Admin Keys, Phishing, and DNS: The New Front Line of Crypto Security",https://news.google.com/read/CBMikgFBVV95cUxPOWVpZWtsRU0zR0piUzF4Tkc0RHZKbmFWM0lOdlRfTldrRUVySXJGUENHcFExWXBIa3ZrNkYtWnBDWUI2VFlFajBhVV9jbGtrUFQzeEdwNXA4TmRsSjFucmNhb0hRQkh1eEVsdkpNOHBPQnRDSXpYVDFxWVpsdVd5UkxBZHA3Wm0xSjZkODBMWmJEdw,More,4 hours ago,2026-08-21T20:46:39,Phishing,"https://encrypted-tbn2.gstatic.com/faviconV2?url=https://hackernoon.com&client=NEWS_360&size=96&type=FAVICON&fallback_opts=TYPE,SIZE,URL",2026-08-22T00:55:26.062489
"AI Chatbot Jailbreaking Security Threat is ‘Immediate, Tangible, and Deeply Concerning’",https://news.google.com/read/CBMiigFBVV95cUxPZU9ERjdVNjdhbTVIWmZmODQ4bzVHLUdBZW4zdzZVYk4wMEZ3MzNaek05S21WLV9ldmxlaXNlT2pNTDNackdMS3phYUVMQWFuSHF1U0MweTN6SUgxZnNQemlSc3BIR1FpeU1acjF0bExTeXNfTFBPRDVxWUlMUUlEbzBsUVJTRk5XNUE,More,4 hours ago,2026-08-21T20:42:00,State-Sponsored Cyber,"https://encrypted-tbn0.gstatic.com/faviconV2?url=https://www.techrepublic.com&client=NEWS_360&size=96&type=FAVICON&fallback_opts=TYPE,SIZE,URL",2026-08-22T00:55:26.062491
"Prime Day Is Over, But 62 of Our Favorite Deals Are Still Available",https://news.google.com/read/CBMiggFBVV95cUxPd0kyd2dwcFRDUVc5MC1FaHJHWkdLMmN4akhnNV9IZEN0Y2VNajVqd2ZsVU9rcGJzNXBxVF9icGVVaHFDSE0ySzJDLVdhVnZidERMazJValdvS0diOURudWFwS3Jmbjd0M3NDMGtlLTZtTGdjSEFLOXVGakZ5YnpkVW1R,More,4 hours ago,2026-08-21T20:40:03,Wired Cyber,"https://encrypted-tbn2.gstatic.com/faviconV2?url=https://www.wired.com&client=NEWS_360&size=96&type=FAVICON&fallback_opts=TYPE,SIZE,URL",2026-08-22T00:55:26.062494
TikTok reaches $400M settlement over children’s privacy lawsuit,https://news.google.com/read/CBMinAFBVV95cUxQNVFrU0E2TWFUQThIejJrYU5RaExtQVVuTnVfZk5WQlJ1TGhlVFluZHVtSnRXa2dDTlJuSVBibXVvLTllbk5UNEJ6S1M3Q25RelNfdnh2SnlwZDNJY1ZLdUtUVzB3MmZKb0JPam5KYWFvTmFCZ0pJX0diVjVYNDFKV1JuaTBRcndZYXpSRHlnOTZWTTBtSDgxZHZSSTg,More,4 hours ago,2026-08-21T20:25:21,TechCrunch Fresh,"https://encrypted-tbn1.gstatic.com/faviconV2?url=https://techcrunch.com&client=NEWS_360&size=96&type=FAVICON&fallback_opts=TYPE,SIZE,URL",2026-08-22T00:55:26.062496
ShinyHunters Leaks 7.1 Million Baxter International Records,https://news.google.com/read/CBMinwFBVV95cUxQQ1d6ZDBBY1ZabnF1WWZNRHlQbHdjU1FUUEx4SFRsUUEzdUpXRUFQLXdEMG1tU1N0TkdYQlo2SzMzaDJYckRmVW4zN2hqVUlBdFlUMjJPUnlKeTg4TXFZaElsWkNLTXpPcXpsZWNrWWZEYWJYTWUxWlNuN3BoUmZ1QkdlZE43U2l0ZmtTN1VqNzhUc0VaSUJVd0o0MTVsSms,More,4 hours ago,2026-08-21T20:25:17,Healthcare Security,"https://encrypted-tbn0.gstatic.com/faviconV2?url=https://www.govinfosecurity.com&client=NEWS_360&size=96&type=FAVICON&fallback_opts=TYPE,SIZE,URL",2026-08-22T00:55:26.062497
Rising Number of Cyberattacks Have AI-Assisted Fingerprints,https://news.google.com/read/CBMingFBVV95cUxNbS1qeHh2aGJjcTlhSmd5VFc1ellqTjIwM1hMazhFQzkwbmViUFlDSVVWN2pUZGZHN1p0MzFPbF9lY1NMZkdNR196dmd3c0FqX0ZVdDdyZHFlbkJ4cWdTSV80SUxDcklTS2h1VWZxbHZSZ1p2ZjRabFNLNnBpZERCNVNZcXBManBmMEtyZzJpZ19tVWE5MHFpenNCY1ViQQ,More,4 hours ago,2026-08-21T20:24:42,Bank Info Security,"https://encrypted-tbn2.gstatic.com/faviconV2?url=https://www.bankinfosecurity.com&client=NEWS_360&size=96&type=FAVICON&fallback_opts=TYPE,SIZE,URL",2026-08-22T00:55:26.062500
"AI companies are burning books, advocates complain to FTC",https://news.google.com/read/CBMiswFBVV95cUxOVmlLbmtPZkVreF8zc01nazcxcDZHTm5xNGR6TjcwQjZoRmNnOG9XNnZpbjg3UnppM3ZLWlV3QXlub3hXNFBFS01raGRMdXM3RFBHMWtESXdfX3JqNy03NDA4VElKMkRxdHh4SVQ4UWl4LV9fYW5FSkNTOEtFa0h2a1YyNmZGdnNyM1BxT2VwV0xwc2Npb2NXX0p3MkNyc3U0eU5RMWJta2ZEWEt0WUwtbE4yMA,More,4 hours ago,2026-08-21T20:23:12,Register Fresh,"https://encrypted-tbn1.gstatic.com/faviconV2?url=https://www.theregister.com&client=NEWS_360&size=96&type=FAVICON&fallback_opts=TYPE,SIZE,URL",2026-08-22T00:55:26.062502
US Awards $500M for Critical Minerals; US Carrier Arrives in Middle East After Leaving Asia,https://news.google.com/read/CBMinwFBVV95cUxPODZ5ZjNpNFZKOS0tckkycmNwSDh5eUZpT2FKVU1CdV9ZNUVCbXdLUlg1eFdubktfN0hManFtQzRucTVSeWcwUVliZGw5WWlnUENVQWVvNnE5aXQxZGZpSVNfY3Q5ZlpOZ21LWlBKNVZSUkpjQ3dxZ3Z3MUtmMTBSbkxtZTUxWE9XejN0Zk1OZFZIMTBuV3JfbWpzZnQ3NzQ,More,4 hours ago,2026-08-21T20:20:26,Taiwan Security,"https://encrypted-tbn3.gstatic.com/faviconV2?url=https://english.ratopati.com&client=NEWS_360&size=96&type=FAVICON&fallback_opts=TYPE,SIZE,URL",2026-08-22T00:55:26.062504
EXCLUSIVE: US plans $725 million payment towards its large UN debt,https://news.google.com/read/CBMinAFBVV95cUxPY1Jvdnlic1M5Nm1BZU1OdWpacDFLcURXRE9CZ25SVEphSEtLTzBmMlFWQ1V4Yy1LVGdnRzlLNGswUVpwMU1jZ1pWMkdmbkxSVDR3OUw5dVRCdzU4Tm9OTldxTjFlQm5uNV9nOE1OcFlGNFZkTVRYU1BsdnoxYUdYNkdsamFIcXdLb2FYMERBTDVMUEkwYjZ5WF9tcmw,More,4 hours ago,2026-08-21T20:20:25,Reuters Fresh,"https://encrypted-tbn2.gstatic.com/faviconV2?url=https://www.reuters.com&client=NEWS_360&size=96&type=FAVICON&fallback_opts=TYPE,SIZE,URL",2026-08-22T00:55:26.062506
Moor Insights & Strategy: Is Your Recovery Infrastructure Ready for Ransomware,https://news.google.com/read/CBMitgFBVV95cUxOQlFfZERCQmJ0dWh2cUtwbG9OYUVnVjYzNllLbEVYQmZiX3g4Tmc2TUZFWElZRGtIQmI3T3BERkxjR1FUaGRUUWpwMUlxaXIwbVFHdXZkejdWOHZFTjVtMDRrWUdxVE85YnBhcU93dDNTMThPbzRDLUt4d21aYnU1elIxUEJPWHlWY05tVkNvMWpzV3VKeWJJdm9lSGplc3MzWGVSQWl0b1hfUUxwcy1JQ2FDTHlSQQ,More,4 hours ago,2026-08-21T20:18:11,Bank Info Security,"https://encrypted-tbn1.gstatic.com/faviconV2?url=http://ffiec.bankinfosecurity.com&client=NEWS_360&size=96&type=FAVICON&fallback_opts=TYPE,SIZE,URL",2026-08-22T00:55:26.062508
Exclusive | Fannie Mae Hit by Turmoil in Senior Ranks as Roughly 12 Executives Are Let Go,https://news.google.com/read/CBMivwFBVV95cUxQVHhTdGF0X2E4NFBZYk5zTEdwQl9xSWVNUjJJRFdtWnd1SWg5b1BiSjNzdWF6d0NzbzB4aWZ4V2NGZmZXeWotb1BZZkJGV3hiX2NSZU40dExqSXZtNklzanpoT0JyS3VzMkw2dERQOTZqcUd4RTlvU0FOT3FUenFjSGJLSER6WnFOVl9QTGtlZHRSZlFseWFoa0tjcm5hek1KRG5IU1ZKRndaRXJHUjJIZWEtaE5rbERJSElPMzNLcw,More,4 hours ago,2026-08-21T20:11:00,WSJ Cyber,"https://encrypted-tbn1.gstatic.com/faviconV2?url=https://www.wsj.com&client=NEWS_360&size=96&type=FAVICON&fallback_opts=TYPE,SIZE,URL",2026-08-22T00:55:26.062510
"Hidden Zillow listings created fake supply shock, raising NYC rents, lawsuit says",https://news.google.com/read/CBMivAFBVV95cUxQT0lXdzMtOVpwN0FQRDFacUJYdU1JQnZud1ZIWGRuX3VfQTV2UXViV1l3YXBVWjM1dEIwRGxzVTFmMnc4NTBaTmMxcVJqNFF0ZHNWZmp0Tmt1ME9sRV9tR0dVQVduOUYtTVdlRzZfQk5iRE5NZUVpaGFNT1BUcG1iS3lWVGxtR09lRmJMOVIxc0c5NTZUdFd5akxQcFpZTWd5UGsxWUs0dTNhM01jdE8wUnhjeHZyVjZmQ2dVMg,More,4 hours ago,2026-08-21T20:10:50,Ars Technica Fresh,"https://encrypted-tbn0.gstatic.com/faviconV2?url=https://arstechnica.com&client=NEWS_360&size=96&type=FAVICON&fallback_opts=TYPE,SIZE,URL",2026-08-22T00:55:26.062512
Alex Jones gets Sandy Hook family's Texas verdict reduced on appeal,https://news.google.com/read/CBMitwFBVV95cUxQZWtjTVFvbVNxb3E1bmtTUEo2YkRXS2hGNVdHNVdnMmpwTFZPR1JySGNUMWhNaDRKTmpENjFnTnAybVZlWWNSbGFqSnRxZnZEeENfOW1ORzNnYVY3NkZTNVFsTjNRX0hjWTJBR19ONUQwemhfSTBaOUh2RWhKRWlsdHROSFpieDFkY3VKNnppOHoxU2c5Y0FuUlltbGFqNkkwaXhMYXRaMjRsZDNEV1AybEZ0TEtqVk0,More,4 hours ago,2026-08-21T20:10:06,Reuters Fresh,"https://encrypted-tbn2.gstatic.com/faviconV2?url=https://www.reuters.com&client=NEWS_360&size=96&type=FAVICON&fallback_opts=TYPE,SIZE,URL",2026-08-22T00:55:26.062514
Lawmakers call for investigation into impact of CISA staffing cuts,https://news.google.com/read/CBMiiAFBVV95cUxPTFhsZ3hOMjhrbkxvRmtKTXk2RG5xNGt1MHNFX3dPTUwwNE95XzBnWTZmUHA2ZDJmeWVlNWdNU09KdlJCTC1HZ1NaTjR2bW9lWlI3cnlBRWFRbDNXS3JSSFlaOGlkaWpuSWZaMFFRN3ktclJMcnExM2xfdGNyZ2dkaFBxd2tXSmxu,More,4 hours ago,2026-08-21T20:06:50,The Record,"https://encrypted-tbn0.gstatic.com/faviconV2?url=https://therecord.media&client=NEWS_360&size=96&type=FAVICON&fallback_opts=TYPE,SIZE,URL",2026-08-22T00:55:26.062516
Army Launches Flagship Strategic Capital Initiative with FedEx Dataworks to Modernize Logistics Infrastructure,https://news.google.com/read/CBMi5AFBVV95cUxPaWstVFQ4VHo3Wk1pdUpRYWZJUDg1OXhWdG9uYkwwbnI5b0tvMjhjaFJ6d1drWVAzRGx1TGc4b2draGRpa0NiZGF3NVF6NEVtZ3hyVUF6ZjFic3FwNGYyYTRDNWJGem53QTZHZTMwRGd2RUNUcUxWYTl1WXRUZnNlcjZhMFRTTVp0SnlqY3pGb3hOMW93NnFFdUxMUkdKOUN6MWhGVk1TMlhMVFBPUlM1UWV3R0p1Wl81VXNGR3RQMk9tZnQtS2lMWElXR2tXWmEySm5sbkt6OWJKamNENEFqR1YxUFHSAeQBQVVfeXFMT2lrLVRUOFR6N1pNaXVKUWFmSVA4NTl4VnRvbmJMMG5yOW9LbzI4Y2hSendXa1lQM0RsdUxnOG9na2hkaWtDYmRhdzVRejRFbWd4clVBemYxYnNxcDRmMmE0QzViRnpud0E2R2UzMERndkVDVHFMVmE5dVl0VGZzZXI2YTBUU01adEp5amN6Rm94TjFvdzZxRXVMTFJHSjlDejFoRlZNUzJYTFRQT1JTNVFld0dKdVpfNVVzRkd0UDJPbWZ0LUtpTFhJV0drV1phMkpubG5LejliSmpjRDRBakdWMVBR,More,4 hours ago,2026-08-21T20:06:28,Critical Infrastructure,"https://encrypted-tbn2.gstatic.com/faviconV2?url=https://www.army.mil&client=NEWS_360&size=96&type=FAVICON&fallback_opts=TYPE,SIZE,URL",2026-08-22T00:55:26.062518
"AI In Crypto Crime Rose 40% In A Year, TRM Says",https://news.google.com/read/CBMidkFVX3lxTE4zUDRWLWZuSjhmemR5R0lYYnFhQjlMaGIwbndqdGxiSkg0ZDVEVzlZZEpNNjUzY0hNOVlzeXNhd3dwQkM5ZzlZZ0R5YU9EcnhISTJSb1NFSGZSVjdjZDFtQlpCN2RFbjBvVEltUGUzdGZtLXdZb1E,More,4 hours ago,2026-08-21T20:05:29,DPRK Cyber,"https://encrypted-tbn1.gstatic.com/faviconV2?url=https://blockchainreporter.net&client=NEWS_360&size=96&type=FAVICON&fallback_opts=TYPE,SIZE,URL",2026-08-22T00:55:26.062520
In the Line of Fire: Legal Risks for Tech in Conflict Zones,https://news.google.com/read/CBMinAFBVV95cUxNdTF0MFlCT3RDZUVRRGtXUWRtQXE5bTNHX3otQWpHaXhkZXBBSzExNjBQeGJRVUZFaUtERGtJSDB2MEZGYURzcDRkazNxbHNudTZpYmNNejZJTjlFRzNYY1dEZ3BsWGhjVzhvZVZuRWZHWEFqT1VUZGV3SHJER2pkWU5ZVmxsYjJqcUh1ZDA4M2RZRFp5MkV0SGdwY2Y,More,4 hours ago,2026-08-21T20:01:41,Lawfare,"https://encrypted-tbn3.gstatic.com/faviconV2?url=https://www.lawfaremedia.org&client=NEWS_360&size=96&type=FAVICON&fallback_opts=TYPE,SIZE,URL",2026-08-22T00:55:26.062522
TCU Football Player Cut from Team After Allegedly Assaulting Teammate in Locker Room: Reports,https://news.google.com/read/CBMiVkFVX3lxTE9xLUZmb2lIT3UwaDQ0cG1Fc1dIMV9iNnNIQnBHU0xtUGZiSDdHRi1MYUViS0Q2S1U2U24wR3VYVTNNOEpTR09hdFBETy1iX09SbDVETlZB,More,4 hours ago,2026-08-21T20:01:09,Lazarus,"https://encrypted-tbn2.gstatic.com/faviconV2?url=https://harnesslink.com&client=NEWS_360&size=96&type=FAVICON&fallback_opts=TYPE,SIZE,URL",2026-08-22T00:55:26.062524
Microsoft Confirms Maximum-Severity Entra ID Vulnerability Exploited In Attacks,https://news.google.com/read/CBMimwFBVV95cUxPNk8yeVVQWWtiZEJEaG5LaHpKVVFGUGN1MTdIR29IamxjQ3NEQkhBaE91R3E3V1VER0U2S1NGeXZUa0RTamFJdnNHa2lXcUIxeGc0OENObWZwdDhWN1pON0V3NmxXbEJNb0Y5WktudjN6X3otbkpWWm82d2dnYlJLaHh6bklqNVBOQVlXOURhbU53bjBHTkRub0l6MA,More,4 hours ago,2026-08-21T20:00:02,Microsoft Security,"https://encrypted-tbn2.gstatic.com/faviconV2?url=https://www.linkedin.com&client=NEWS_360&size=96&type=FAVICON&fallback_opts=TYPE,SIZE,URL",2026-08-22T00:55:26.062527
MLB Labor Dispute Drives Record Short Interest in Atlanta Braves Stock,https://news.google.com/read/CBMitgFBVV95cUxQTEtlVWN3QmU2bFF2QzRyZDBJTUliblExZnM3d1JqcjBLN1V3TDI3MXFnaFdfV1Z5Yl9xRDJ4SkViQVhabEpVQVB4a2tuQ2xDV1doS0ZwWDBBVTJpcXJoS1c2Sk1WQ3p2aDNKYklaYjJpbTZPSENmSzBTQTVodndSWDBWUkJPWml6djBXNWJIazI5dkUtNENLQXZmM0puMzlidExXZnp4aG43WXcwZGZIc3NOR1A0Zw,More,4 hours ago,2026-08-21T19:59:55,Bloomberg Fresh,"https://encrypted-tbn1.gstatic.com/faviconV2?url=https://www.bloomberg.com&client=NEWS_360&size=96&type=FAVICON&fallback_opts=TYPE,SIZE,URL",2026-08-22T00:55:26.062529
Minnesota Water System Attacks Prompt NAWC Call For Stronger Cybersecurity Standards,https://news.google.com/read/CBMivgFBVV95cUxPa0pSNFFTdWVuQVBSUTZlOHBQcU00R2tXVV9OU1ZqSlRWWXlCSFpuWjZzdEZOZlh2QkpreEtKQ3pzMXRHZjJLU3h1RTFDYWZNcE1GdkdEYUFnYTVkZHNIS3hFeFlmcUpaRU0yUl81OHNuY0l3XzBBeFFFa3UtQlRSY2VUQU9NOW9oTmh0TzA2QndKRGp6U0hHOVIxUEtNM0ZOODh4VkFhX3o5bEhqV01VMTRmazhweGF1allXRktR,More,4 hours ago,2026-08-21T19:57:47,Cyber Attacks,"https://encrypted-tbn1.gstatic.com/faviconV2?url=https://www.wateronline.com&client=NEWS_360&size=96&type=FAVICON&fallback_opts=TYPE,SIZE,URL",2026-08-22T00:55:26.062531
The $225 Pebble Time 2 is a refreshingly fun smartwatch,https://news.google.com/read/CBMikwFBVV95cUxQTG1uYWRIRlZxNTRrRWFlanppdDFfaUFzVU1tT19ISW1TdnFWSG5GUWlkOC0zMlAzRTNkZXlBZ1dHYUxPd3oyZ2xPZEkxZVhLbUVUd2RpNHdjSEFDYkxLbTFuei1INmx3WmhaVDBYRGpHcFZfMGVPdnB5OHpiZGc2QjI1MXRSTjJad3ZwcklJMXRWbUE,More,4 hours ago,2026-08-21T19:57:46,TechCrunch Fresh,"https://encrypted-tbn1.gstatic.com/faviconV2?url=https://techcrunch.com&client=NEWS_360&size=96&type=FAVICON&fallback_opts=TYPE,SIZE,URL",2026-08-22T00:55:26.062533
"GTA 6 Leaks, The Odyssey Malware, and Water Grid Attacks: This Week in Cybersecurity",https://news.google.com/read/CBMirAFBVV95cUxQSXhxSno1VG1vdzZYUzRZQUlpTzliUEE1UWVsSU43cWYyUC1oT28zTUEyUzN2Uy0tUGRDcXJRU1JiMWxQQ2VoRFVRRVJ4Wnd0R2VFbHZ5akdYM3R5ODVKbEJiSE1zdDhtUWdpRFVjM0hWb01NWmxSRWYydTNhYnNUb2NvSnFLTTlVMnA0dEdvMkVlMTd1WW5ITkIxdWhZQnRDWFhrUHZOdnpnQmlH,More,4 hours ago,2026-08-21T19:57:10,Malware,"https://encrypted-tbn0.gstatic.com/faviconV2?url=https://www.pcmag.com&client=NEWS_360&size=96&type=FAVICON&fallback_opts=TYPE,SIZE,URL",2026-08-22T00:55:26.062535
Giorgia Meloni says ‘I thought it would be easier with Trump’ New York Times reports,https://news.google.com/read/CBMixwFBVV95cUxQQ19lUExMd3JSdEowbmhSMnF0NjNoVVhZZWtjMVFOTE9uTmcyQ21mNlY5STNSWlk2aTVubE5JSnZoZXE3R2JzZ2xxMjZpYXlSTTRoSmdNWHByMmZXM1ZMa2NLT05WU3o3bnVXb25Fal9mSE9ZRDFfbXRNUEtGakdueFNnekNwV1pUY2tjSXphV2Q4MGIyWUtSN2wwazVRV2EwMlFvdjlUUHVzOVlzc3JVT3Z3WmdjbHlKcGdSV3Y1SGdScFNqMUFj,More,5 hours ago,2026-08-21T19:51:42,Euronews Fresh,"https://encrypted-tbn3.gstatic.com/faviconV2?url=https://www.euronews.com&client=NEWS_360&size=96&type=FAVICON&fallback_opts=TYPE,SIZE,URL",2026-08-22T00:55:26.062537
Behind The Iranian Hacking Campaign of Foreign Institutions,https://news.google.com/read/CBMilAFBVV95cUxQcGxMcUlqQlltWl9vTmJxdVhMZFVMY2JNNXA4Yk9qX0JwUTktZ2hwM1Vjcm9MbTUwSkJFQmE0bXprbVpOb01weXNvcm1WaXkyZFdER0FSNXQ1U3d0LUt3c2E1d1NBNFJlOEY5Sm5Mb2N0ZUREVE5aQ25aTGJ1N1BUWDFVejFiR3VLT3FSTmJWV2NucjV4,More,5 hours ago,2026-08-21T19:50:49,Iran Cyber,"https://encrypted-tbn3.gstatic.com/faviconV2?url=https://cybermagazine.com&client=NEWS_360&size=96&type=FAVICON&fallback_opts=TYPE,SIZE,URL",2026-08-22T00:55:26.062539
FIFA plans to form new commercial subsidiary and sell stake - DW,https://news.google.com/read/CBMifkFVX3lxTE45NFBsY2tMZE8xRE1XSDk1YWtEekVlM21SZXZxVElMeEJrTkhLX3ZzTVlkQU45MzhCb0dBZmEzWmZrTWVIdmZVOXd6US1Tc3F4QThXMTBwZ0d5NnhpQkthcVJveHFRZ1hsZTFIUmZ1aU0wOUI1NHdCVXd0Qzl5Z9IBfkFVX3lxTE03dVJONXViMmRhZVVsUEdvOWtDM0ZjeFNCNUJsTVREMzZTZVFhOURyTmhWQl9CVFQ3MURMY2x0LXRnalZFSUUzU0M5T0RtT1FXYS1hQzlia3hMTlItMzlEcERWdzI4RTZrMWhVazhmOHhfNHQ4TkdYOEdGZnVJdw,More,5 hours ago,2026-08-21T19:50:32,Deutsche Welle Fresh,"https://encrypted-tbn1.gstatic.com/faviconV2?url=https://www.dw.com&client=NEWS_360&size=96&type=FAVICON&fallback_opts=TYPE,SIZE,URL",2026-08-22T00:55:26.062541
"Russian double-tap drone strike kills 15 in Ukrainian mall, officials say",https://news.google.com/read/CBMiWkFVX3lxTE5uaGw3MEg2MjVRWGR0NzVOMGVGUDlsMXBicm40UG1pNlVXMUNoMVAtalFkUURoZEdPaDZaZUpiT3pES3R0LXN2ZXNrUFhDUHhIYVZuUVdwQ0dmdw,More,5 hours ago,2026-08-21T19:49:56,BBC Fresh,"https://encrypted-tbn2.gstatic.com/faviconV2?url=https://www.bbc.com&client=NEWS_360&size=96&type=FAVICON&fallback_opts=TYPE,SIZE,URL",2026-08-22T00:55:26.062543
"Central Maine Healthcare hospital patients could be owed up to $5,000 from data breach",https://news.google.com/read/CBMi5wFBVV95cUxNSnUzMHN1MEdBQ0lObXd3TFNaUm9YOFdZMF9SVkd6NHdhSk0wNWt2NU9zUjVnd09iM0lSVEl1ZUtGOUduUVRoOExxbmFaR0I5VDlUS0lMdnlPUUZ3emhGaUZ2OHpCRVFjTmhKQnhOS0lXNnczSU9EbnBzOFg2RjNvN3lqaXJBMlpOVDhpejVfR19kRUwxWTlmVTcteTdfVVBaZ2V6YXNNa1hlYmJ2UW5xWGI1NXRlUWJodHdSaUxtN3VQdmZXYzc1TmZxdjl5VElFTUlxUWZBaTF1aTNIaEpyMGRzX2RPUTQ,More,5 hours ago,2026-08-21T19:49:53,Data Breach,"https://encrypted-tbn1.gstatic.com/faviconV2?url=https://wgme.com&client=NEWS_360&size=96&type=FAVICON&fallback_opts=TYPE,SIZE,URL",2026-08-22T00:55:26.062545
Reports Outline Insurance Study Findings from Southeast University (Modeling and Pricing Cybersecurity Insurance With Information Asymmetry): Insurance,https://news.google.com/read/CBMixwFBVV95cUxQcEowVDltWFh6a1BpS3I0SERweTB1RVVGQTg0eFZZRzlrb2IyODJaX0hUU2NSTVJ0NURnUzFRaHF1TjE1alhzVE4zektvQjZFeXp6RjVIT3ZRQ2tDLTc5X3MyTHJvckdjQTN4TjNaTHI0ZTBsUXQ0R1E1dk5aYm9TM1VpMUxXZzQ3MXR5M3ZtVVEtYWlSYWxaa1l1M09ZNmRrUDhiYklNeG1LX2wzcTlpWlZKYnNubVBWNFFVa1dPakVhdVNDUGd3,More,5 hours ago,2026-08-21T19:45:53,Cybersecurity,"https://encrypted-tbn0.gstatic.com/faviconV2?url=https://federalnewsnetwork.com&client=NEWS_360&size=96&type=FAVICON&fallback_opts=TYPE,SIZE,URL",2026-08-22T00:55:26.062547
Protect County Operations from Email Attacks: Live Webinar Demo,https://news.google.com/read/CBMijAFBVV95cUxOOFNGeUxqX3l3bFJmUS11Tjdtc0VTZlA5eUYtMVRYVGZGMjZhaV9fNDRGR2lveFoxSGdlMHpUT1MwMndWbURaWnRFTktKTFFNZHlsS1BBV3ZLbzUydnQxZ3hWVGU4YWllcjAtVUxDUUNDX0lXZXRQWkpwR0pVZENiclZtbEhKV0YyMUsweQ,More,5 hours ago,2026-08-21T19:45:40,Phishing,"https://encrypted-tbn2.gstatic.com/faviconV2?url=https://www.naco.org&client=NEWS_360&size=96&type=FAVICON&fallback_opts=TYPE,SIZE,URL",2026-08-22T00:55:26.062549
"Nvidia just showed that the harness, not the AI model, is now the real hero",https://news.google.com/read/CBMirAFBVV95cUxNYUhYMWlQcFVnY3ZOSzhwb21sNFEwVlNzS3dJaTl2bHJpYm1sM3g3MHl6S3NoU1Etd2VWakh5b0ZkelB3a2hNNy03akFEN1JybGF5ZTUxcmUzeEw1X1lBd2dqeU5fUWF2NVRHWWpIZXFYTWk1SFhKMlZBY1RoSlRjLWljUE1HMm5xcFN6RkM0NkNYOFlYSTBwWWhReXpXZFVsSVNnOUNIc3dQUlNQ,More,5 hours ago,2026-08-21T19:43:39,TechCrunch Fresh,"https://encrypted-tbn1.gstatic.com/faviconV2?url=https://techcrunch.com&client=NEWS_360&size=96&type=FAVICON&fallback_opts=TYPE,SIZE,URL",2026-08-22T00:55:26.062551
"Marc Lore selling controlling stake of Timberwolves, Lynx to Marc Stad at $4.5B valuation - The Athletic",https://news.google.com/read/CBMikAFBVV95cUxQclZYcGJ3eUt0MTRqV0kxbWJSVzF2ZjVNODBIYlZ6emJVT0xaemstS1lYOXgyd21TTkpvTXZHNGUzUUhzOWJDUWNfcWNLZjBxUEFRVWc0SkQweDJPV1hRam1hd2h5TFVXMUJBRzlGcjNLN2NQR1J0VlV6WkRRVXJMXzg0ZldEU0N4MmxhZTNDdF8,More,5 hours ago,2026-08-21T19:37:41,NYT Fresh,"https://encrypted-tbn2.gstatic.com/faviconV2?url=https://www.nytimes.com&client=NEWS_360&size=96&type=FAVICON&fallback_opts=TYPE,SIZE,URL",2026-08-22T00:55:26.062553
Why these people believe in 'freak' Tadej Pogačar's victories,https://news.google.com/read/CBMilwFBVV95cUxQMnFHT2JOclhCV2ZVdEdNS3pRdWZsbi1RX19haFJyVDZxSWxMS3kyRU1KRDEwYWVUT1VodEktOXM4VnAxZnl3eWt2QTAyZE5NdVlUZkdxLVBnbVhYbDRITW1Bb2lFeVFReW5ZN0t4cU8tU0pmUDZXSFAzWWh3aHJqSjB0eS01enBWa0tBeEI4SC1hV01qX1hr,More,5 hours ago,2026-08-21T19:32:45,ABC Australia Fresh,"https://encrypted-tbn1.gstatic.com/faviconV2?url=https://www.abc.net.au&client=NEWS_360&size=96&type=FAVICON&fallback_opts=TYPE,SIZE,URL",2026-08-22T00:55:26.062555
Motorola’s GrapheneOS phones will launch in 2027 priced higher than Pixels,https://news.google.com/read/CBMitAFBVV95cUxQVzc3UDhldWc2RFo5U3F4bjdvd1U2a01XdmxybF84ZU52QmZSZzlYNThFaHkteFpJUlRQU3Z6NXFTZ2NwdjlNdFBDTUt4RUdkUlFiVG1aQ0VPSEZGQ1dVOTJUX1pKeE5Cby1JZlRzbm1fSm1JbUx2d05tYUpFMzVVOGkya1FDWnB0QUFZaVdfYVZDTEtXYlllZGlocTVnMmE2ck5hd0dXSW5Ock1GSkQ0cUkzWHU,More,5 hours ago,2026-08-21T19:32:29,Ars Technica Fresh,"https://encrypted-tbn0.gstatic.com/faviconV2?url=https://arstechnica.com&client=NEWS_360&size=96&type=FAVICON&fallback_opts=TYPE,SIZE,URL",2026-08-22T00:55:26.062557
Senior Customer Experience Manager (West),https://news.google.com/read/CBMiiAFBVV95cUxQZlRMOFBsX1ZXWXF6MUFic0pUdDFCdERPYldnOVNJNUthT18xRWlYSzVmQ3p4M19lRGdxSjY4b3VmaEdMcVRkeDJqVnVOWlpDdkwyS2dMVVVtNkZ1aGtGOWNlNnpfLWFRejFpQTBubW1ueU1oZGcyMnVKMGRkaGlVWG5xeUJxV0Fk,More,5 hours ago,2026-08-21T19:22:50,Wiz,"https://encrypted-tbn2.gstatic.com/faviconV2?url=https://www.wiz.io&client=NEWS_360&size=96&type=FAVICON&fallback_opts=TYPE,SIZE,URL",2026-08-22T00:55:26.062559
"CRM (Cyber Risk Management) as a Service by Algoritha Security: One Integrated Ecosystem for Cyber Risk, Resilience & Response",https://news.google.com/read/CBMi0gFBVV95cUxNcTRremVZOVJpRVZkdG1Ickg4bXFIOG01cVlWbFVIeV9FVGZNYXo1ejlOOTE4NXVQc3RMVl9mZERNX3d3N1hySm5FRHR6b3RZc3hld0lXWTQ0NjlNU2VtVkV4VkIxMzMwNGRUbkJWc0dhVG8wZjVlTDdUQmFXdnBrODNPWXJjNDg2YlczQ193bUV5NUpHTWhzS1JZa2hhT1RiYmdPc0NHeDF1Ymc4Z1BTNUFJRm9VUk5ENGZkOVllUmtqU2VVQ1I5bWg3VVJlTHQ2Znc,More,5 hours ago,2026-08-21T19:22:33,AI Security,"https://encrypted-tbn1.gstatic.com/faviconV2?url=https://www.paloaltonetworks.com&client=NEWS_360&size=96&type=FAVICON&fallback_opts=TYPE,SIZE,URL",2026-08-22T00:55:26.062561
Jones becomes third Englishman to join Inter this summer,https://news.google.com/read/CBMipgFBVV95cUxNTy1nbDZSdk81TzBvd1JJX1ZPbFphZ2lOczBrbzdaZ3lvbmtpUUFVSG5vWTVCalVTY0MyZ1I5WXZIcmF4SzV6OUU1ekRzYkJtREMtTGhaemozMkRiTUo4T0sycmIzWTViNWs1UUNfdi1JWmk4X3MySnB6N2Juc0xacTBTQ2tOYUNjVXJuZnV1UHFXTkRqYndOZXNKNW00UFo3aWVYaElB,More,5 hours ago,2026-08-21T19:19:10,France24 Fresh,"https://encrypted-tbn2.gstatic.com/faviconV2?url=https://www.france24.com&client=NEWS_360&size=96&type=FAVICON&fallback_opts=TYPE,SIZE,URL",2026-08-22T00:55:26.062563
Apollo discloses data breach from ongoing wave of attacks hitting financial sector,https://news.google.com/read/CBMihAFBVV95cUxOZDZhQ1p6Tm9POHRDNGY4SU1hc2FvWUFIb05MSWo1NmNFVmpPUU55SUF1QnBQbmxHaGRJWHpYMGM5cXQtc2RkR1BNb2xoQTdnY096LW1Ta3dsUlFPaXpHM0hfSzB4YmE5WTlzNEh5a0dwSDZNVkN5aWF5eWdRWTVlOHhSTTE,More,5 hours ago,2026-08-21T19:16:32,CyberScoop,"https://encrypted-tbn2.gstatic.com/faviconV2?url=https://cyberscoop.com&client=NEWS_360&size=96&type=FAVICON&fallback_opts=TYPE,SIZE,URL",2026-08-22T00:55:26.062565
Water Systems in Seven States Hacked,https://news.google.com/read/CBMidkFVX3lxTE5jbkptOUdPV3JMQnA5eURBY0RIYmZUWEg1ckkwbXdMbVRnTjhtSkdNUmExd3RabzR6RnlLeElHYXg0MmlsVVVYdHoxbVJwVGtYRVBNMkRNQ1IzTG03cjNkTjkxX0cxTHZVbzdiamkxRW8yM2k5Tnc,More,5 hours ago,2026-08-21T19:08:55,Volt Typhoon,"https://encrypted-tbn0.gstatic.com/faviconV2?url=https://thenewamerican.com&client=NEWS_360&size=96&type=FAVICON&fallback_opts=TYPE,SIZE,URL",2026-08-22T00:55:26.062567
Nomura Ends Japan Crypto Registration Drought: First New Exchange in Four Years,https://news.google.com/read/CBMiygFBVV95cUxNdGdicnd5ekNvY0NIazAyR0ZQeWx6M0ZzVU5HOGRtQThBeFdUMkJ4Q0QwQUQ3WUZWXzhHTHVzOGltcEtmdlRoNENqNmYxTHdkTkpWeVR0RUtKYXJLUzBSYUMzeUY4NFJaZWxOeUxnZHZManJuSW9PcUhWaF9qRFJOeFZzdi0waFJ6LUhYcXpIQXlsZ2ZSTWgwR1o3dkNQa3phOXdDenFMY09Sb1U0SFFveHN0SlJ2QXZIdVByRk5nUU1mUVBmaVpNNlN3,More,5 hours ago,2026-08-21T19:06:49,Lazarus,"https://encrypted-tbn0.gstatic.com/faviconV2?url=https://www.techtimes.com&client=NEWS_360&size=96&type=FAVICON&fallback_opts=TYPE,SIZE,URL",2026-08-22T00:55:26.062569
"Espanyol vs Real Madrid: La Liga – prediction, lineups, teams",https://news.google.com/read/CBMioAFBVV95cUxOVUwwSk1ZaXRSSTJvNWd6N0xFY0xzdTEzMVlHeFBManIxbGl6aVM2RjJaNE9oWjlZbzVJajh3YkpwV0x4SWw1cG85ODhNZFpRNlg0ejQ1WThXTmFDNUtuU3A4ZGtPTVNwdVpocV9nel94YTJNZlVQdUR3RllKeGc3b1lfekwyVmJCWkYyeW5DSGdfelpIRXF5aGx2ZWRyZDVU0gGmAUFVX3lxTFAtVk5NOTIyd3R4XzZ4ODd1cXlVN0hRMTRweEFJOWdzbEQ0M19wQllRYVZlblM1WE14Q0pkcXpzaFBZM2VJVHRTdzAxUVFvWk5NV2M4QUVMaXNvdGZ5ZFpXYWJVTXBIVFZCRk53WnRNX21HUllRcnBWZkdvSDNBcl95a3BVbFdLTU5QUm1ubm1QZUZBeGFTSFlNdlEwTWNNVGxCS0pmSWc,More,5 hours ago,2026-08-21T19:01:54,Al Jazeera Fresh,"https://encrypted-tbn0.gstatic.com/faviconV2?url=https://www.aljazeera.com&client=NEWS_360&size=96&type=FAVICON&fallback_opts=TYPE,SIZE,URL",2026-08-22T00:55:26.062571
Trump Says Controversial US Attorney Ed Martin to Leave Role,https://news.google.com/read/CBMisAFBVV95cUxQeEgtX0ZydGFpaF9UX0ROZ2NWVnltcGNzckFvSEFNeTluUk9DelR1V2swalR3TndESE1RTU0ta2t2Q0t2MGc4VnpZR2toRlhRZm1zVjNpUkZFMmZNUVRhOGZycDhwVEdsR2lrMUdrZE80czVyc0NmU1FTZkVoSTRGTE02UjllRXRna2VDZkcya2RPQW96aXVVRkNqVFZtY0prQ2JrRUJDdFk0S3ZLSzZUSw,More,5 hours ago,2026-08-21T19:00:35,Bloomberg Fresh,"https://encrypted-tbn1.gstatic.com/faviconV2?url=https://www.bloomberg.com&client=NEWS_360&size=96&type=FAVICON&fallback_opts=TYPE,SIZE,URL",2026-08-22T00:55:26.062573
A man was arrested at Brisbane Airport in connection with the seizure of 2.78 tonnes of cocaine and 142kg of methamphetamine.,https://news.google.com/read/CBMirAFBVV95cUxNSHRpQWZyaUkzd2IxRTg5UnMzVWlQQ1JoOFN5UVBqdk5JTUFPdThhXzJDXzIwMjZZYkc0Q19BOUY4ZTM0Q0U4X2U3VGYxOUJaZlBGeUd2ZGQ0U2lZYUE4X0o3OVZna0hkeG5yU3I2RzUyZzdlQTdoUkItcGQzTHpDblgxNkd5V1EtVEd3QURpWUxQTGJqMXNJRjQzZ21Zd0dkV2dwMmgxWHg5R21m,More,5 hours ago,2026-08-21T19:00:00,ABC Australia Fresh,"https://encrypted-tbn1.gstatic.com/faviconV2?url=https://www.abc.net.au&client=NEWS_360&size=96&type=FAVICON&fallback_opts=TYPE,SIZE,URL",2026-08-22T00:55:26.062575
The Iran war is testing a depleted Treasury,https://news.google.com/read/CBMiiAFBVV95cUxOSUhhNjhMLU1CX3U2VGZOY2h6Y2VQSjRnU1JKVVFtMUlhUFBmOGg5Wng5Rkd0NENvaDc4ZmJ2VUM0ZG5tbS1TTktlb0hvM3ZLQzlRNzQ2b3RkQ09GakFWMWViVmNoWk5lNTA4NmNBYmFVMW1LR056YUNRLTNaV3BXNE5IdTBhVDg3,More,5 hours ago,2026-08-21T18:59:00,Politico Fresh,"https://encrypted-tbn1.gstatic.com/faviconV2?url=https://www.politico.com&client=NEWS_360&size=96&type=FAVICON&fallback_opts=TYPE,SIZE,URL",2026-08-22T00:55:26.062577
"AnMed CEO speaks out on cyberattack, potential patient data exposure",https://news.google.com/read/CBMivAFBVV95cUxPd0c2Z1NaVms3Q19RZFdEaGV2aXJ6cjZCTjBNNE9vVVg0N3JhdU1OR0ZvMXF5ZnJvV0dMRG82bDFKeXhyOWpvbVR5Wm50QWRVTXBQVlRXcnNvejlNVDVTN3c4MFNXa3RmZXQwZzRKVFBMS2xsZ1ZiMC1fTnpHTDRRcUJBaXo1bjFMZW9zSzc1UTNKZmYta0Z6MHp2NlctRTlsTW5aWFdQbWZvajdZdDlWZWNaNm41bHB5c3JmMw,More,5 hours ago,2026-08-21T18:59:00,Cyber Attacks,"https://encrypted-tbn2.gstatic.com/faviconV2?url=https://www.independentmail.com&client=NEWS_360&size=96&type=FAVICON&fallback_opts=TYPE,SIZE,URL",2026-08-22T00:55:26.062579
"Apple Cuts Jobs in Siri, Vision Pro Immersive Video and Gaming Teams",https://news.google.com/read/CBMiugFBVV95cUxQOEY0T0xmU2N1UmtxZHFIaXRVb2Q1bmhiaG1KR1RyYlBRTjZ3TnN3ZWlLZjFvTDNrMnJIYS1qcnU4ak0zMk5lUDV3T1NaRUVyZ2tRUktYODVTSnBUOG1vZEV5MkRKeFowdjhjTlp0Vm0wbkhKUzlOVEVlUjFZTkc4ZG84Q2I4RVliZEx6UUtWWnQ0LTdYYWlpZ3Y2RVRIbnVuVmRfNzFLM2JsOEhmYzJqU0RVeDBKdmloakE,More,6 hours ago,2026-08-21T18:45:32,Bloomberg Fresh,"https://encrypted-tbn1.gstatic.com/faviconV2?url=https://www.bloomberg.com&client=NEWS_360&size=96&type=FAVICON&fallback_opts=TYPE,SIZE,URL",2026-08-22T00:55:26.062581
Nearly Half of UK Businesses Experiencing Cyber Security Breaches: Experts Reveal How to Avoid Becoming a Victim,https://news.google.com/read/CBMixgFBVV95cUxOZ3E4U0t3bEtiOXhRQ1dRNWJ1RHgxdjQ5d1BOcFNBQldDUmNNeVlNdUpqSGFDTE1jeW1vVGQwa25qSkFGUDBfdFNYUVN2RDVRWU1CU0F3YzVhNEgwYkFDVzVTaE1iZFhaeXd1blhMSEl2RzZTSFA0TW44dURTdHVueFU0Wk9lSTFTTk5fSnlQYTAtSF9sTlNRRWtpSVJBbkFTTUp5UTBDTV9WUnFnZzZESHVMV3JqYW5kUnhpWEJiVnVqS1JMTHc,More,6 hours ago,2026-08-21T18:45:05,Phishing,"https://encrypted-tbn1.gstatic.com/faviconV2?url=https://redmondmag.com&client=NEWS_360&size=96&type=FAVICON&fallback_opts=TYPE,SIZE,URL",2026-08-22T00:55:26.062585
Rockstar Rattled As ‘Grand Theft Auto VI’ Leaks Again,https://news.google.com/read/CBMiqAFBVV95cUxPWUp2b3REQlpjNXpfTVFzeTd1MGhQX3dSQjN2NjhzUm9DbHlZazFhN1FvMEJKdVZLd01yWjNXVHYzVEZFcWZCVDVNSUtXQ003QTlzTTZOUExKY1lYUUZOY3JkaWVSNkRjSmNPX2dlSXFFREpBd1RiampydWhGMTFWUXN2OHdUVmtCcVVCZlBoNWgzWjhfLWxtTmxXbGZhSFpLNEs4NXhmVDk,More,6 hours ago,2026-08-21T18:43:47,Bloomberg Fresh,"https://encrypted-tbn1.gstatic.com/faviconV2?url=https://www.bloomberg.com&client=NEWS_360&size=96&type=FAVICON&fallback_opts=TYPE,SIZE,URL",2026-08-22T00:55:26.062587
Supreme Court lets Trump’s White House ballroom construction proceed,https://news.google.com/read/CBMilAFBVV95cUxNcnAtOUdMeWdOWjB3N3k2M2xhYUJxVTJXODFpY1ljeFAxM1kwZm5LUGdpQmVlYVROQWU5UVdmaHptcGlpRUt6UEZ2MVhNM3ZoUW1mcV80U3NNX2FmR0QyM09ielBXQ3BSbVVLbGN3c2k0cVN6ZElnMjVrenU2QURwSTBXY0tvUWNqQm9kYjZodzB4c1RK,More,6 hours ago,2026-08-21T18:41:00,Politico Fresh,"https://encrypted-tbn1.gstatic.com/faviconV2?url=https://www.politico.com&client=NEWS_360&size=96&type=FAVICON&fallback_opts=TYPE,SIZE,URL",2026-08-22T00:55:26.062589
Hackers Target Popular arrayref Rust Crate in Supply-Chain Attack,https://news.google.com/read/CBMijgFBVV95cUxQN19PdVBWcWtHRHpidmd1bTgtX00teXdsOXZXUWwyLUE2dlpyMEg5OVotTk9uVVpoWUtKaDlSVkJ6S0JGbTZDaEJEYW9EUHVzbEk0a1lfaWlTV3VockpTbWhDcVVoTVhjRFFUdC1VaHk1Ri1jYWV2dWtERldjU181RzVKcHZrdE5iWmFrV21B,More,6 hours ago,2026-08-21T18:31:47,North Korea Cyber,"https://encrypted-tbn0.gstatic.com/faviconV2?url=https://devops.com&client=NEWS_360&size=96&type=FAVICON&fallback_opts=TYPE,SIZE,URL",2026-08-22T00:55:26.062591
"Meghan in talks for role in Netflix series The Gentlemen, BBC understands",https://news.google.com/read/CBMiWkFVX3lxTE05R1RMNUh5YjlxOTcwQ2o3Q3Y4OFFqd3hLMlFNc3hUTmpVdkxaYWNPN0F1bVV5Nm5mMG9uNUJDUVAtQzJiQXVaTF95MXREV3phZng2VnR5LS1OQQ,More,6 hours ago,2026-08-21T18:29:31,BBC Fresh,"https://encrypted-tbn2.gstatic.com/faviconV2?url=https://www.bbc.com&client=NEWS_360&size=96&type=FAVICON&fallback_opts=TYPE,SIZE,URL",2026-08-22T00:55:26.062593
Ransomware Keeps Your Hours,https://news.google.com/read/CBMiZkFVX3lxTE1vNWRhRUs4UWp2QVFYVWxVVS0tbVBEVjRtZzc3YXdtUHBlUTZGRjZVZElZWE9JTEFrdDlIN2x5WnFzWDRwdXdCamJRd1F4UERXdTdaZDdZSXphRXNFTTNmQWR5Tk5KQQ,More,6 hours ago,2026-08-21T18:18:54,Ransomware,"https://encrypted-tbn2.gstatic.com/faviconV2?url=https://www.halcyon.ai&client=NEWS_360&size=96&type=FAVICON&fallback_opts=TYPE,SIZE,URL",2026-08-22T00:55:26.062595
Tesla’s solar roof is dead — here’s what went wrong,https://news.google.com/read/CBMiigFBVV95cUxNTTJIMW9sUUR3UE5wWWZhVmtud2ZzcXdGMmxBcFVKdWRoTzNzNlpOdFlURkptZE55TlF3RkU1S0FPaXFNWXNkWm91dS1rcGg1dW12WE1UR0p1X1VCMUt0QjRoemNJTmhFT251NDdXbUM4d05wMi03b2xFMG02MUxqcnJxZ0ZwZEVNRFE,More,6 hours ago,2026-08-21T18:09:53,TechCrunch Fresh,"https://encrypted-tbn1.gstatic.com/faviconV2?url=https://techcrunch.com&client=NEWS_360&size=96&type=FAVICON&fallback_opts=TYPE,SIZE,URL",2026-08-22T00:55:26.062597
Chinese regulators tell Tesla to fix nearly 3 million cars,https://news.google.com/read/CBMinAFBVV95cUxQY3NkVkdJUWl1OW5aeUFUcERwTVl4OVN0NElBRmMtbVdBQms4Nl9DbkU5djd1aDZNZDNjWXRnSUNlRUtjWHkzSk5kcXkwV3hSWVNUWTVzbFdnVEgzZHlWendFcGsyQ3JzS01RT29ESE1ONVA5UFZ6LTNWMWI5bEp4YmxtQjBwYU02RmJUSGl4ZklXTnQ0d203MTNJWVk,More,6 hours ago,2026-08-21T18:07:15,Ars Technica Fresh,"https://encrypted-tbn0.gstatic.com/faviconV2?url=https://arstechnica.com&client=NEWS_360&size=96&type=FAVICON&fallback_opts=TYPE,SIZE,URL",2026-08-22T00:55:26.062599
‘Grand Theft Auto VI’ Leaks Prompt Subpoenas Against Microsoft And Discord,https://news.google.com/read/CBMi2AFBVV95cUxOZU0tQzJpZnljNjhadU1EUnlIZ1g0U0dNbnZwZ2RLZ2ZqMUp6RUcyWS1Uc1BidVNLZEJ6SGlTQkpVd1JQTXpxeVM0ZEY1Y25Lc0RCMjlvVmd0OXVKZHJ4RnR1bW9ybmJDUk4xS0lEQURYR2lJSWdmclFpMGNhSFl2VHdtcmJITFV0V2dselFtNmlPdHg4VWNISG1YNXdtanRzcy1UWWtkMjRBa3lJaUQ5Skk4aENIVnJjY0ZUMjZ6UzFFUk5MZ2dTMWhSMy1HNk9VZkxHNmFXVW8,More,6 hours ago,2026-08-21T18:07:13,Forbes Cyber,"https://encrypted-tbn2.gstatic.com/faviconV2?url=https://www.forbes.com&client=NEWS_360&size=96&type=FAVICON&fallback_opts=TYPE,SIZE,URL",2026-08-22T00:55:26.062601
Eye on Africa - Search continues after deadly mine collapse on Cameroon-Central African Republic border,https://news.google.com/read/CBMi3wFBVV95cUxOajJkRmMyTGdhYmE0MHdlOV94WGtGQlNrbVdhUEtHdjlfRFNFWThfOUwzNmlUVEJiSTdRcTRaR2JacndOcDFDN0NqZUR5b3g2ZndfemhqcGdfS0JVRDJLSUU0a3NKd203XzFfbGNYYlJIVVZoTHlqTHJoZkYyTGptNVdGNlo4bGJxSkRNZXJycUNvLXFvMjY3d0F6Q1BYU1FYUEJVLUNUZjZyRm5KVWV2SEMtSG5pSDZKQW5ISnlndFBBSE9zN0V5UGlqSlA4Yk14RU53UEdvME1EOEF4dmxJ,More,6 hours ago,2026-08-21T18:04:40,France24 Fresh,"https://encrypted-tbn2.gstatic.com/faviconV2?url=https://www.france24.com&client=NEWS_360&size=96&type=FAVICON&fallback_opts=TYPE,SIZE,URL",2026-08-22T00:55:26.062603
The new frontier of Japan’s rearmament is cyberspace,https://news.google.com/read/CBMiwAFBVV95cUxOWm1nSGgxOEh3aEJxMG1kVkNIRDBJa1BJbEJKYkh1cHd4T3pGb3JGa0t4ZkxfYW05VFE4OE9NZFdEQW85QWJEeUVMUU85TnlqVUVVSklhYzFzdzM0TXBsX0RycnUxTFR2NElGR0NQWjBkdDlfUzAwUnAxaHEtOXNBWmo1MzBubUlBRmhobFI2aEVRUE1hWENmZ29PeDZTWlZJNE9MQXJzMzR4eDhSbGQ1VkRlTXJjSGxNMDBUVzNUMGTSAcABQVVfeXFMTlptZ0hoMThId2hCcTBtZFZDSEQwSWtQSWxCSmJIdXB3eE96Rm9yRmtLeGZMX2FtOVRRODhPTWRXREFvOUFiRHlFTFFPOU55alVFVUpJYWMxc3czNE1wbF9EcnJ1MUxUdjRJRkdDUFowZHQ5X1MwMFJwMWhxLTlzQVpqNTMwbm1JQUZoaGxSNmhFUVBNYVhDZmdvT3g2U1pWSTRPTEFyczM0eHg4UmxkNVZEZU1yY0hsTTAwVFczVDBk,More,6 hours ago,2026-08-21T18:04:06,China Cyber,"https://encrypted-tbn0.gstatic.com/faviconV2?url=https://english.elpais.com&client=NEWS_360&size=96&type=FAVICON&fallback_opts=TYPE,SIZE,URL",2026-08-22T00:55:26.062606
The Criminals Have AI. Does Your Family Have a Plan?,https://news.google.com/read/CBMijwFBVV95cUxNWnJra1R5X2IwZHRkR1l0VHh4Vk5MNlRzQWxwRDh6ZDRuUGZBMTQ1T0xhZExQbjNvZ3VkajB5UVVub2JTUXFWc3RrdHVBb20xaFNtNUNMOUVEeWt0eFJuaUtIRVE4cmlQSmt1TlFBUVhmNmtTY1MyRW1RQ2s1MTk3RWhHX002ZVVDQl9tNFVGcw,More,6 hours ago,2026-08-21T18:02:02,Zero Days,"https://encrypted-tbn0.gstatic.com/faviconV2?url=https://washingtonstand.com&client=NEWS_360&size=96&type=FAVICON&fallback_opts=TYPE,SIZE,URL",2026-08-22T00:55:26.062608
New SynkLoader malware pushed in Microsoft Teams phishing campaign,https://news.google.com/read/CBMitAFBVV95cUxQeVl0NlZFRzkzcnlXb2I0MnZZNWIxQl9zeTQ1azJHcDh6V1o5OVFoak9EMVZsRU9ZYVhUaEVvcDlNbVVNV1RQYVBIZXlpalZoWV9CcTRFX2FXcUdJRzF6Szk3TnJQUUllQm1BcWRwajUxWlhLaXlIYlg3Y3ROamtGOXhCa0FZWE83eDBHbmF1WUFEVzVPbVZoRFpHNnJFdXJRbGs2ODljVTFfcWc4ZWxfZmFVMmLSAboBQVVfeXFMT2ZEQ2ExckJUemV0dEFZOFBkRXNaRWRkNDFlU3hpdkVON2FjeEFGQUJHTjFvbmgzV0stSWpzMXpCYWhib2VkN3M2VE5UcXY0R3BIQkh3UGhnSmpTOGFQQ29fc3daNDdidWFrOEVWTGlQT1RYdC1fRGZxNm5hZDc5d05aTlMzMU1hSlduTTNxekY1c2ZJSkM1Rk5xV2xfanZVS3V1TkgwUE9CbGpWMXBJMjFkTk1sZTUtc1B3,More,6 hours ago,2026-08-21T18:01:30,Bleeping Computer,"https://encrypted-tbn0.gstatic.com/faviconV2?url=https://www.bleepingcomputer.com&client=NEWS_360&size=96&type=FAVICON&fallback_opts=TYPE,SIZE,URL",2026-08-22T00:55:26.062610
Who Needs Drones? The US Army Is Going ‘Back to Basics’,https://news.google.com/read/CBMimgFBVV95cUxNSl9HeVBiWWU0Yk90aEU4U21JWG9PT1B6am0tMUxMQXZVUGFjRVhrQ0ZLSnRkdktMdE1nRzhOVzdGeGM0bnByTWlQalh4YnRKd3lRYWI2MmEtcGFyMTV5UXd3cTFIOFlmblI4dHNPczZxczgyWjBYanRBQmtzSWtWcWQydTM1Zi1MUV9XOEs5ZUtUQ1FWX2dlcHNn,More,6 hours ago,2026-08-21T18:00:41,National Interest,"https://encrypted-tbn0.gstatic.com/faviconV2?url=https://nationalinterest.org&client=NEWS_360&size=96&type=FAVICON&fallback_opts=TYPE,SIZE,URL",2026-08-22T00:55:26.062612
Ukraine war latest: Ukrainian drones set Russia's Perm oil refinery ablaze,https://news.google.com/read/CBMipAFBVV95cUxPNUN3YzNLcW1pR1pyRmZHTEJQQTNGY2NvdGNVc1NKSVRLZVpydENSbm90dTNQdU82c0RydlBNR25aMXVZcl9FNzNvNDh3SFhtMzgwbDBhdUZUckR3Tk9Idk9Oc3BhN1FBMTdBVUpIMmk4U09uTk9lVDhrNXFkMDJKSG8wRXdoNk5tUTNxa09xNU9PamFaWTl4ZkQ2MklxYnFHZGlFZQ,More,6 hours ago,2026-08-21T18:00:01,Kyiv Independent Fresh,"https://encrypted-tbn2.gstatic.com/faviconV2?url=https://kyivindependent.com&client=NEWS_360&size=96&type=FAVICON&fallback_opts=TYPE,SIZE,URL",2026-08-22T00:55:26.062614
"Anxiety over war, wildfires and cyber-attacks leads to growth in cash stocks in EU",https://news.google.com/read/CBMixgFBVV95cUxQb0k0MDA4RklWeXBwUVZPcFpMWEFIUlJIQnczd1o1RWx2Q1FsSzVNNnc0bGNlanhaeG91UWV6OXlFX2VqbFFQTE9UZ1FSUU82eWNvcm85bGdfQ0VVR0tvR0FVbERDU0dWZW5rWFE3alFZQTVIOXdCbWZma2lCWjJLNjdIcWxjZE16M2pXY0UzcWRNVjNEOExQSkRROWJuN0NXWkRWUzVwNXBrTXJqbWRxOHVvZmR0SUliUVNOdjFOX1JveE5ueVE,More,6 hours ago,2026-08-21T17:59:00,Cyber,"https://encrypted-tbn0.gstatic.com/faviconV2?url=https://www.theguardian.com&client=NEWS_360&size=96&type=FAVICON&fallback_opts=TYPE,SIZE,URL",2026-08-22T00:55:26.062616
Post-Quantum Readiness for Swiss Financial Institutions: FINMA's Mid-2027 Deadline,https://news.google.com/read/CBMiwgFBVV95cUxNQlQxVWJBV0l2alZJWkFhdG9RbDFza3ZKOUdKQmxrazNIeXh1Vkxwa29ORFBWeEFVbkNuNGtyalh1OXRnMlNwbTVjc0dDa1dFU1RQNURPdXEySE12WE44NHNCUVN4Zm5YaHRXRnV1TEp5WTgxVmNNM2dHb1B0OC04MEplTnc2X1huOTlDZUo0YWhIUUZjV3N2b3VuQ0J6c2pseGNneTNCQTRXZU5PNDhSNmdBWDJqQkU1TGFlR3dzUUdGZw,More,6 hours ago,2026-08-21T17:57:14,Quantum Threats,"https://encrypted-tbn1.gstatic.com/faviconV2?url=https://www.deloitte.com&client=NEWS_360&size=96&type=FAVICON&fallback_opts=TYPE,SIZE,URL",2026-08-22T00:55:26.062618
Opinion: North Carolina’s biggest threat,https://news.google.com/read/CBMijAFBVV95cUxNTXNFaDlFbEllMHdWb0NiQ21SS1piVEJNd0lzUi1nN3k5djNuMVpYZlFBa08xZDN2T3NHR092UFUzUlI5dGk5aDdlcHhlSDNUZ2ZnZExwX1JJSjhpMUwxYU5ldkJBTU9OM1hDa2k4OXRURzNXZmV0Wjh3bkRsX2NNRkJFdG9OWXZVTTBNbQ,More,6 hours ago,2026-08-21T17:57:05,Phishing,"https://encrypted-tbn0.gstatic.com/faviconV2?url=https://www.wilsontimes.com&client=NEWS_360&size=96&type=FAVICON&fallback_opts=TYPE,SIZE,URL",2026-08-22T00:55:26.062620
ABC Local Station Move Draws FCC Scrutiny,https://news.google.com/read/CBMijgFBVV95cUxQNmNhY1hMMW1JN19mZlQtSWItNF9tbW9BUlJ0S1NZY1VyMnlVUGdRSkFXU3ZrSU1UbG1kR3piMmI1S1h0ajZGclZyU1VvNkNDdFFYU1ZLRndwZnV1WEJZMjdWZFltSnQ2aWVva1UzWGZjN19ValB3bUU5OEFiNGFydGt0T0tjbWFVMjlnYkpB,More,6 hours ago,2026-08-21T17:57:00,WSJ Fresh,"https://encrypted-tbn1.gstatic.com/faviconV2?url=https://www.wsj.com&client=NEWS_360&size=96&type=FAVICON&fallback_opts=TYPE,SIZE,URL",2026-08-22T00:55:26.062622
Cyberattacks have plagued the medtech industry in 2026,https://news.google.com/read/CBMimwFBVV95cUxOVEJUTjM0SmdlOW9xblhwNGNBeTdrejRaeVpEelVRcmFZOHRENkhXY0oxcVJzQllZNTRDdFFWNzNpTWJGdURVNkVWbDFEaExtVVltWUlHSzBGNHNJdG9nZF96V0NUMG45SkhfeDREbHFpa2prRmRkaG9MNnNDN256Q1Ztc3ZIRWNIa0ZfWTJKcnBoME5tcS1kQzlPSQ,More,7 hours ago,2026-08-21T17:54:36,Healthcare Security,"https://encrypted-tbn2.gstatic.com/faviconV2?url=https://www.medtechdive.com&client=NEWS_360&size=96&type=FAVICON&fallback_opts=TYPE,SIZE,URL",2026-08-22T00:55:26.062624
More Incidents of AIs Going Rogue in Cybersecurity Challenges,https://news.google.com/read/CBMikgFBVV95cUxQZldGSC1ZTGdWdDBDU0lteTRnV211cGJXLVBHT2hlQjNLZThielBXb0ZfZ2N5dE85d29GVERoei1WSnF4eDJCZEhRdUR1eDYzSkplZ29KdjNaRFFCNVlMc1d1ei1Kb3JEMUdIa3VMdVhxVm9ucE92MC1FRjRHWVd1NnFVMkNLRExqbGVmNXM0TTN2dw,More,7 hours ago,2026-08-21T17:51:00,Schneier on Security,"https://encrypted-tbn2.gstatic.com/faviconV2?url=https://www.schneier.com&client=NEWS_360&size=96&type=FAVICON&fallback_opts=TYPE,SIZE,URL",2026-08-22T00:55:26.062625
"Ukraine and Israel are fighting different wars, but face the same dangerous reality - opinion",https://news.google.com/read/CBMiV0FVX3lxTE0zMXozMjhsOThwYjJFN3M2eEdTcDc0dG5PMVBqOVkwT2FVMy1OVDJrU2FHVlg3ZU56dzJ1ejdGSzVmUDlEUVlhVkhRUWowaFM1Sm9pVWRBZw,More,7 hours ago,2026-08-21T17:50:31,Russia Cyber,"https://encrypted-tbn2.gstatic.com/faviconV2?url=https://www.jpost.com&client=NEWS_360&size=96&type=FAVICON&fallback_opts=TYPE,SIZE,URL",2026-08-22T00:55:26.062627
Joby Warrick resurrects Carlos the Jackal,https://news.google.com/read/CBMiigFBVV95cUxQc0x1UEs4aHFNZmp0S3MxRzlyTHJNT184eHE2T1NZTEJBbmpSVjA4V081Wk10U0VVc1JKbG8ybnVGVDVzLU55X0t4ZkR3OE9hVEpJQTFtQVhOeUFSMHpidHAtWTROeHVHSllBNEpibkRWdU1nOE9FSk9EZExtdjFHTWFIX2Q2S2EwZGc,More,7 hours ago,2026-08-21T17:45:20,FDD,"https://encrypted-tbn2.gstatic.com/faviconV2?url=https://www.fdd.org&client=NEWS_360&size=96&type=FAVICON&fallback_opts=TYPE,SIZE,URL",2026-08-22T00:55:26.062630
$475K Total Vision data breach class action settlement,https://news.google.com/read/CBMixgFBVV95cUxPZGhac0pUN3hsOHNOamN3ZjdjWGxJYVVLZ0RIeTBoTUxYUHVzXzk1aUxlRWJhd2gyaVJHM04wSVJaeTRwc0JTOTRVR3FMNU00dzNnQ2tPY2V6MDdYb3BGZW5oWXpjMTEwQlllaXFXOVliVUVGZUs5VTNaMXJDeVdOdjRESTd5NHV0ZkpoV1RsM0UxM3lEZTZUTzEyTzRqVEQ4RVp3N00wMTdLclFLMl9sZHJxeWpqUmhSNUltcWxhTU1uWnFUa2c,More,7 hours ago,2026-08-21T17:40:26,Data Breach,"https://encrypted-tbn0.gstatic.com/faviconV2?url=https://topclassactions.com&client=NEWS_360&size=96&type=FAVICON&fallback_opts=TYPE,SIZE,URL",2026-08-22T00:55:26.062632
Turn AEGIS Controls Into An Agentic AI Security Stack,https://news.google.com/read/CBMijwFBVV95cUxOVEVjS1J3TDVaNXRSalZUdG5JZmNSOEZ5RjdRSVRzb1VRY0ZLYnYwa1VqeDBTbzNzLS1hYWxsQ2hlNnVEa1VOMS1SMDBlTnpkNm5pQU1wV3RfdGZYSXl4R0U2N3lkV25PV05pTjRxN0JSdXJRenoxOGN1LXQ3UTV3b2RDNUZYZjJ6dEVfSVFiTQ,More,7 hours ago,2026-08-21T17:35:52,AI Security,"https://encrypted-tbn2.gstatic.com/faviconV2?url=https://www.forrester.com&client=NEWS_360&size=96&type=FAVICON&fallback_opts=TYPE,SIZE,URL",2026-08-22T00:55:26.062634
Cybersecurity Data Sharing Faces Liability Deadline,https://news.google.com/read/CBMiiAFBVV95cUxNTkE0OXJOYnBsMC00N1VHUXFNZmVYRXNxdmZNeXBMN1FrY0NjZVUybTEtQ3dZbnhWbmt5VTFJSkZ4dGs1dWxnaXFwcVg1MGo4MzdOallINDdKMzZDczVKN2I4ZDU2aExPelV5TTU3a05NaU5zSWJPOW56N1ctcGdrM1VMRy1qWFhz,More,7 hours ago,2026-08-21T17:34:07,Cybersecurity,"https://encrypted-tbn2.gstatic.com/faviconV2?url=https://gfmag.com&client=NEWS_360&size=96&type=FAVICON&fallback_opts=TYPE,SIZE,URL",2026-08-22T00:55:26.062636
Apollo Says Hackers Stole Social Security Numbers In A Cloud Breach,https://news.google.com/read/CBMipgFBVV95cUxPY3FWYWgyOHNEU1ctU18zMmxXTzdUNGV4Y2MwM2RuNDNNS3RrMmcxQUU5RnJTelVuTHBLLTA5Q0JVcGVYNjVsYTBBTzBMSW84TkFWTFc0SEl1ZExSZXVnWlpJSWI5c19YNE5sUm5vU2k2c1JYMXM5emRhcno2T2NUTDlRSTdZS1REd09tRDE5MUVodlpKTEZfWE1ocXhGYmtsR2RPMVN3,More,7 hours ago,2026-08-21T17:30:08,Hackers,"https://encrypted-tbn1.gstatic.com/faviconV2?url=https://www.thewealthadvisor.com&client=NEWS_360&size=96&type=FAVICON&fallback_opts=TYPE,SIZE,URL",2026-08-22T00:55:26.062638
Israeli settler attacks shift focus to West Bank areas under direct Palestinian rule,https://news.google.com/read/CBMiyAFBVV95cUxNUkhWeEN5NDVFRkw3U2RReFFLeUxoYTlnYlZpWFVBeWZpTWdIUTlUNUJLMFhRNmN1VmxYS2FieVp5VUpIN1dFWEZPTElfSUx4dHczMGZZOEZSR3l2QlY1SGxMM3doUUJxT0ZYZUYtRGNuRkF2eDJYMDM4TkdhbWFwOEl2TlRZZGJrN0hVWGQ3NXNOa1FGV2p2Sjd1a3lhV0lOMlUxSkpFU2N5aU8tazJZS001Qmg4M19pQ2NWMHVraURSM3BkWklSUg,More,7 hours ago,2026-08-21T17:27:00,Middle East Cyber,"https://encrypted-tbn0.gstatic.com/faviconV2?url=https://www.theguardian.com&client=NEWS_360&size=96&type=FAVICON&fallback_opts=TYPE,SIZE,URL",2026-08-22T00:55:26.062640
"'Deliberately targeted' — Russia hits residential building in Sumy as attacks across Ukraine kill at least 6, injure 77",https://news.google.com/read/CBMiZkFVX3lxTE04N3JlZWN2MlRXaWJpSml1NE01NHdZdEhzdW40M2RtTUwwdzlkVGlWWk1aMy1jU09EeUJSbGVhUHFsQkFOaEZnZU5ZY3FUYmxfVlFLRGp5MlVHeFo3M2F1QkxEMVQ1UQ,More,7 hours ago,2026-08-21T17:26:39,Kyiv Independent Fresh,"https://encrypted-tbn2.gstatic.com/faviconV2?url=https://kyivindependent.com&client=NEWS_360&size=96&type=FAVICON&fallback_opts=TYPE,SIZE,URL",2026-08-22T00:55:26.062642
Don’t let movie hype turn into a cybersecurity nightmare,https://news.google.com/read/CBMipwFBVV95cUxNbkdJdm9yeVg3cllwQnJqUG1kRjVDZFlIcEFZRTNoelpidl8tUW5qVTdtQVYtRk9Md1kwYUlYTEFaVUxyVDNBU1pwQjJZbzN1Z0VCNFJhYnBsa2VMUklMOHdBSk10ZWtCZlZoQ3h6bVkyTnA3am03MnFvTUdINk82bG9BeE9JR1ctWm5aTmNubE5wcUh4TWpYLVlSVjctY29uOFJLczZNOA,More,7 hours ago,2026-08-21T17:15:23,Phishing,"https://encrypted-tbn1.gstatic.com/faviconV2?url=https://www.consumeraffairs.com&client=NEWS_360&size=96&type=FAVICON&fallback_opts=TYPE,SIZE,URL",2026-08-22T00:55:26.062644
The geography trap: Why a cloud region is no substitute for data sovereignty,https://news.google.com/read/CBMirAFBVV95cUxQakE1MXZ4OHpTV2VpekdJc2QwcWl6X0o2dEJaTzYtN0NqMWh0MF84b2FJOGt3TjA5RUZYQ0Z5S3ZfbjZ5QXhLRG1mRTh6cmJkc0k0TXFNLUlvNlpkenR6YmpGZjgwMFFzNjlod2tEaFpHQWlQaTRVNnpZNE5YZ0NuZjVmN1NEQzE4bUZTbHd0YjQwa1FZS3JqYUM4ajI0Y0M3N0NZdDVKX3Y3QU51,More,7 hours ago,2026-08-21T17:06:31,Computer Weekly,"https://encrypted-tbn3.gstatic.com/faviconV2?url=https://www.computerweekly.com&client=NEWS_360&size=96&type=FAVICON&fallback_opts=TYPE,SIZE,URL",2026-08-22T00:55:26.062646
"Dalio Says Sell Bonds, Buy Gold, Bitcoin as Debt Crisis Looms",https://news.google.com/read/CBMirwFBVV95cUxOOFNlaXRxVm9ULW11VjZ0VXNpLXNBYy1tVTVsUDNQQndtZW0zNjJ6TzBZUTNJT2hEeUI0OHZZQkh0QWlEd0tJbVFjck1paXRkaE9WUy1aT3IzaWNpOVNFRWhKRzd5VXNuXzNpX3VkVll6T05Sb3NhY01IV1MtdkNvWDkzNW9oN1FqaWJiRks5WTlLaDhvMGpkTXRUVHFocmptTHZwSzFXZjBJRGh4bDJB,More,7 hours ago,2026-08-21T17:04:14,Bloomberg Fresh,"https://encrypted-tbn1.gstatic.com/faviconV2?url=https://www.bloomberg.com&client=NEWS_360&size=96&type=FAVICON&fallback_opts=TYPE,SIZE,URL",2026-08-22T00:55:26.062649
Australie: un homme inculpé pour avoir voulu informer Moscou des activités militaires ukrainiennes,https://news.google.com/read/CBMi0gFBVV95cUxQc2F4UWhLcVFHZHl3WGR2NlY2Q01iQ19qZl9qMVNjS1JiQlgyVHRwc0wyWUNOVGFVek9YZlhhMjZJT1RIWDJmazl3N3VkUGtOSkl1TXlBeTBKLWk5eEpIUi0wV3pLUWJJdFFkZUJUa2ZoUVZSanIwUXpTeS1PWmJ2REUzWXRsRkxDZmVWMWFlQm84WFlCcXlrMEE2NUVrN29rX1YxeUpob1VpWGhaR1NLb01ZTldTcmU0QzRMUmhyYUVmcHB5MFFmWjhpTHJjcmtseFE,More,7 hours ago,2026-08-21T17:02:40,Euronews Fresh,"https://encrypted-tbn3.gstatic.com/faviconV2?url=https://www.euronews.com&client=NEWS_360&size=96&type=FAVICON&fallback_opts=TYPE,SIZE,URL",2026-08-22T00:55:26.062651
Man wielding sword injures several at high school in Sweden,https://news.google.com/read/CBMiqgFBVV95cUxNSEdXdGlOTWl3bjE5NVExSk05bDBKcVl4bHl0ZDZfeEI3NUY3RTA4RmxpeXlENTJDQXRNSlI1VTJjQi12SVBRamhveWFJRjc3dHFwRkxoU0o1VlVhQWVtNVBQcnR2U0pOMjFPU3Q3OHF6Q0ZXUExLQlVhazVmZW9UVVU4MEY3djIxZG14OV9tMGNkX0N2MUpjY25ud2o1cm1VQzNJdER5dld3QQ,More,7 hours ago,2026-08-21T17:02:31,ABC Australia Fresh,"https://encrypted-tbn1.gstatic.com/faviconV2?url=https://www.abc.net.au&client=NEWS_360&size=96&type=FAVICON&fallback_opts=TYPE,SIZE,URL",2026-08-22T00:55:26.062653
"Explainers: Understand the News With Context, How-To Guides, More",https://news.google.com/read/CBMiTEFVX3lxTE9NVTIxT3JreGhubnZTVW9FRUN0dXk1V2NPV3JmYVZsQ0o2M0VkVHIzcTlIVjJ0T1pDSUdkeVZQZzJteWo4RnJfZXZGSEc,More,7 hours ago,2026-08-21T17:01:48,Bloomberg Cyber,"https://encrypted-tbn1.gstatic.com/faviconV2?url=https://www.bloomberg.com&client=NEWS_360&size=96&type=FAVICON&fallback_opts=TYPE,SIZE,URL",2026-08-22T00:55:26.062654
Rugby brain injury case brought back from brink of collapse after high court ruling,https://news.google.com/read/CBMirwFBVV95cUxPdTJxN2QxQzhzaHNydWZEVFEzdVJjNDU5bWZsdmZReU04REtWNFhLZXB5czRiM2ctN3ZQWll5eFl6bE03WnlOOTlNLU5YSXRMZXJOOGhGWmFYMTlwNTFVUzFVUmVtUGRvelpVbHFiR25DajRWOEZkREVWV2xhVGR0M1h4cHdqU2VJbTdzUzZXQ0JjSE5WNWNoN1dEa2pWc2tTc2Y1b3pOdkFfS0YzNEhZ,More,7 hours ago,2026-08-21T17:00:00,Guardian Fresh,"https://encrypted-tbn0.gstatic.com/faviconV2?url=https://www.theguardian.com&client=NEWS_360&size=96&type=FAVICON&fallback_opts=TYPE,SIZE,URL",2026-08-22T00:55:26.062656
Microsoft discloses maximum severity flaw in Entra ID,https://news.google.com/read/CBMiogFBVV95cUxPRUdJTUkzclFFYUpqNTdPS3I5MnZlbTV3TUlzVk5yZHJkTjFoVjJ5VUVuVEVtT2Y5TEt5MHlCT05KdWdrRXd5QXBqd2FiQUFBVmxxX1g4Z3dSNnBDeU5OUmdScG40S2x2VFJPNlMtSlRWM2t0RnlmMGgxd1o5TjlXLUpnbjZGdmhKZWY0cExEMjVxX2FoanZlTlpoRkxHUjJRZkE,More,7 hours ago,2026-08-21T16:59:54,Cybersecurity Dive,"https://encrypted-tbn2.gstatic.com/faviconV2?url=https://www.cybersecuritydive.com&client=NEWS_360&size=96&type=FAVICON&fallback_opts=TYPE,SIZE,URL",2026-08-22T00:55:26.062658
"Trump pauses quota tariff on 300,000 tons of beef ahead of midterms",https://news.google.com/read/CBMiigFBVV95cUxPY1puNWxDaU1mUS1wN0xxZUpIaWxIV3dQSmxxZXdiY1RnNG82TXJvbTdNbmo1OUNnMWg1RWwzazEyMFYzdmR3YUM0aDdSVk1ncEpPTGU2RHB2Y2Y2RGVUWkVQYUNCcmJQMU81X21FYWVMS19Zb3NraWdKNHdldy1UT3NwZTBIaHdvNWc,More,7 hours ago,2026-08-21T16:58:00,Politico Fresh,"https://encrypted-tbn1.gstatic.com/faviconV2?url=https://www.politico.com&client=NEWS_360&size=96&type=FAVICON&fallback_opts=TYPE,SIZE,URL",2026-08-22T00:55:26.062661
"Amid Cyber Threats, Oklahoma Commission Steps Up Security",https://news.google.com/read/CBMikwFBVV95cUxPbTRoUjJWY1U1UFByNlF0d2tYU1VRT1NsQTc5cGZPVWNCajhPZWF5YVo5eld5Y253NF9fNDNqR2VHaUc5a282UXpQNExYUzZjYnZNcTVreGhSVEtTQm9ldjJTbGRQTnRaOVR0RjN1NUFMbVZ3MThvdVNrQ3A2YmViRDVYM29aSlB1UmJfZWRpUmZMcW8,More,8 hours ago,2026-08-21T16:54:18,Critical Infrastructure,"https://encrypted-tbn1.gstatic.com/faviconV2?url=https://www.govtech.com&client=NEWS_360&size=96&type=FAVICON&fallback_opts=TYPE,SIZE,URL",2026-08-22T00:55:26.062662
NATO members discuss Strait of Hormuz options without alliance involvement,https://news.google.com/read/CBMiwwFBVV95cUxNeC1YSDVDa3NjOU9ndVc5Z2ZkNVp3Vjliay1ObVFfcUw3UGYtdFU0ZkpjVTkzNWVjQnN0dzNVaGMzUnFOeG04TkZFd21kN3FCRkVrNG9pdzg4VWQ4SHU1YkhBRTVJeF9xaFJTUlM1UnRBUVFYVHNjdk9uc1lkSF95OG5ZWTNWbkYtNVZCem9xWFdTTnBxc014Z0JTRktydjZ6TTY5MnBlcE40ZGhGUzQ4WngteHd4dzE0Y0JhcjNGaGhsS2c,More,8 hours ago,2026-08-21T16:51:52,Reuters Fresh,"https://encrypted-tbn2.gstatic.com/faviconV2?url=https://www.reuters.com&client=NEWS_360&size=96&type=FAVICON&fallback_opts=TYPE,SIZE,URL",2026-08-22T00:55:26.062664
Fighter jets help destroy Russian drone boat near European offshore gas platform,https://news.google.com/read/CBMisAFBVV95cUxNNUVhYzZUQ21zeUFVY1F2WnRHNnA5aHpaclE2UzdxZ3JLbjFjbGxNSUh5VzRkRk9xRlZ3R3pnNXRxSkVTem9WVHJGNU1HTWFfcW5sXzMzdEMtUlkwRDJtMjhMZjA1d1c2d041Ri04RnB4VTZkQnRCbThiMWU2Y3RsdUx2NG45WjlzLXpHcVYwVlRnUUlsTlAyYy1DM01FbE1zeS0za2hJY1JtdkpGSnBSNA,More,8 hours ago,2026-08-21T16:48:59,Ars Technica Fresh,"https://encrypted-tbn0.gstatic.com/faviconV2?url=https://arstechnica.com&client=NEWS_360&size=96&type=FAVICON&fallback_opts=TYPE,SIZE,URL",2026-08-22T00:55:26.062666
Thousands of North Korean IT workers are infiltrating corporate America,https://news.google.com/read/CBMikAFBVV95cUxORUxrdzlOcXVLSnRUdFVqQmxGUVNzYURKQVJseXFUZGNlN2tadUdVdjVuMXVjV0hlNmMtM3FnN3RObDZnUWZDMHo2SEZRU3E0SEdOXzc5S2RMZ2lDQ3FNdDJyX19idjR1Uk5HTVBvZHlxWC1BYU1yU2UtWUpqTF8ycmFZSmk1QnNmdUdocHZOWW0,More,8 hours ago,2026-08-21T16:48:15,DPRK Cyber,"https://encrypted-tbn2.gstatic.com/faviconV2?url=https://www.aol.com&client=NEWS_360&size=96&type=FAVICON&fallback_opts=TYPE,SIZE,URL",2026-08-22T00:55:26.062668
AI Cloud Firm Nscale Is Said to Seek Up to $3 Billion in US IPO,https://news.google.com/read/CBMiswFBVV95cUxQOFFrbUItWTB6ek1Rd2N0WlBidjhpRXZDeTlqSlhzNlVxaG10b3JBSklzNWxKWnVrNG9HSlV0N0pucUpZbERScFppMUlGUHVidTBXT1NYeVVnWjBaNnQtcFhlNGRFM0o3QnUzMTFLUmpkOXZ3MzRFTVJ4SjlfZU5COHdOeW1iLVczNVFNcW9RR1JUQzFfX3RjelNuQVVnOGszVnpPV3ZoVmh6Qng1a0Y0QXlrOA,More,8 hours ago,2026-08-21T16:42:30,Bloomberg Fresh,"https://encrypted-tbn1.gstatic.com/faviconV2?url=https://www.bloomberg.com&client=NEWS_360&size=96&type=FAVICON&fallback_opts=TYPE,SIZE,URL",2026-08-22T00:55:26.062671
Iran's president: Time to end war in 'position of strength',https://news.google.com/read/CBMikgFBVV95cUxOMkJSOWJZTDJuazNiRTBrR0JzYm9mekllOUxGZTJXLVNLQ3BGODB1UzNkOHpFeXVBQ1JpYXh5cE53SVMweFlxaDh4LXhjZmpIWkJnQTNmakhWZl9OcjNXaHN6SEs4U2NNWWN4SnhUblZEOXBBOHM5dnJIN2FFN2tXSm9CMXhaSWU2X09sOFVWalhOQdIBkgFBVV95cUxONmdHRkowQkRTclFBR1A0d21YY1FXeUk1c0VybUFGUHBHdTNrTG4yZm5WeW9tQXFrZkZnUFRGSy00ZC1uTFVBR1lidDZHaTFHNUVOLWhrbi0xbUZ2NHNyNVRMaU5JWlBIUzM3aXZzbU5zR25iV1dWMTdNSUp3NnpGaFJUS2VrRHZkcXFNNWVYRjBjUQ,More,8 hours ago,2026-08-21T16:41:42,Deutsche Welle Fresh,"https://encrypted-tbn1.gstatic.com/faviconV2?url=https://www.dw.com&client=NEWS_360&size=96&type=FAVICON&fallback_opts=TYPE,SIZE,URL",2026-08-22T00:55:26.062673
Major Upstate healthcare system addresses cyber attack,https://news.google.com/read/CBMioAFBVV95cUxQQzJuODlQMjJVZXItMVZXbkxCM0ZzRnVCX09PSXJ1NHUtU0JHeXZhZjZwY1JtX21FQzd6VXhRNGZoODRmZ0ktNXh4WEYtbEVlUFFWOHNUQU1STGo5VFdSZ05IR0tWVC1sakF3TGowTHBYNGVCby00RXduazE0c3FhaGl4RHcySC1xdkRSblJ4eDg0d1hHRERCYUE5SFpfUE5M,More,8 hours ago,2026-08-21T16:40:00,Healthcare Security,"https://encrypted-tbn0.gstatic.com/faviconV2?url=https://www.audacy.com&client=NEWS_360&size=96&type=FAVICON&fallback_opts=TYPE,SIZE,URL",2026-08-22T00:55:26.062675
"Caulis Inc (153A) Stock, Price, News, Quotes, Forecast and Insights",https://news.google.com/read/CBMigwFBVV95cUxQazNMRHRFR3h6dFlGOU9ONUJNZk9CTkFhTFhQVUZ6SkZTd0pyUFUxb19Wcmh2dk5saHE3T0cxNl8wQWpyc0dvUEwycEFQcGh0VzV4Nk1Qd1NMRm9SR0R4OG44RGJxSHZWOU9fZXZXZFBhRDdiajBBYnJVakI4Nk5xc2gxdw,More,8 hours ago,2026-08-21T16:39:34,MSN Cyber,"https://encrypted-tbn2.gstatic.com/faviconV2?url=https://www.msn.com&client=NEWS_360&size=96&type=FAVICON&fallback_opts=TYPE,SIZE,URL",2026-08-22T00:55:26.062677
SilkParasite Threatens Central Asian Orgs With Flurry of RATs,https://news.google.com/read/CBMilgFBVV95cUxNSWFJVHJqbEhTNHgtTVBjOXhyNTBLMXhGQ1pBUUJCcDdHd2VrUFhiTklMQlhMbDlqSWs1QWlsSlpibmVpcnRhUVZwMU5QY2pEeTJzT1gzTlduZjU2cXkyZW9lZ1VKX1ZETmt0UUQtZ3prdFQtemhDUTBQaWFwWVNYOEtfTGlMZVVOM3o3ZE9WbVZDVk03enc,More,8 hours ago,2026-08-21T16:39:29,Dark Reading,"https://encrypted-tbn0.gstatic.com/faviconV2?url=https://www.darkreading.com&client=NEWS_360&size=96&type=FAVICON&fallback_opts=TYPE,SIZE,URL",2026-08-22T00:55:26.062679
Follow the Money: Corporate Paychecks to DPRK Remote IT Workers Routed to Sanctioned Military Program Accounts,https://news.google.com/read/CBMitgFBVV95cUxNb053a0hJWmJsdk54YlpaeXlJZ3oxYTd2Vzg4S1hWeTFSSWlMYVh2akkyZ19RdW5CLXhxOEkxNS1ZejI2MUpJMWt2Z0hlUFJPSzdsa0xLZ0ZaYkl0Q19wNWxwblpHTlRmS0NnU3ZJR0JjWkhTQUpEZDAwMUpNUE03YlRBQmRMdmhFcFBsTWxLTi1ZSUNFQzVKMjZLQzZoMWFXRVZLU3dNRF9YNUZhbjduTEtUWS1pZw,More,8 hours ago,2026-08-21T16:38:39,DPRK Cyber,"https://encrypted-tbn1.gstatic.com/faviconV2?url=https://www.asisonline.org&client=NEWS_360&size=96&type=FAVICON&fallback_opts=TYPE,SIZE,URL",2026-08-22T00:55:26.062681
"Personalized pricing is “abhorrent,” but FTC limits may increase costs, critics say",https://news.google.com/read/CBMivgFBVV95cUxNVzd1LVNrbmFKZ2g0c2t2QzBVZlhRNjN5amxWamI3aDhGYk1ETWl1Skdvd25waVRVMjk1UkFQZk4tSzdpMmNYaDFnQzliMVNwdGx5aktZT2JpZTJGcXhFcVlxZktYSkVZT05NTmVTS1R4LXZ2R3F0azZCdTljc1FnZFYtenFIZXBKM09XdHpxOFBjZF9idUhrSmNnWHRoSVVScFFzWjRqeVhwZ0FMclQwWTBObUdpWFg0bHd6QzBn,More,8 hours ago,2026-08-21T16:38:25,Ars Technica Fresh,"https://encrypted-tbn0.gstatic.com/faviconV2?url=https://arstechnica.com&client=NEWS_360&size=96&type=FAVICON&fallback_opts=TYPE,SIZE,URL",2026-08-22T00:55:26.062683
Sweden: Several wounded in school sword attack,https://news.google.com/read/CBMihAFBVV95cUxQZFZtNTRsckNLRjdZZGx3bnpLOFg1VWpBaXdBMnpiOF9IQ2UyQm9UbFkxYU81dVlUN0dmVlBaTm9HeWotU1Ezc19SeXUyNWpNWFdVRHMzb0pramtBNXM0NFBjYThtOXlfeHVCaEdfVUdyWV90VUt2RUlzRlVLV0hvTjh0dk_SAYQBQVVfeXFMTWE2anpRcmdjSXJGYjJoRll6V1RiU2Z0aGw1Tzd5a0hXenMzQlF5cWxmUTUwMU45NmFvYzFiV29uTkM3OFNMZ3RBZ1dJRWtmcE1FQTRkMHE1SFAxTHB6QWJyNXpmSHRDZVB4SXZwTk1wQXlRb1FSVXVLalZHUG1aM2dSNUpB,More,8 hours ago,2026-08-21T16:31:20,Deutsche Welle Fresh,"https://encrypted-tbn1.gstatic.com/faviconV2?url=https://www.dw.com&client=NEWS_360&size=96&type=FAVICON&fallback_opts=TYPE,SIZE,URL",2026-08-22T00:55:26.062685
Water Utilities Face a New Cybersecurity Reality: Attackers Are Reaching the Physical World,https://news.google.com/read/CBMizgFBVV95cUxOTGlqM2dpMF9NOVV1aVdhYVQxZWRnd25tbHZ0ajA3Tzd4Y2FVLVZwNmJTVlg2emEwUmRnUzJydl9NNWdFMThYVFRzXzlMZXhYR2lhclRYQnAzdmFYV3ZXWVY1SXdaSnJNZVhxSk91X3U0akRNd2ZfNXphUGx0ZXdLNHFTN2RIaWl0cmZJUF9QeEFPcExiN0RFanJ6WHhGcHhVMW1Eb0pHcVFXQjNYYkxUM2R5LS1rR0l2NkhPNTJZX2hXZU1MU0kxYnVkSDFldw,More,8 hours ago,2026-08-21T16:30:51,Volt Typhoon,"https://encrypted-tbn1.gstatic.com/faviconV2?url=https://news.clearancejobs.com&client=NEWS_360&size=96&type=FAVICON&fallback_opts=TYPE,SIZE,URL",2026-08-22T00:55:26.062688
Developer given Mission:Impossible - fixing rubbish code that could crash a city - simply chose not to accept it,https://news.google.com/read/CBMizAFBVV95cUxQR1QyVWhHZXBkX3Y0bUZ0WXdjTFh5ZVZZdHhzd1UyOUJZak1yZkUxRjc0NVlWc2FVekFVWTcxYmZMLUdZME1kek1PWTZ5NDVEUTJxR0xqWUxXN1NGWFpjMG85Yk5pVXVKSFRmR1QzWmw1cDdLSDc1UTUzclN2Q2FxTVJtR1hLdXpRRGFDZHRNempvMHpZTjFKNnlKR1hIY25lcEpkUTZwY0V3dGZvMGY3TWZtVzRPV3ZNd21XeXhId0tVb0hBUWp2ZlNPTGU,More,8 hours ago,2026-08-21T16:29:00,The Register,"https://encrypted-tbn1.gstatic.com/faviconV2?url=https://www.theregister.com&client=NEWS_360&size=96&type=FAVICON&fallback_opts=TYPE,SIZE,URL",2026-08-22T00:55:26.062690
Mark Sanford endorses Ralph Norman over Darline Graham in SC Senate race,https://news.google.com/read/CBMiqAFBVV95cUxNOUlYZjhyTDdmQUstc0NpSXB2b2lEcWRhcWNkUnVLSW5sd1BiUVh0bG9IalBpaldwN0IxWlZ2dFZMLWcyaGl6OGxuSXZhMGkwVnhEeExQaFlVV0FHWWtOcS05cFJJQ3RWOWhFTFl4aF95WWtZUHc2VFR2d2d3d0F2eWtlLXUzTUdZbUE0c1BYMGlkUENCQnFrTjVzXzk5Q1RrUk45WUJaMjg,More,8 hours ago,2026-08-21T16:24:00,Politico Fresh,"https://encrypted-tbn1.gstatic.com/faviconV2?url=https://www.politico.com&client=NEWS_360&size=96&type=FAVICON&fallback_opts=TYPE,SIZE,URL",2026-08-22T00:55:26.062692
U.S. Bank says breach claims related to fourth-party incident,https://news.google.com/read/CBMiiwFBVV95cUxNNURkbThCS1RXMnkySlViRjJSaDNUc1NGdVJBcDdwVVNCSm1HWXVybnZKbFU1TmlOOWdfWDRPMHExYkNtRHlyaGpoYWEteEc5a0traFBoekgwLXNvWUZFdWxGRVBHY3YtSWVJZFRfTTNwM1dGOUdLcjZyaTRnckxxQmpVclF3VDRGVlNJ,More,8 hours ago,2026-08-21T16:23:46,The Record,"https://encrypted-tbn0.gstatic.com/faviconV2?url=https://therecord.media&client=NEWS_360&size=96&type=FAVICON&fallback_opts=TYPE,SIZE,URL",2026-08-22T00:55:26.062694
"Trump warns of ‘economic D-Day’ against Iran, but Tehran is well acquainted with sanctions",https://news.google.com/read/CBMipAFBVV95cUxPdDJaQjg5RDQ1MWozcDVVamNqS1ZEeDd1X3J1YzZ5YzNyWUgxa29fYVotWDN1SHN3Y3ZqVm44YlVtOVR6SzNXam5zVzNqM1hwUG8tbjRVQU5iVmpzSVd1UnJZMGVLcWE3a0h1OGFNM1k5MWg2WFZYRGhDLUNtZmg0T3F4V3dLN2JfdFZoSTBSVlRScy1tT2l0WE9KSlJ4TXZBNGtqSQ,More,8 hours ago,2026-08-21T16:22:00,Sanctions,"https://encrypted-tbn2.gstatic.com/faviconV2?url=https://apnews.com&client=NEWS_360&size=96&type=FAVICON&fallback_opts=TYPE,SIZE,URL",2026-08-22T00:55:26.062696
You Can't Test What You Don't Know You Own,https://news.google.com/read/CBMijwFBVV95cUxNeEZEN2R0WUVLb0ZkWU1fajBVSDVVY1FzbnFqbTdaSW9RdGtiVXpHNEEzUEpnMjhHRURfQkIzSnF3ODVxbVc2Q0tTdHNCdDJyTDNLRUVPUm0xV0tISGZjbG9waUVaR2l1QnhKeHlLLTc4b3hFU2Y5eFYxbm8ydFVTaDdXTk1DNnJZcFB2eDVlTQ,More,8 hours ago,2026-08-21T16:19:36,Bank Info Security,"https://encrypted-tbn2.gstatic.com/faviconV2?url=https://www.bankinfosecurity.com&client=NEWS_360&size=96&type=FAVICON&fallback_opts=TYPE,SIZE,URL",2026-08-22T00:55:26.062699
Ukrainian attack on Russian air base damages Su-34 bomber,https://news.google.com/read/CBMijwFBVV95cUxQaUlYMDNkeVBUR1NjY2cyWFdIVGJQM2FoSzZtVm1WYU9sTHZweG1SZTBrdXF6Ty1SUG1lLXloY3lZRUFKR3NVYTZ4YmQxRUhuQ014ZXFJTkNIQ28wVnlXTUhPT1RVTUpkbExhd0d1OXEwd2ZJXzk5T2tOVE5YTTlUTUp1QlRoRnRBcTVkZDl2dw,More,8 hours ago,2026-08-21T16:19:22,Kyiv Independent Fresh,"https://encrypted-tbn2.gstatic.com/faviconV2?url=https://kyivindependent.com&client=NEWS_360&size=96&type=FAVICON&fallback_opts=TYPE,SIZE,URL",2026-08-22T00:55:26.062701
US Lab Assesses Chinese LiDAR Sensors for Potential Cybersecurity Threats,https://news.google.com/read/CBMiY0FVX3lxTFBSeHJTd1B4MEU3Vm9tRzdYVXJxTWxiOXFKYlhwTnZkeDRjdzNYeGpyVVdVWUhqRzNIcmFsSHJLbTNOdmxleGhieEFQRDdGVDA3TjJDUWN2VllDTGw5QjNvNThVQQ,More,8 hours ago,2026-08-21T16:17:58,China Cyber,"https://encrypted-tbn3.gstatic.com/faviconV2?url=https://mezha.net&client=NEWS_360&size=96&type=FAVICON&fallback_opts=TYPE,SIZE,URL",2026-08-22T00:55:26.062703
Musk fumbles the timetable for first Starship catch,https://news.google.com/read/CBMiqgFBVV95cUxQR0kzQ0EybzdCb3BfblM1b0hNQzQ2R2ZUNm9RT3JITGJUc1lYc0g2WTJPeTd3dlNfNDNING5LeHI4OE5HZVJ1R0M4dGRuWld0QTVrTjhnYVlCRUlnRkxFQkotVDJvaGNkR1pDXzJkbzJ1cnJmRnFfYmxMY3RkdjdWR3lWQ0w1Z2YtT0xickJGSU5WZ2xXbTBESlhoT25TZTlMckxRRUZlRVFPZw,More,8 hours ago,2026-08-21T16:14:43,Register Fresh,"https://encrypted-tbn1.gstatic.com/faviconV2?url=https://www.theregister.com&client=NEWS_360&size=96&type=FAVICON&fallback_opts=TYPE,SIZE,URL",2026-08-22T00:55:26.062705
Apollo Reports Data Breach From ‘Social Engineering Incident’,https://news.google.com/read/CBMirwFBVV95cUxNenJkQllLYXJyMjBSYVhwYjN2amxhbHJUdThxTnQtUVV2MTVEVnJJYmdCZ3ZVTVhyMmZ6NjNWaGRzSjJ1bzgwVDBHVnRlaTZyYS13Y1d1X1UtTXpNM1JWQlZSU2toOUZuQkczbVlRVkhoNnF3QWxha3JyR2xRUHdTM1ZCOU1Ta2puQTZMOW40aWRFTVVUSXEwMEtTcDB2eVJIdVNmWUpYX0VOSHRicTdr,More,8 hours ago,2026-08-21T16:14:11,Bloomberg Cyber,"https://encrypted-tbn1.gstatic.com/faviconV2?url=https://www.bloomberg.com&client=NEWS_360&size=96&type=FAVICON&fallback_opts=TYPE,SIZE,URL",2026-08-22T00:55:26.062707
Turkey to seek Interpol notice for Netanyahu in Gaza flotilla case,https://news.google.com/read/CBMirAFBVV95cUxQQUs4NHRoeGZCREdPUEJfTExGR3ozNU5qS3FEeUxqMXpJTkI0aDJ5Q3VGWi15Tml0X0hEZFQ5MnJFYjBna3JoNjRrcDBqalllZ1V4VDZDekVnMUFZanZ5WUZoZDgxY2RJNjJaaTJndUxxQW91YXRCZGxnLWtoSHhWYmxtZEE0eDNNNWxMeE5sTWQwbHJHN0RYT3VQZVpqdWUyUFR4RGFZNmhGb0Ux,More,8 hours ago,2026-08-21T16:12:33,Straits Times Fresh,"https://encrypted-tbn0.gstatic.com/faviconV2?url=https://www.straitstimes.com&client=NEWS_360&size=96&type=FAVICON&fallback_opts=TYPE,SIZE,URL",2026-08-22T00:55:26.062709
Ukraine sanctions ‘Masha and the Bear’ cartoon over alleged Russian propaganda,https://news.google.com/read/CBMivwFBVV95cUxNTUM1LTE1R2lRSVNYVW56SzYyUm5XQXdjMmJiVWx1a0xJc0pWNG55a2x3SFRMdlg4OW5sTEFRTE85U3FEOVpCTUJuQ0lDOTFsOHVGcUFpYU1NcjU1NV9wVlFJWnlKd2RyenFXdVktME9kTkhiRF93anhGZW9YSW5IMTc5NFhNU0xjT19HQXp2MDg3eDdnQnNTSml1OGdvVmVTdTRIR3A5V21VdWg2el80cGpQNWJLOVNVbVpQc2lRWQ,More,8 hours ago,2026-08-21T16:11:47,Euronews Fresh,"https://encrypted-tbn3.gstatic.com/faviconV2?url=https://www.euronews.com&client=NEWS_360&size=96&type=FAVICON&fallback_opts=TYPE,SIZE,URL",2026-08-22T00:55:26.062712
The Mecca Agreement and Europe’s New Southern Front,https://news.google.com/read/CBMiiwFBVV95cUxQNDJPcl90MU5iSkctajlSSlZpM0RmNGlVZ3QtMEZDU2pKemh3VmRjYjNaRzg0YUY2dXRpRkphZm9HQXQ2ZGI1VUlFSFYwTlllOXlJSXRicHBkZjByZUxpNGxuUk5YOEFJVDJHT2w5Y0lSSEVObEo4OUZsa2RrQUhXU3R6WlpBandPa3U0,More,8 hours ago,2026-08-21T16:10:00,Times of Israel Fresh,"https://encrypted-tbn3.gstatic.com/faviconV2?url=https://blogs.timesofisrael.com&client=NEWS_360&size=96&type=FAVICON&fallback_opts=TYPE,SIZE,URL",2026-08-22T00:55:26.062714
Germany investigates arms cache found in woods near Berlin,https://news.google.com/read/CBMilgFBVV95cUxPdXVOMFIzRVdpMUdZN3FGUHF6bV9qT0kyeUZPSTVzOFJ5MzRZVGxmNVRJbzdZSjRNQy0zSGV5a04tM3JaZXlmajhGbi1RXzR5Nk92NE1yVXlyWXJ5WG9vUFI2dVBFQ2JaQUM0VkpNTGhlbHRFcEQ2aEItTnFyd1VvdlNiQWNrRm1Xa3dWdVhwUjJJbFI1emfSAZYBQVVfeXFMTXF5aEM1S2lLV3FkMl92UmxFMDRQSU5ady1OY19VU1RMbmdvaUJIRjJ2Yk0zUFRRYUV1R0tsa1BQZV9Kb0EyZllZR2htbEctSlZ1UkhMOFdnNDY4TVg3c29aRG9lOVREWmc1NzEtQU1OMEcweUxrelhpdjNqaGhFSW5aMlZfNFNNLUVvdlZKb2xkZlViVnRn,More,8 hours ago,2026-08-21T16:07:15,Deutsche Welle Fresh,"https://encrypted-tbn1.gstatic.com/faviconV2?url=https://www.dw.com&client=NEWS_360&size=96&type=FAVICON&fallback_opts=TYPE,SIZE,URL",2026-08-22T00:55:26.062716
"The Enhanced Games — tech's steroid extravaganza — didn't pay off, as company posts $60 million loss",https://news.google.com/read/CBMiqgFBVV95cUxOMGlHaGhiRnd4N2xGQ0lqdUd1TGNxcmFuNUtOb3IyT3lkeGNOcW1MLWRLRHZJYmlBS0RNQ0pDQ3B3ZVJBNXU3MkswUFpiN21BWFZGaVQ4M1Njc2tuYldJaGtCTEtlbWtkeE9wLXZaUWNMbXRGY3pDOVp3TktFcW5IZ04zNlNUdEhXTFhkQjlJV09XbkktWkpTaVllSncxblJIeWJlSWNVZ1JTQQ,More,8 hours ago,2026-08-21T16:01:54,TechCrunch Security,"https://encrypted-tbn1.gstatic.com/faviconV2?url=https://techcrunch.com&client=NEWS_360&size=96&type=FAVICON&fallback_opts=TYPE,SIZE,URL",2026-08-22T00:55:26.062719
It now seems possible to vaccinate against cancer,https://news.google.com/read/CBMirgFBVV95cUxQaklHcWZJTzF5ZjRJQzEtQ2VWRXFGM1hBWlp5T1ZnVkVMdTBGbmZvbTdwVmFiWjJHMmg1VE9tcTE3YWUtczFONkc1TVNxc3dwaEZGVFNGMy1VQlBINmhJU3dRZUs5TzlMUGNrcWFQc0Exc1E2ZjZ5VkNiVmtPb0N0Q2ZPUEVBVWVDRUt1SVpPaDJibzY5dUdwdDZqUk51NTZycUpCb2ZuN1UwR0RWMVE,More,8 hours ago,2026-08-21T15:57:40,Economist Fresh,"https://encrypted-tbn2.gstatic.com/faviconV2?url=https://www.economist.com&client=NEWS_360&size=96&type=FAVICON&fallback_opts=TYPE,SIZE,URL",2026-08-22T00:55:26.062721
Protecting Your Lab from Cybersecurity Risks,https://news.google.com/read/CBMigwFBVV95cUxOZTVDaWFBQTA1dlp1cjVxZ1FrQUZHNTN4Mk1UenFtNUZqQ1FFSXpDYVFSZV9MY2ZMaFJzQkxIbGMtSGZIS3VxYS12S1VIYkIxM0FRU1FsR0JOQW5Da1NFalRtTUpfMHFsUlVVRkZZbVBONjBOOF9hYzdheXJqVUlZdHdFbw,More,9 hours ago,2026-08-21T15:54:16,Cyber Attacks,"https://encrypted-tbn2.gstatic.com/faviconV2?url=https://www.labmanager.com&client=NEWS_360&size=96&type=FAVICON&fallback_opts=TYPE,SIZE,URL",2026-08-22T00:55:26.062723
Cape Cod boardwalk reopens after repairing winter storm damage,https://news.google.com/read/CBMirAFBVV95cUxQaTRKQ1FNYy15QzZrU3czbXFXSE95Y1A5dlc3UnBId2xMbW1YV1oyVjRiRFBDZmdjbWZ6SVVFOU5RNHI2NHhScXFSaUZQczRjSkJqZmFWenBSb2VQQVp3ajl0aFA1RFlCcXBadFFMVGFZdWEzeGEzbkxxcFZVcHNUdkI5OUVrSGhzajRHUmpwV2VidGx4TVdyRVBtdkoyNm0zWjlqY3JBVFlhX2R5,More,9 hours ago,2026-08-21T15:54:00,Salt Typhoon,"https://encrypted-tbn1.gstatic.com/faviconV2?url=https://www.masslive.com&client=NEWS_360&size=96&type=FAVICON&fallback_opts=TYPE,SIZE,URL",2026-08-22T00:55:26.062725
"Yun Hye-jin returns to ballet stage after 14 years, showcases strict self-care - CHOSUNBIZ",https://news.google.com/read/CBMiiAFBVV95cUxNYl9UbXEyOGFVb2J2ZWhsTlo0aGFOcnFwTVpaZmZQbzJ2VlJrVC0wNEtHYkExVDN1d1VMTTlSeXh5eGFRNkl2b1RkWi16NjlLcUxyQmRUNnRqVDVkYndZRUh2a25jM1k3b1FVY3NvM3ZHYUxyeERRVUFidjYwbkM4am5YUWFnVlFP0gGcAUFVX3lxTE1vYVRLdXNtV1NnbGVpT09MRGMwb1JGWEVITmdCQTVxUWx4cHc1Wl9uYkxLSkdjTVhuSjRfTElweURsTGU3REJ2UFhnOVZEVnhtaWwwdk51cS14cllmSjRNZEtGdVA1MHlWUUU2ZXA4b0prakl4M0w4YUN1R2JLOERhR0JiXzE5RUExOWJWSGtYWkdZVVdDeTlXQ05aTg,More,9 hours ago,2026-08-21T15:50:00,Chosun Cyber,"https://encrypted-tbn3.gstatic.com/faviconV2?url=https://biz.chosun.com&client=NEWS_360&size=96&type=FAVICON&fallback_opts=TYPE,SIZE,URL",2026-08-22T00:55:26.062727
Medusa Ransomware Hits 500 Critical Infrastructure Orgs by Buying Access,https://news.google.com/read/CBMiaEFVX3lxTE44MkNaaEpwbnRNV0Q2Tzk4Q1pUaVFITkN2SzM0OGJjSExrRWVpeWJ5VUZBQUk3VGdmTVpQcmtrX2hlWXV0VzZMaEpGeGQ4MGctN1ctdlZ0dzdMLUhocjlYOWZQVzVOd2wy,More,9 hours ago,2026-08-21T15:46:06,Critical Infrastructure,"https://encrypted-tbn1.gstatic.com/faviconV2?url=https://www.cybersecurity-insiders.com&client=NEWS_360&size=96&type=FAVICON&fallback_opts=TYPE,SIZE,URL",2026-08-22T00:55:26.062729
SickKids children’s hospital bandages up careers website after intruder breaks in,https://news.google.com/read/CBMi1gFBVV95cUxQVHF5OWpjRGFGRG9XN2FXS1FJakEtYkpEeXhRSUVIeUFCdy13WDVsMzJMX2dLNXRNWjFfYWNzTU5ZZkJnaDdhaUFJNTZkbGlES19ZQ2VMRnZsTHVocXFBVHdESGhFbHlZY3VnZFNDR1lkeHhHcUhzVXdCbDVFRThYOUE1bFdfQlBybkRkalZjQjk5NVJpT1JGQkNBMGZMUTZSTFVFSk5xTEpnNnc2M3NjVHRLckZIeTBNcnpNUXV2eWVQbmdVTzZCX0FER0Y1aVc4Yk5WTXZR,More,9 hours ago,2026-08-21T15:45:00,LockBit,"https://encrypted-tbn1.gstatic.com/faviconV2?url=https://www.theregister.com&client=NEWS_360&size=96&type=FAVICON&fallback_opts=TYPE,SIZE,URL",2026-08-22T00:55:26.062731
Song Jae-hee says Hyunbin baby eats same organic baby food - CHOSUNBIZ,https://news.google.com/read/CBMinAFBVV95cUxOcmc1RTFDdk1BLXNvcnlyLWUyQ3lvUnc1Z0NuX1dmMVBtZHRBd2lPVjZlRWY2b1ppRlZzN0h5UXk1a2d1aUhTRV9sSzktam53bDhtWk9JVTVVc3RfNEpveVlXRzVpT3pCNUN3b0ZjRFJJZDNHUjRSczRSSTlIcllTRlhNTEVSdmRqRkVRd0RVM3V1OV81R2xSVEdBNDnSAZwBQVVfeXFMTnJnNUUxQ3ZNQS1zb3J5ci1lMkN5b1J3NWdDbl9XZjFQbWR0QXdpT1Y2ZUVmNm9aaUZWczdIeVF5NWtndWlIU0VfbEs5LWpud2w4bVpPSVU1VXN0XzRKb3lZV0c1aU96QjVDd29GY0RSSWQzR1I0UnM0Ukk5SHJZU0ZYTUxFUnZkakZFUXdEVTN1dTlfNUdsUlRHQTQ5,More,9 hours ago,2026-08-21T15:40:00,Chosun Cyber,"https://encrypted-tbn3.gstatic.com/faviconV2?url=https://biz.chosun.com&client=NEWS_360&size=96&type=FAVICON&fallback_opts=TYPE,SIZE,URL",2026-08-22T00:55:26.062733
"One dead, several injured after sword attack at Swedish school",https://news.google.com/read/CBMiqgFBVV95cUxQeGp5NDlHZ1NlS19UcHd3aW9fdFFLU1RnY2QyeVRLM1VwR1pfSWtGem8wc0ZveWNLQmJZazFKWlJtR1BtTTFjbTE1VFd3Um1qVFBYZzFacWd4RHRtbEZmWno5ZEUydC1NcTVSaUh4NzlIbDlmd0diM25uQmVyX0xSYWpQWDhzNEpsRm9xSkpJcGtiZTRWYTJxWmtFRWZwYXNRUS1qU0VJVTczUQ,More,9 hours ago,2026-08-21T15:38:35,ABC Australia Fresh,"https://encrypted-tbn1.gstatic.com/faviconV2?url=https://www.abc.net.au&client=NEWS_360&size=96&type=FAVICON&fallback_opts=TYPE,SIZE,URL",2026-08-22T00:55:26.062735
Army wants fast AI cybersecurity agents that won’t run up token costs or create new vulnerabilities,https://news.google.com/read/CBMiuAFBVV95cUxNeXd3WXpZODVkUUE2aWFMNEhfZ0hrNXZCX3hzUUdjbVJzeDd4UTRpeV8xYm5LWnVWbjUxUHN3RjF1SERRN2pYZnRSMVo2Mk92cnVIdlpYcmhzdEdRd0o3c2dXalRCZUdaYnRXVnFtSkF3aHFzNW5rNmxHZG9udi1walRuUXZIaF80QlJZM0NzMXk4M0k0dHk1aW50Z3NQaEdTSTVZZmVjT1V1ZmRmR3VIaVE1WU1lNUlF,More,9 hours ago,2026-08-21T15:35:58,Cybersecurity,"https://encrypted-tbn3.gstatic.com/faviconV2?url=https://defensescoop.com&client=NEWS_360&size=96&type=FAVICON&fallback_opts=TYPE,SIZE,URL",2026-08-22T00:55:26.062738
"Ransomware Hackers increasingly target Medium Sized Businesses, Study Finds",https://news.google.com/read/CBMitAFBVV95cUxNcndQOHkwSkVSZ3k5NzdmX3dSQ3BoOGZFVTV4NTI0SjB4NzB2UEM2YXpxOWo0QnRzb185Wmp5UXhRMUxwYjQyemFsc3RmWGN2SENheFB6S09kOXQwVDhzUnNGTkxndTFmMUR2am5RZWdZUHg3WmlBZWxrbHFhNjhSRURJeEljUWN6VGtZbFl6bnNSZHo3dFBQUTh1d1N4MEZPYWM2OVZCdUlXeGpYNVNXOU9LMTc,More,9 hours ago,2026-08-21T15:32:01,Ransomware,"https://encrypted-tbn1.gstatic.com/faviconV2?url=https://www.cybersecurity-insiders.com&client=NEWS_360&size=96&type=FAVICON&fallback_opts=TYPE,SIZE,URL",2026-08-22T00:55:26.062740
‘The economics of vulnerability discovery have changed’: NIST wants to modernize the National Vulnerability Database amid AI advances – cyber experts say it needs to be redesigned with machine-speed in mind,https://news.google.com/read/CBMiygFBVV95cUxPaWtGRGRBRF9fVUU3OWdRV3JnTVVwTEdvQUJuMmNGSF9kdVFGUTJ2TE1RdmxnRUN4elpBNUVOVVBvbTRkcG45TmJMSXAyZmxldkZ4REhYYzdKbU9Ybm9JQ1RVdjUzQlEyZVJJSktwZk80ZFlyTkgzcG52VzAtcEpkenFjMnJwdHBGMWtudEZRVVNWM3J0NTVtZEo1aDRxdWM4Mk5mSTIwV0s3OW9KMk05V1dFRERRbHlzejdTZXpYZDU4bzNzZ3dwQjRR,More,9 hours ago,2026-08-21T15:28:38,ITPro,"https://encrypted-tbn0.gstatic.com/faviconV2?url=https://www.itpro.com&client=NEWS_360&size=96&type=FAVICON&fallback_opts=TYPE,SIZE,URL",2026-08-22T00:55:26.062742
Your data can get stolen through a company you’ve never heard of,https://news.google.com/read/CBMirAFBVV95cUxPUHRJeHhNdWYxRUR0R2hBbzFhRXBxQTRuNTVTT0xvM1BFbTJlY0JhTC1iczl2bTl5QWFjWW91bE4td0VheUxla0RLLVJIMi1FNDc4YjloSnNQM19Sd2ZNQms3MldESmFla3RBcWluUEVPaFl0YkZWdlBoaF9QOVRWaVBNYlNFYzRRQ2VKYVVqLVdma0VaSHQwMU1aQmZhVWxCSTlPQlY1TVN1RF81,More,9 hours ago,2026-08-21T15:27:04,Supply Chain,"https://encrypted-tbn3.gstatic.com/faviconV2?url=https://www.pcworld.com&client=NEWS_360&size=96&type=FAVICON&fallback_opts=TYPE,SIZE,URL",2026-08-22T00:55:26.062745
US autonomous systems policy struggles to keep pace with drones,https://news.google.com/read/CBMinAFBVV95cUxNeTdFRVkxUjhXUUI0R2dzdmgzSkhoT2VZTWs0M3hQRmQ3Wnlpb0l3MzhTalJsaGxhcDNPTzl1UmZ0dlZObWxQblItd0JiNTVfSS1LZGU5c0t0eDhSX0lhXzN5ZEQxZTVtZXBrNEN2UDdSUjk1SlZlREhLV0RKcnNNTkZJLWktam56MTl3MTZrZHcwalVIWm5uVG5wNlk,More,9 hours ago,2026-08-21T15:25:04,Ukraine Conflict,"https://encrypted-tbn2.gstatic.com/faviconV2?url=https://www.scworld.com&client=NEWS_360&size=96&type=FAVICON&fallback_opts=TYPE,SIZE,URL",2026-08-22T00:55:26.062747
Elroy to Advance Chaparral Cargo Drone Development for US Army,https://news.google.com/read/CBMia0FVX3lxTFA4dXQ5WXdYRGJOeDZvNDdXcUpNU2pZUWdNRVJKYWw5SDc2TXdJbGFsY2FSd3gwVjR3S1ZzOGItclp2OW82MzNGSVloRXNwQ3ZSY2lkc0VLVWgzbi1Sd1VmUE8wU3Z1dHlqRHUw0gFwQVVfeXFMT3JPMmZyQjBBYUpZcWRCWENqYjdkcHZMaWplSjdJR2tFNkwzcWpwaFhvdmFsOEdaMjBLaGdpQ1VLOGZ2UXpsNkFsc2t2VWZsOVcwWXctRTktazFXVG1ybHFRcFFkSWxLTTQ1X2xjOXRQQg,More,9 hours ago,2026-08-21T15:24:47,Defense Post,"https://encrypted-tbn3.gstatic.com/faviconV2?url=https://thedefensepost.com&client=NEWS_360&size=96&type=FAVICON&fallback_opts=TYPE,SIZE,URL",2026-08-22T00:55:26.062749
Defense contractors still struggling with basic CMMC requirements,https://news.google.com/read/CBMiogFBVV95cUxQc0MyMGN3YkkyaEFKZ2draVo3el9zS1RhZXVQb0k4dWgtT21DdHp5cmZkc2h5a1M0R2trbjNwZ3lBUVFaYlN5ektnTUdyOHlGVDNmRnZtWDVKZHM1NWtneHJoOFFYNVZTbldYV0xrVlp4QUVNRTB5Ml9ib1ZEbnRRdmtrRVVZSGhkOXdXU2VQRXlReFpsR3NvbF83R3V3U0VaaEE,More,9 hours ago,2026-08-21T15:21:47,Cybersecurity Dive,"https://encrypted-tbn2.gstatic.com/faviconV2?url=https://www.cybersecuritydive.com&client=NEWS_360&size=96&type=FAVICON&fallback_opts=TYPE,SIZE,URL",2026-08-22T00:55:26.062751
"Navy secretary warns of ‘coordinated, multi-domain’ campaign against personnel and installations",https://news.google.com/read/CBMirgFBVV95cUxOSk9FLUFYQ3hHeU9vYl9rRGpsbngyMW51bF9lWjdFY1Z4bDBranNLVjhzTlJQSVcyVXNjcE84VHYtSWY1R282RTVtSkhPdV90bkhPMzlQQmR1ZGFmM2NJRjl5blFkMGMwNmd6OFpYSExPYklEQ3VFanhTQ3psMnFVeXlJcjk5OXp2c1FyM2pEdXdnMHl5QlU5NnpZTC1ESmJvdnFSbXp5cF9raVNaalE,More,9 hours ago,2026-08-21T15:20:58,Iran Cyber,"https://encrypted-tbn3.gstatic.com/faviconV2?url=https://defensescoop.com&client=NEWS_360&size=96&type=FAVICON&fallback_opts=TYPE,SIZE,URL",2026-08-22T00:55:26.062753
"DAP Health Settles Data Breach Lawsuit for $1,300,000",https://news.google.com/read/CBMicEFVX3lxTE4tQXpyaHVpZWN6b1V0Uy1wZTNEbVVvNGNzRGlCQ2RSLUpiajJMVTZ3RnRTQnFRUnlINklrZG1YVUMyeU90TV9pMG5TRVBjR0NOZDRZczJRMV85bHMzTXE4dTcxR2hoQ2dKQ1FMa1EyZjU,More,9 hours ago,2026-08-21T15:17:59,Data Breach,"https://encrypted-tbn1.gstatic.com/faviconV2?url=https://www.hipaajournal.com&client=NEWS_360&size=96&type=FAVICON&fallback_opts=TYPE,SIZE,URL",2026-08-22T00:55:26.062755
Singapore Institute of Technology and IBM Aim to Establish Quantum-Safe Centre that Addresses Post-Quantum Risks and Advances Singapore's Quantum-Safe Resilience,https://news.google.com/read/CBMijwJBVV95cUxOX09aaExEd1p2c3Jsd1dvdU00bEprUnBjUF9Vc2t6ZG90aDJ4MGpGMWxXVmZzSEFTU3Y5bWRHb1FjcWhNeXg1bHB5MUZZMkh2MUpPYjVidENvYm5yOThVNENyYlFLSklLdlYzak9JRW8yWjNzU1RWN2prZU81R05FZjNMc1AtWHpHbmtPWVFMMGR4OFdvSUFWT1g3MHB5NHcxdFhMdkQ4X1hHRTBqSkQwTjFFaXViYlVBWnhFVnptTlNhQnFKOHdFb1VfdU5KeDhtd1didDBHaEVBODE3dHh5dnJoOU12N0R5bHJzbllZaS12ZERuQjlxaUlzUjVxWll5NlNsU3g3TVZBd2Q3WkdF,More,9 hours ago,2026-08-21T15:14:11,Critical Infrastructure,"https://encrypted-tbn3.gstatic.com/faviconV2?url=https://democrats-homeland.house.gov&client=NEWS_360&size=96&type=FAVICON&fallback_opts=TYPE,SIZE,URL",2026-08-22T00:55:26.062758
Building a layered cybersecurity strategy for fire and EMS,https://news.google.com/read/CBMiogFBVV95cUxPNHJNSWRMeWc5TThaYjl5M0RyR0tRbjRJekowVlNKemRoMHNLNUpTSkJWSzZsajlkUzk4cWdIQmJMUzJrejRvQ2hoZWN3clRsSWdLc2Q1cUdGa3BvMFFoQnBxLW9oS2lMNmJOR0RpdkRFRWJWeDEwTHVmT1VGa09BU283ZWpvcjVKdE9lSHJ1RGpVNDVLc2pIeFExSkhZVk5MQkE,More,9 hours ago,2026-08-21T15:10:28,Advanced Threats,"https://encrypted-tbn1.gstatic.com/faviconV2?url=https://www.firerescue1.com&client=NEWS_360&size=96&type=FAVICON&fallback_opts=TYPE,SIZE,URL",2026-08-22T00:55:26.062760
"Army cyber defenses need ‘dedicated funding’ for AI, top official says",https://news.google.com/read/CBMipwFBVV95cUxONE9oRDUtckdkMjNXNF9CX1NsWGVjZXo1cDhOaEt0UDFidFRMUFFoUkdQQ1d2YjBVQ0E4dVlvaTUycXdFdlNqTWNUZFZYMl9SOWltdTYtRGljX0RscnhPX2pMSnUzazc5OThETGxmMllvLU5PUGZQRDNESmVHX2N0UWVNS1JnVWZYTFpGUzM2RV96ZDdZa0ZXRHlBMVhvUWszVWZyQUQ5VQ,More,9 hours ago,2026-08-21T15:10:22,Cyber,"https://encrypted-tbn0.gstatic.com/faviconV2?url=https://breakingdefense.com&client=NEWS_360&size=96&type=FAVICON&fallback_opts=TYPE,SIZE,URL",2026-08-22T00:55:26.062762
Lawmakers seek watchdog review of federal hacking of Americans,https://news.google.com/read/CBMiggFBVV95cUxQblNHdHNFcF9OOEtRbk5aSFlsUVByODAxOUV1aXRMbnV6aVg3V051aVdENWNSZk1hRUtTenhxX3I2MXRMdi1SSlVReEdwRExUY2puRjlIbzMzSmtPWjNxYTdIeGZJc1N5S1E1RU1kYWt4Z01pWXNtM09NVU13QWpjV1FB,More,9 hours ago,2026-08-21T15:06:30,CyberScoop,"https://encrypted-tbn2.gstatic.com/faviconV2?url=https://cyberscoop.com&client=NEWS_360&size=96&type=FAVICON&fallback_opts=TYPE,SIZE,URL",2026-08-22T00:55:26.062764
Alberta minister faces more fury at second town hall on AI data centres,https://news.google.com/read/CBMiggFBVV95cUxQUFRFeUZKeU95cUJTQUF6aS1CLXQxaTRrdHFqX0YwTV93TzN4RGNDaWs5TFJEMEtVZm00ajlseUFZRHctYjFhSjF2dGFVNGt1MzNvRGNOUHRpd3hoTVpFZXI0bTNQUm1KY3BFd1drQWMxbnplVVNLZDdMOFNlSmFvZUZR,More,9 hours ago,2026-08-21T15:06:09,CBC Canada Fresh,"https://encrypted-tbn1.gstatic.com/faviconV2?url=https://www.cbc.ca&client=NEWS_360&size=96&type=FAVICON&fallback_opts=TYPE,SIZE,URL",2026-08-22T00:55:26.062766
Palestinian who tried to stab soldier in Jenin overnight identified as father of terrorist behind 2022 Tel Aviv attack,https://news.google.com/read/CBMizAFBVV95cUxQZktxRmJvVTRNMnlUdzZvVXZ1WUFkSEVaVnEzdEN6cUdLbjFvcGJ2UmhhN3pnSC0zYS1QWWNKZGs0ZDJJTEQzVWtLU0dieDBtUGlHSHFEaHgwU3VJUDJvekNHbVhzcnhXX2RmN1lTTkJ2SFo4d0NFeElvTmlRX21tSnhrTlBxb1hwUTkybHlGZWRnYWtwc195ZzJDMkkybFRrNnRCems2ZTVIc2JadnhjQThKVVBFZ3YtbEw0d2thMU0tZWVXLVhVYWtUNkM,More,9 hours ago,2026-08-21T15:03:21,Times of Israel Fresh,"https://encrypted-tbn3.gstatic.com/faviconV2?url=https://www.timesofisrael.com&client=NEWS_360&size=96&type=FAVICON&fallback_opts=TYPE,SIZE,URL",2026-08-22T00:55:26.062768
A County Got Rich From Data Centers. Some Question ‘At What Cost?’,https://news.google.com/read/CBMikwFBVV95cUxQcV9iU2cyOWd2eEx0X1N5RWhONl8wLXZvTWtOV19rNmo4ZXd6R0ZPSTVwYUdyLUw3UElPcXROZ2cyeFVhUWx2MnZsVERBMjRXRW1TeC15Sk5YM2ZKemRfUUZpS053OTlFVXVNdWJ2cDNQOUt0eGp6Q0RHQmJGM0FRcUVOTy10dDQxTFFpa1IwRlRkOGM,More,9 hours ago,2026-08-21T15:02:00,NYT Fresh,"https://encrypted-tbn2.gstatic.com/faviconV2?url=https://www.nytimes.com&client=NEWS_360&size=96&type=FAVICON&fallback_opts=TYPE,SIZE,URL",2026-08-22T00:55:26.062771
Why I Am Leaving Montreal at 70 · עוזב בגיל שבעים,https://news.google.com/read/CBMi5wFBVV95cUxNOXgyRFQxUDJYZlgyTk5fSkdPbU92UW9kZzVIU0tTTWczdFgtYjhPdFFPMEp4ZlVEbFhYal8wMDhERWY2bWptWVc4Q1c0d3RUcHIzV3lVcXYzbUtUcHJwNDFXRGZHazBmR1pWQURBUlN6aG1aY08xVUJPVDBNM1VhMlNYVVVBT2dFSU0teHVVTjZaTGM1Y2gtcGw5MDBVeTNnMF9MSnNKaVFWdXFfcWNWSXVrUEl3TGJ3U0lUSXZKaHZuUnRTM3ZBTUlIaXhvaWZEaXJTUFJPNUZKNld5VkFTdlFaM192UVE,More,9 hours ago,2026-08-21T15:02:00,Times of Israel Fresh,"https://encrypted-tbn3.gstatic.com/faviconV2?url=https://blogs.timesofisrael.com&client=NEWS_360&size=96&type=FAVICON&fallback_opts=TYPE,SIZE,URL",2026-08-22T00:55:26.062773
ServiceNow’s Biggest Security Bet Is Turning Risk Into Action,https://news.google.com/read/CBMijwFBVV95cUxQVTVkWGd2Nm9RWTRFN3BYLV9iNHY1ZXkyb0IyS1Y4TkJkd0VNMGpzY1VGXzV1NFE3OTR4UjRPV19XdW9pVWNVMkpVN2FzbFpvY2lQN0swWUdmdHZka2JKWE1jbi1WSHBZMEV0X1ZjQ254LVhZdV9MRzIyRVN0MG91dEVaRktvYmI4R29OWGJhdw,More,9 hours ago,2026-08-21T15:00:00,AI Security,"https://encrypted-tbn1.gstatic.com/faviconV2?url=https://cloudwars.com&client=NEWS_360&size=96&type=FAVICON&fallback_opts=TYPE,SIZE,URL",2026-08-22T00:55:26.062775
Hackers poison popular Rust crates to steal developers' credentials,https://news.google.com/read/CBMivwFBVV95cUxQRTRteElWNndKRlJDVjNERFFfUklGOFRtY1F5WG1SVHBxYVNOMFk3b1Q0bHQxbF9LQjNVdURmVS1hSDlxbzU1YWJRZlA2WDA5LWRTOG1WWlBCS3FlMks3M0xYQi1TLWlTMWdmd0w0dVN6dDBRTHRSZTNxQXk5aHJLUEQxTXNRalByQ3o3ZmxIY0tuWld3ZERPc1pJSDU5SGpwcGRvdG15UVl1UUtLTWEwcUVkR1FIVW40RVNoMU5HOA,More,9 hours ago,2026-08-21T14:57:00,The Register,"https://encrypted-tbn1.gstatic.com/faviconV2?url=https://www.theregister.com&client=NEWS_360&size=96&type=FAVICON&fallback_opts=TYPE,SIZE,URL",2026-08-22T00:55:26.062777
Chinese Hackers Use AI Agents to Exploit Web Servers and Automate Attacks,https://news.google.com/read/CBMickFVX3lxTE8zM3pocVlYa3NfN3FMSUpfUWFId2dQeVBudnlZSzN6WXY3U2drZWgwWERfSm1PcFB2VG9OSkhtWDU0c3FjX29QRTA5SVdMR2QtdHpSX0RZeVBfUlNKM0ZBcG9FVHhrR3Y3cUxhbG5Mc3hTZ9IBckFVX3lxTE8zM3pocVlYa3NfN3FMSUpfUWFId2dQeVBudnlZSzN6WXY3U2drZWgwWERfSm1PcFB2VG9OSkhtWDU0c3FjX29QRTA5SVdMR2QtdHpSX0RZeVBfUlNKM0ZBcG9FVHhrR3Y3cUxhbG5Mc3hTZw,More,10 hours ago,2026-08-21T14:54:51,Network Security,"https://encrypted-tbn0.gstatic.com/faviconV2?url=https://cybersecuritynews.com&client=NEWS_360&size=96&type=FAVICON&fallback_opts=TYPE,SIZE,URL",2026-08-22T00:55:26.062780
Microsoft blames Windows gaming issues on RGB lighting devices,https://news.google.com/read/CBMisAFBVV95cUxNRElWZlhfdmlYNkNpWFlrcXVHLVgxUGkwWGVETWJhN1JwTDhtbm5yLVoxWTd0Zkp2OGNuOE5lRFFvVnF2bk1YOTNjeE5HcWxZcWZmWHUxeTBnOG1zXzJJS2hZakxCNWJVOHYxWHJjN252VmJsTUtlOEt6bGtzUUY2V3k3ckVQaFZBZUhIajhJcXFIZjAxRXMwUk9NdG02SzhXbVY2bk8tRTJOX2tyUG5SZNIBtgFBVV95cUxPSWZCTktBR3RUU1RiVXRYRTkzY0VPd2VaR1VyTGVJMEJnbGlIVi1mcXA5aVFUX3N6Vl9OTXRhNjc0RjVoZWlXMC1WZF9wc2lWdk9WbDdITlhxNWtSYV9oNm5YZzNLdU1FeWFoZ3ZHUVNSNlJHQW1sX0dMVlFFU2tCUWt1ZmROVEtPN2ZzcHNlU3F0TnZ2cWYxa09KMTVpeVJfaEJtRkVFUzVpaDlUcGJkVEJhOEpPQQ,More,9 hours ago,2026-08-21T14:54:49,Bleeping Computer,"https://encrypted-tbn0.gstatic.com/faviconV2?url=https://www.bleepingcomputer.com&client=NEWS_360&size=96&type=FAVICON&fallback_opts=TYPE,SIZE,URL",2026-08-22T00:55:26.062782
"Building India's National Cyber Reserve Force: Feasibility, Models, and Strategic Value",https://news.google.com/read/CBMi3gFBVV95cUxQaE4xSWs2YU43bGlHZ3dhRXNSa2hsV0NQcVJZSkRDZDRRZlUxeGlvV25uanQ2TjdZZExDMXdoazhhdndMX3VYQm1rMmp0OWtDWjR4ODhyenZPRkgxTDFhZGxnRmFURTJ2bXdvMS1zbmtmLVQ1eG5ZcVVEdkxLREs5Vy1XNnVMNGNtQzRrLXNQRjk4Qkh6Sm1SbzNSSk1DVEZwNmZmY1lra2hMTGxXMUtzY1ItSUdfX1FXRDdJT0V2VDlRU3QzSDZXZmM0dUt1SXVfTHluc1lrc3ZGenI2ZXc,More,10 hours ago,2026-08-21T14:51:30,China Cyber,"https://encrypted-tbn2.gstatic.com/faviconV2?url=https://www.natstrat.org&client=NEWS_360&size=96&type=FAVICON&fallback_opts=TYPE,SIZE,URL",2026-08-22T00:55:26.062784
"Dutch police crack Google Pixel in murder case, GrapheneOS denies involvement",https://news.google.com/read/CBMiekFVX3lxTE9tNHJtb0Q4TGdCcld3SkFpN0p1czdMU0ltRDl5NUZ6dnZaT1poWHVDa184SUFYQldzUHpyTmhxRmZTbjlpaFNEUXJ6UFRBZGdHSE5pdzh6dnhGTGlONTZTbGtJUURYbWNLR3p4Y21GOC03ejZaajQ1NUNR,More,10 hours ago,2026-08-21T14:51:13,CyberNews,"https://encrypted-tbn2.gstatic.com/faviconV2?url=https://cybernews.com&client=NEWS_360&size=96&type=FAVICON&fallback_opts=TYPE,SIZE,URL",2026-08-22T00:55:26.062786
Citadel offloads 80% of portfolio scooped up from Situational Awareness,https://news.google.com/read/CBMihAFBVV95cUxOMFV1YnZiWEpERzZsbGdLX2tyZGNmUW1HWFM3R2xFM1AzUGlVOFE4SlhrSTF1S1pZQ0NkbFRmQ1FEblNOWW1hUXlvYUpJRFlGMW9vR0pPUDBQeEdlTE42bWt5b0VlNk5PMzZ2eWQtVVdoenNTOU0xMk9YS2Y2V3NfYlBZMEE,More,10 hours ago,2026-08-21T14:50:54,FT Cyber,"https://encrypted-tbn2.gstatic.com/faviconV2?url=https://www.ft.com&client=NEWS_360&size=96&type=FAVICON&fallback_opts=TYPE,SIZE,URL",2026-08-22T00:55:26.062788
Russian frozen assets have Australia's Senate fired up,https://news.google.com/read/CBMiigFBVV95cUxNbGdlbTFNSUNFckpiQzdZcjNwbVBYUjZldm9SVnJ1eUYzRHN4cjlRTGN1bThZYTJKWTdESmNhM1FPdnNDYmlqdVBxMjBKcllQRFZXLXJ1SFoxTVJWUzdaUTM0SmdLZ25uNnRIU2ZPcVJ2cTljZk1CUko0T2F4UkdWNmg5Rm4xQWc4UEE,More,10 hours ago,2026-08-21T14:48:20,Kyiv Independent Fresh,"https://encrypted-tbn2.gstatic.com/faviconV2?url=https://kyivindependent.com&client=NEWS_360&size=96&type=FAVICON&fallback_opts=TYPE,SIZE,URL",2026-08-22T00:55:26.062790
U.S. Citizen Who Deleted Phone’s Data Says His Prosecution Puts Privacy at Risk,https://news.google.com/read/CBMijwFBVV95cUxNNm5McHhPblNpRDVVS3JfRS01QjVYWjdFV1hXMWZNbWpjZFhmb3cxanJpV21lZUVNNW5NT0lUVTIwYjduOEhLU3NBSXo5bnFvelpnMFM2YlhoLWtyNnllVFA4ang3VkdMUmNzUHpXT182S0wySmZjTTM3cmJCa19wdmQ4dVl3dlBZb1hfZldIcw,More,10 hours ago,2026-08-21T14:47:03,NYT Fresh,"https://encrypted-tbn2.gstatic.com/faviconV2?url=https://www.nytimes.com&client=NEWS_360&size=96&type=FAVICON&fallback_opts=TYPE,SIZE,URL",2026-08-22T00:55:26.062792
"Iran Must Plan to Overcome U.S. Sanctions After Trump’s ‘Economic D-Day’ Threats, Tehran Official Says",https://news.google.com/read/CBMimgFBVV95cUxOZEpoQTB6TlFFcU42Z2lLV3VhMVJhSS1fTVJTZGxZb0dWLVNSRWR0Mkhmc21CclNXaVpfdW1QQ081Q2xhQkx6NnVLT2dMelZHV0s4MUhzRTV1R1FWc2dCTzFORWdkeFUxOVg0MWZzdTFYcDJDTEJyQ0drdTJQN3A1U3dZNjdlSjF0WjRPQTlxNjZtVzR0S2p0MkxB,More,10 hours ago,2026-08-21T14:41:39,Sanctions,"https://encrypted-tbn2.gstatic.com/faviconV2?url=https://www.nytimes.com&client=NEWS_360&size=96&type=FAVICON&fallback_opts=TYPE,SIZE,URL",2026-08-22T00:55:26.062795
"In Other News: Zombie Card Attack, T-Mobile Cut Cable to Stop Hackers, GitHub Denies AI Caused Bug",https://news.google.com/read/CBMimgFBVV95cUxPd3hDSTJXVy1VbXh3Z0daNjY1WDlyRGo3azJkSWRJUHI4S0dzTDVwNDJKeWl0dDQ2Y0hkRFpCb0N0Vm01bllvSjltQ1RZODgwZkZ2Mmg1Q3JpVTZnS0VsdTExSldMOE00N1h4VjlqcVV2RHBrX2gxUWplNGlBMXZzWDdWTHJlXy1YbGRPSGEzb0hPVUN1SGlzdnlB0gGfAUFVX3lxTE94aDJTUU0tZDlHM1d5YnRIZGd0SzZjZlp3SmE3blZRaVlTTERlbVdBTzhJZ0taVzVWMC10OHRKRXZNOWgzLTFWa0E0NDIyNTVPU2hQQXRKNERhSUJWYkptMDRoQTV4d0hUT2xmdzRvWTd4MFJnajl4MHlBcmhvWGNPSDJfdm0talRETzNfeTZ1aXpTdUZYUWZhYzB3M1M0TQ,More,10 hours ago,2026-08-21T14:34:05,SecurityWeek,"https://encrypted-tbn3.gstatic.com/faviconV2?url=https://www.securityweek.com&client=NEWS_360&size=96&type=FAVICON&fallback_opts=TYPE,SIZE,URL",2026-08-22T00:55:26.062797
How Penn State students ran an alleged cocaine ring - until it all fell apart,https://news.google.com/read/CBMiWkFVX3lxTE1XVzhkaVV3VVdrd3F6TU9odFF0aGdQdlVHV3pPT2EzSVNoQ1BQb0g0RmpLZ2hrelpOUzQxaE1faDFCTDVRcVJkWFpCSDA3LUU1SUdURXVhU1Nudw,More,10 hours ago,2026-08-21T14:33:33,BBC Fresh,"https://encrypted-tbn2.gstatic.com/faviconV2?url=https://www.bbc.com&client=NEWS_360&size=96&type=FAVICON&fallback_opts=TYPE,SIZE,URL",2026-08-22T00:55:26.062799
HPE Named a Leader in 2026 Gartner® Magic Quadrant™ for Enterprise Storage Platforms – Company Announcement,https://news.google.com/read/CBMihAFBVV95cUxPb0lXVHFUYlhOSWFHVmdVSEdkb3JzOXIwM3h2SjloOU82aGllWWtscDVQSElvSXVHVjY0YTdyTmtCMUtiRUhaSHRhVkJobFRIRC1LVjJSQVc3Q1VTcVdUa2pHUndUeldNRmIxaWN3QWdlbGZOUXdNN1RPN1lHZjNMTmVTN3o,More,10 hours ago,2026-08-21T14:31:02,FT Cyber,"https://encrypted-tbn2.gstatic.com/faviconV2?url=https://www.ft.com&client=NEWS_360&size=96&type=FAVICON&fallback_opts=TYPE,SIZE,URL",2026-08-22T00:55:26.062801
Rust supply chain attack exposes Solana ecosystem components to potential remote code execution,https://news.google.com/read/CBMieEFVX3lxTFBvWVhTc0xFalRTSTdTWUtacXhGd2lEVWZxNXlLZGVFWXdZejBkT3U2TDhQTkdrUFlXcDAwaEVCYXVEc1dOS1dHRjk5UE5sUXM3MkNNMHBQYUQ5aXRkeVpNeUpKNFZvbUVyM0w5ZkdwZGphbnJlMDJWMA,More,10 hours ago,2026-08-21T14:30:13,DPRK Cyber,"https://encrypted-tbn3.gstatic.com/faviconV2?url=https://cryptobriefing.com&client=NEWS_360&size=96&type=FAVICON&fallback_opts=TYPE,SIZE,URL",2026-08-22T00:55:26.062804
Malware in car infotainment systems: how infection occurs,https://news.google.com/read/CBMijwFBVV95cUxOTWFSUGFBZ2RmNWZLNmp4VVpQenY1elJOSGdCZk53YzAwTmRSVnUxVk9za2dKcXNTOTBYd1pwOWt1aGNLU01DS3p0Uk5EY0wyWTJoMk1jQzJVR0plUzVvNUYzMkc1Q3VaYU8yN0NBNG53QlZVWmJpZ2FmRFdEb05uTklYeGgtTjM1VzFiMGhQaw,More,10 hours ago,2026-08-21T14:29:21,Kaspersky,"https://encrypted-tbn1.gstatic.com/faviconV2?url=https://me-en.kaspersky.com&client=NEWS_360&size=96&type=FAVICON&fallback_opts=TYPE,SIZE,URL",2026-08-22T00:55:26.062807
"Rust supply chain attack briefly infects Solana ecosystem with malware, linked to North Korean hackers",https://news.google.com/read/CBMisAFBVV95cUxQSFFWS0dGSXNIcy1yZ0gtOVlNU1g2YzJoUlRITnNHVjBKTDY1N3U4UmdNQk1GSzVNclFlTFFya0RlYl9EMDZTQVVaMU5HQUVNZE9udEExMV9jUndUOWlWR180VC1JYV9zNFVqYmRHSHpoVFNxMVM1LXpBX1RIdURPS0dPc1hRZFpuRDJEMnhzRm4taDNNLUtROHdlaktpcW54cFVER0U0MGUwLTFRc0F5OA,More,10 hours ago,2026-08-21T14:28:55,DPRK Cyber,"https://encrypted-tbn2.gstatic.com/faviconV2?url=https://pluang.com&client=NEWS_360&size=96&type=FAVICON&fallback_opts=TYPE,SIZE,URL",2026-08-22T00:55:26.062809
"Turner discloses data breach of salary info, bank accounts, SSNs",https://news.google.com/read/CBMinAFBVV95cUxQTnlRbmRvemVCLXgzcmU0dndrMUxSdUhFbGZpcG5sd3RvaE1IOVcwaWFvU0FvTFAtb0Q1YlVYcXBrTjhyV1IxYkFGQ1M1THZMalVmdkJ6ZGlxNHMxTDhrODl4UkVfelM4SGFsc3ZhbDM5R3d2OHNtWG1wWkd5X1ZPOG9MUnhkNUp3UE53andtSmM5N2NqNEdzRUY0X2E,More,10 hours ago,2026-08-21T14:24:48,Data Breach,"https://encrypted-tbn0.gstatic.com/faviconV2?url=https://www.constructiondive.com&client=NEWS_360&size=96&type=FAVICON&fallback_opts=TYPE,SIZE,URL",2026-08-22T00:55:26.062811
"Ex-Abercrombie & Fitch CEO Mike Jeffries competent enough for trial, judge rules",https://news.google.com/read/CBMiWkFVX3lxTE9Ma2E4Y3UyMFE0TFhibFBRR1pkRk1FengtS3VnVklwZmh5RWQ5YzQtVGtlS0RpUVYzQl9jMTlWcVQwYnhqdldJRzdfeEFodXZLT01EMFJTRms3UQ,More,10 hours ago,2026-08-21T14:23:22,BBC Fresh,"https://encrypted-tbn2.gstatic.com/faviconV2?url=https://www.bbc.com&client=NEWS_360&size=96&type=FAVICON&fallback_opts=TYPE,SIZE,URL",2026-08-22T00:55:26.062814
"Under Trump, Protected Wild Horses Are Going to Slaughter",https://news.google.com/read/CBMijgFBVV95cUxNbVd6dmlwcFlZaUhadHBCa0Y1d3U2bnhmRDZocTZSbFE3WV80cGE1ZFNJS1BNcGtmd3hRWXRKbENJeURsQ1RHSzRycFJPRlY3RXNpNy1SYlhObmpRd0lFRnBwUlMxc3hLRmJTVjIyVTFsNTFjVkxIQXB4NVpzRHU3WmlsczV2WXB4RC10ZHhB,More,10 hours ago,2026-08-21T14:20:00,NYT Fresh,"https://encrypted-tbn2.gstatic.com/faviconV2?url=https://www.nytimes.com&client=NEWS_360&size=96&type=FAVICON&fallback_opts=TYPE,SIZE,URL",2026-08-22T00:55:26.062816
Kennedy Center’s Plan To Inscribe Trump’s Name Called A ‘Breathtaking Act Of Defiance’ In Court,https://news.google.com/read/CBMitwFBVV95cUxNSHcweEFpaVJxLWhEQllXNDZISllhRkZ6QnI1emdJOUpUSDlJbWVsanBSOGdzTVVqN3BoOXpIYldHWVJXb3Z6T1dXVGhUSjA3eVJZM0lwc1hFb3FFbWJMeVh3dWlfcVBodHFXd24zcHYzaF9oZ0NkMnZoVDA5NERLeDZtcUg4VFplV0hxN3UzdHFqVVVwVlg2WkhqQ1BkRm9aUWZOb3ZjclN0RnR1cDA1eTViWTNwUVE,More,10 hours ago,2026-08-21T14:18:44,Forbes Cyber,"https://encrypted-tbn2.gstatic.com/faviconV2?url=https://www.forbes.com&client=NEWS_360&size=96&type=FAVICON&fallback_opts=TYPE,SIZE,URL",2026-08-22T00:55:26.062819
Japan to invest additional $940m in homegrown chipmaker Rapidus,https://news.google.com/read/CBMitgFBVV95cUxQdXZiZUpHWGVlM2ZLUTBTcGwzX3JJa1NDZGlXcGQ0ejR2MENHTFhNMXRsOVpob2dYU2lHdTdJZWhsZWF4X3VEdUR1TGRMWmN4LU1PQ0ZYdjRIV3ZfTkdRVHdPUlBqbUNFY08zbTFaNHNHQWhfTkg4Q0htLTdTY3hZcWZyaXAtSnJFUzNVT0R4Nk16N19fTmpFQ25PLTR4UTduWld6MExLeDllVWlFZEdxMjJwTW14dw,More,10 hours ago,2026-08-21T14:15:00,Nikkei Fresh,"https://encrypted-tbn2.gstatic.com/faviconV2?url=https://asia.nikkei.com&client=NEWS_360&size=96&type=FAVICON&fallback_opts=TYPE,SIZE,URL",2026-08-22T00:55:26.062821
MAGA Inc. sits on campaign cash as donors indicate only Trump can save Paxton,https://news.google.com/read/CBMihgFBVV95cUxOMi1BTmdkSzlaYWNndkY1d1N3bVJfS2F1dHpBSnE5V2NNYUFSaTVnNU12TncxblFnMFo3T2hnOHFSdVhhZFNkU1phdEJKX3F1NmpHRndXaGJHem01QUdNMmdhd21fQWlpTDBZRVBHUlctYzZrZndFdEJfUXluUVBSSEhaZlBBdw,More,10 hours ago,2026-08-21T14:04:00,Politico Fresh,"https://encrypted-tbn1.gstatic.com/faviconV2?url=https://www.politico.com&client=NEWS_360&size=96&type=FAVICON&fallback_opts=TYPE,SIZE,URL",2026-08-22T00:55:26.062824
Russian network monitoring firm confirms cyberattack claimed by pro-Ukraine hackers,https://news.google.com/read/CBMiqAFBVV95cUxORzJlMG9BZUJlN2FsRDJLbUw0WV95Y0ZKUzZWMUFKNm5rMFIybkZaWlNwRG4zU1AwT2RMc09neHpCeGJqc1FCRmc3OEVCRG1qZzI2SU5SdEJVbUZOVUJ3VHpqLUM1NFh3OEZSTi1HdTRId29aTXJkRUV1bVpRMlFQdjl3aU15ZThTTl9fSFllRkdaS2lBZ0dlU3VJMHFxVm83WWI1S0ppMEk,More,10 hours ago,2026-08-21T14:03:46,The Record,"https://encrypted-tbn0.gstatic.com/faviconV2?url=https://therecord.media&client=NEWS_360&size=96&type=FAVICON&fallback_opts=TYPE,SIZE,URL",2026-08-22T00:55:26.062826
Microsoft patches critical vulnerability in Entra ID following active exploitation,https://news.google.com/read/CBMixwFBVV95cUxQUW5tdVBBcEhWZ3JjUF9pWFRMd0o0TzdKUjlIa3lybUpTQ0JXSjFRYVB4YzhsWVNZLUFwZm5aN2czOV9fQlowZDFiYm5wVWFmQ3pGUnY2R2h3cTREZFRaUDl6ajF0SGNVYmZJUlN6ZVowaFJ0RkFCVkk2aVRDSjBhZ0dtQlg4anMxVEpwdnV0by1ORjN4aDJWYkZ1QzF6N2dSZGszU3U0YWtrRlprWUIzUmdMVXlUNDEwbXVIdlV5VHR2eWhMZ0Jv,More,10 hours ago,2026-08-21T14:03:32,Microsoft Security,"https://encrypted-tbn2.gstatic.com/faviconV2?url=https://www.techzine.eu&client=NEWS_360&size=96&type=FAVICON&fallback_opts=TYPE,SIZE,URL",2026-08-22T00:55:26.062828
Apollo Global confirms data breach after hackers target financial firms,https://news.google.com/read/CBMi2AFBVV95cUxQS1hXdk44ZnRfU095VFdqRXlIQ29PZ3QzemRSRTRJREcycGRUdWMzSGphNWJveG9kMXQ1UUlwd0RQaER0QTdVNlVWUHZidVdCc2xkcW5PWXVWRWVzNXk0UThmVFpzYVpaNWxPNmxmN2JvMU5hc05Rci1jbC1zbXRUU2NVY2RXWmtic1M2SnlUNzkyZXRCb2toZmlMaEN5YU1QRkRKZ3VaS1VxSk9qc1RWVEh3T0xsaWY1aVdvX1lhRmM3RVZZWDFBMnEyTWNoVVJjc2N2eWlmZ1E,More,10 hours ago,2026-08-21T14:02:46,Hackers,"https://encrypted-tbn0.gstatic.com/faviconV2?url=https://www.tradingview.com&client=NEWS_360&size=96&type=FAVICON&fallback_opts=TYPE,SIZE,URL",2026-08-22T00:55:26.062830
Japan and India discuss collaboration in health & medical device fields | Akashvani News,https://news.google.com/read/CBMimwFBVV95cUxPVUp1a2VoOGcteFQ5b2UzUWJaWXJFMGdBbDZVTzFTenN3MHA5eUVLYkVHOFNoMXlvYnRFV2t1V3gyTkJZbzJzYWFrZm04RURtbmw1SWJ3b05Xd0RvT1h2eFRWMzE0VktUeEFFMkJnR0lUV0lta1RoSmdXd1pmNXJBNFlHeThsckJzVHRZUGhnd2JnZ0hHbkpaam1SWQ,More,10 hours ago,2026-08-21T14:02:40,Quantum Threats,"https://encrypted-tbn1.gstatic.com/faviconV2?url=https://newsonair.gov.in&client=NEWS_360&size=96&type=FAVICON&fallback_opts=TYPE,SIZE,URL",2026-08-22T00:55:26.062832
Russia says ready for ‘new ideas’ on Ukraine war that match Putin’s goals,https://news.google.com/read/CBMiqgFBVV95cUxObGlqU2dNSTRUM0J3dWhOcnZteXlGdVVRM0dNMEpTUlBMVjllZ1Buakhha2JtQzBLQjlwR1ZRNHlYTWNGc2d5Y3VFWXpjSjNtRFZoSHBaa2dXOXZwcjF4cEhzNGJSU0d5a0tjdUstS2hELVdRZm9rODZnLXVBNGFXd0U5NTNyUlMwR0RwTHE0aDhXWWpVbzJZOURDZ3gxYnYzUWZwVjhkdW9yQdIBrwFBVV95cUxQUlVqUi1GQlRNRkY1bzhvb1ZpV0dpd21lMjU5Z2V2c0xVemxGamJrX0F1VjNyS2hsMDZBYU9vVW5udzVRNkd1OElLYVl2SUJZMmlUTGYyMlhSY2xOT2kxMmI1ZUZQWFBvUFRrNXJRZk9JSWtXcnBERXdsN3hMSHdhMC0zRFJFbTBxb0lJbFZUd08wdXR3c1g4dk5vTlNTdm5IOEx6VjdwV2NpbFNFOTlv,More,10 hours ago,2026-08-21T14:01:36,Al Jazeera Fresh,"https://encrypted-tbn0.gstatic.com/faviconV2?url=https://www.aljazeera.com&client=NEWS_360&size=96&type=FAVICON&fallback_opts=TYPE,SIZE,URL",2026-08-22T00:55:26.062834
US Bank data breach claim: LockBit sets leak deadline,https://news.google.com/read/CBMifkFVX3lxTE9adWJ4Wk9kWGt5TUpIaWl2OVlyTnV1NjRXd21BMTR6TUQ4eEhrT1ByRmFOamVySGZpUHVEbWZrOGdpTlVMYVJIWXowSzhvMHN2SnNjRlo0THl3MHl6Q3luYUg3dm9HQnZfNU1CaldEVGRYWWhleXV1di1LeUczdw,More,10 hours ago,2026-08-21T14:01:05,Financial Security,"https://encrypted-tbn2.gstatic.com/faviconV2?url=https://cybernews.com&client=NEWS_360&size=96&type=FAVICON&fallback_opts=TYPE,SIZE,URL",2026-08-22T00:55:26.062836
OpenAI-backed legal tech firm pivots to Chinese Kimi K3 open-weight model,https://news.google.com/read/CBMiwgFBVV95cUxQQ3V2NUpuTnpmZndzZFE0LTF3Y1dzM05ZLW1SM1I0UTVpV0dsYktwWHNldFZaZ1NMa3otTGE4SkJWLVpJZmx1dkhyU1NZM2tMV1dCcUl2RFhDRGpuemhYdUlVS184ZHloTmtMTk1BV0tYRUs2VEc4RDJFSWhNbmZvWFVVMUZ6YXVCajRsbUVfZjNUaVE5Skg1VnZJaGFINE04MzJ1NEhvdUViaWRoU2ZTSHkwakoxTUVLSURBeEExaGRBZ9IBwgFBVV95cUxPemJYVXlXZ3R5TUJYbkRkV2NmaWN2cUJ5SGxtaHlsSTV1UFJwdVd5R3hKck9hZkY5aXgySVczWldwM1dpS0taOW03OHAxaDE2clF5ZEJ3LXJEX3ljUzhKQ2lOUExNclVSbG5FQ3VmMndsWTE3anpnaG9fX3IyRFlaRms3VXkzS21mb3JjMXFaTE5rQ1h1Z3VzNC02cTNOSFhabTdiQkg0R0Q1RUNUTmNUZEhRcmprTl9MNmEyUHUzTkVfdw,More,10 hours ago,2026-08-21T14:00:10,SCMP Fresh,"https://encrypted-tbn1.gstatic.com/faviconV2?url=https://www.scmp.com&client=NEWS_360&size=96&type=FAVICON&fallback_opts=TYPE,SIZE,URL",2026-08-22T00:55:26.062839
"Russian S-300 Resupply Vehicle Was Packed With Missiles—Then Ukraine Found It, Video",https://news.google.com/read/CBMiygFBVV95cUxNdkprc05HSXB5LVNzMzlJUHE1SXRHcUtnb1cyT3hESnV5VXBLVUJsaUhTZ3N0Y21lUWVjVWxXWWxOODEwUmN1WkVWOVkyd1hzeEZRTEN6azZNa1NZOWRPeVd4NnpSZF9kcmRxRkg0Q1k0Y3VKenYzbTZUTFU2UGlFTUlwQ05VT3BZUTZtR1lLd1lveExaUHFDUVpncEc0Z2wwV29HSWxmRnhvOWVFQm1aM1FQbWcybGlaNzhMX1hmXzk5YmRlRjR5WVp3,More,10 hours ago,2026-08-21T13:55:55,United 24,"https://encrypted-tbn0.gstatic.com/faviconV2?url=https://united24media.com&client=NEWS_360&size=96&type=FAVICON&fallback_opts=TYPE,SIZE,URL",2026-08-22T00:55:26.062841
Securing the Undersea Domain in an Era of Great-Power Competition in the Indo-Pacific,https://news.google.com/read/CBMixAFBVV95cUxOSHJWTkRIYVhoNUpabkh5QTdxYVJ3ZDhMUk02WURkVnh3eEdXaXhyMWNEZXNKb3V1MUZUQlM5dGJlWmlHcnR2c2RCWTJ1ZmVPeEZCdElSNzNUVW1jWm1XckRnZk1uNDhVT2gxQURjY183TmR5R2pPcXplOThkRU1BMlZLNlhUdGs4Yi1RYjZKWVhQd2VlMnRzZTd0S19NSEs2bWdPOEZFRkJ3aFR2Zk05dDNWdkZnak83NkpXcWQ1cjY2TkJn,More,11 hours ago,2026-08-21T13:51:56,Small Wars Journal,"https://encrypted-tbn0.gstatic.com/faviconV2?url=https://smallwarsjournal.com&client=NEWS_360&size=96&type=FAVICON&fallback_opts=TYPE,SIZE,URL",2026-08-22T00:55:26.062843
Colombia: 13 dead in illegal gold mine collapse,https://news.google.com/read/CBMihgFBVV95cUxNSUNVWGY0UWNkNkVVM0RsaE9Cd1hNZ2tGbGlzM0Z0YndxZGVZSEVwQjhRdk1NeXVPZ1BOa0JobnliRXp1MTRZMkZYRlhTUy0yNzd5cGY2MWZjRDRCdnRsS19pbm5IaXB0a0RSa2lfYXRieWFyNUtWSm94ejRReE1zZTFoem1lZ9IBhgFBVV95cUxPMk51QjRBNW1Ic09NT0c4aXZJQ3V2RnU5aVh3bjN2Y0VDY2xUclJ5QlJlMW9HYzNVYk1HMXhlRERUM24wTEk2WFE5YkNtcjN6VUwxNlFVNmdRQ01kTlVJQ296OW1uWFZaR0ctbkRpcU5WUFJiRXowTjhiQlZCRHhGNVJWVmM5QQ,More,11 hours ago,2026-08-21T13:48:22,Deutsche Welle Fresh,"https://encrypted-tbn1.gstatic.com/faviconV2?url=https://www.dw.com&client=NEWS_360&size=96&type=FAVICON&fallback_opts=TYPE,SIZE,URL",2026-08-22T00:55:26.062846
Video. New videos show deadly landslide burying gold miners in Central African Republic,https://news.google.com/read/CBMivwFBVV95cUxQWi1nNG9wVTluNDhKOFczemdOdDBUWDhhM2NjVXNkQXJfUGc2NTdnUUZkZk5kcnBpSmRHc1VLVDRXSERHME85bjUwU3hqbDJEN0N5bFZ2a1Z3dmN5dFNGSGtrUVhNMlZteXRwcVotTHBTYVI0YkVrSm5VakJEWlEzQXdVV2VLV2RZOW15N3VDSExFZ0djRDdTd1ozV2RaakZXRVV5WFJZT1E3OGxMUnZyNFNqQ2poNG1PdjF4QkNTdw,More,11 hours ago,2026-08-21T13:48:21,Euronews Fresh,"https://encrypted-tbn3.gstatic.com/faviconV2?url=https://www.euronews.com&client=NEWS_360&size=96&type=FAVICON&fallback_opts=TYPE,SIZE,URL",2026-08-22T00:55:26.062848
Turkey issues arrest warrant for Netanyahu over interception of Gaza activist flotilla,https://news.google.com/read/CBMixgFBVV95cUxNeEtyeWJGTm5VSF9PY0xXYm4yeUF3ZTJCOC0xSkVtNkIxcEthS2I0a1JNcnlLLUhrY3Q1Zmw2T1VzUEhDbm5TWHZZRkZsUXR2blJBSXVDdHdDM3dWYTlidU5KNlJpU0FYc2hlbnI0Rk0xdXVrbVVrWEo4SEs0bFNJRm4yWWV0NkxoZ2JSbTY1blVVcEF0cGVtWFl3ZHdvOHI4cFRJX1E0RlFXX1U2VWtIQlJmQjJLakxESmdhaTJrSTNOZk05Y3c,More,11 hours ago,2026-08-21T13:48:21,Times of Israel Fresh,"https://encrypted-tbn3.gstatic.com/faviconV2?url=https://www.timesofisrael.com&client=NEWS_360&size=96&type=FAVICON&fallback_opts=TYPE,SIZE,URL",2026-08-22T00:55:26.062850
Interim HealthCare Data Breach? Lawyers Investigate Hackers' Claims,https://news.google.com/read/CBMihgFBVV95cUxPbjFidXFHbXhJTWlfZDdkQWV2NGZhU1VnUnJsUl8wclpNV29sSWtZT1lPcHk1ZFJpaDBDLVJDWXM0ZTZVT281YnBTbEhlOVh5RjVkcnl2aFZobWlweTA5ZFhOMU56dDFqdTJTeV9XQ0dmTGMxNnZUMEFzb3g2WDdZaDJJdm1nZw,More,11 hours ago,2026-08-21T13:47:33,Hackers,"https://encrypted-tbn0.gstatic.com/faviconV2?url=https://www.classaction.org&client=NEWS_360&size=96&type=FAVICON&fallback_opts=TYPE,SIZE,URL",2026-08-22T00:55:26.062852
"No peace, no victory: Are Ukraine and Iran headed for a Korean fate?",https://news.google.com/read/CBMisgFBVV95cUxQcFJwOUxRNmc5a2xlRlNIQ0lPVVRGYzhtX2hGd1U5UVh4QmpvMUxSS2xHenVYWTVzSEROOXRkSUk1RnFzSkVVR1plQ0hJYU1jVmtIVTNBTEs3UTFUd3ZMYlVXSXNndTYzNnllYnVVa0RZNUtpUzhURWdPaEZsRzFvcTZ0SVFfUkloMThlazFJYWhqYnpiWnZ0LVd4YWV3blg1Rmh5TmNleGFZVWNNRUlmZlR30gG3AUFVX3lxTE5iWU9CU09ndUJQakFpRjBEMmd0dm0tWG9paGx6V09WQktpODd4M2pzTjJGUVFxMjdvTGg4VEtONS0wVG9iVDdZOS1UdzZTOWFYbElGT2dDN0h5Sk55ZEp1SzFNVXFLVlhtVzdqS24yWDFHSzRpVnQtcFFGdDdyZEtJZG1aY1RHVDFXYXJsSVExWW81R1A5NV9xdmxCbVY5RnlueHlucGNzTHdtcWtUT3dFRmJjX0xPRQ,More,11 hours ago,2026-08-21T13:45:00,DPRK Cyber,"https://encrypted-tbn2.gstatic.com/faviconV2?url=https://www.tbsnews.net&client=NEWS_360&size=96&type=FAVICON&fallback_opts=TYPE,SIZE,URL",2026-08-22T00:55:26.062854
"BlackCat (ALPHV) Ransomware: Attacks, Timeline & Status",https://news.google.com/read/CBMia0FVX3lxTE5XNy1Hb08xUUpHYlRQNTA0Q3dPSm94WnVfTHkxaTJkNjgzcjN2N0tRLXV2aHI2NjVqWDhGZEMyTkJFUms2cnlpOURralRELUxUcnZlRWhVY29UaWNJWnFzc19CU2lVSFdhSENv,More,11 hours ago,2026-08-21T13:41:50,BlackCat,"https://encrypted-tbn1.gstatic.com/faviconV2?url=https://www.cloudsek.com&client=NEWS_360&size=96&type=FAVICON&fallback_opts=TYPE,SIZE,URL",2026-08-22T00:55:26.062856
Microsoft rolls out Classic Outlook theme for New Outlook users,https://news.google.com/read/CBMisgFBVV95cUxNR0RHdFFjcWoxQ29Sem52c216czh6NVZRUWZYYmVwNHo5c29PNUhEUUJzaUY3NmlDZjBMS0lqWF91T3ZBRlZoUmVMZVVmbkFhTm80WG43ZG96eVNtSU5xLUlwUjNTZGgwMTJpS1hlWnJzSWpFbzhBemhWYlFmaldrYnRJSFoycU0tZU0xcWIwSXJVR2FPMUFOLTAzRmxkOVBUS2tQM0gxVkh5VDl4WENyc0FB0gG3AUFVX3lxTFB1aEhkdFpoYnJKZmM1c25rNjdlblFaRFFwWWRxTmRFcVpxUnNCWE9TNFFwUUpRWDQtS1FZOXB4VzRScFF0VVZjNnBzNzYwOVJmNW1QWTh2TC04Z1JmMGNlRUM2OUk4LTJkVWtDbGxEeW5uU0l0bENxUEVOVThjR1p5QVNEbUcyYXN0VkEwU05kVEh1X21faFVtWGtwRWpFVzF4LVFVNTE5T3FYRHdHcjFEYW15WG9lNA,More,11 hours ago,2026-08-21T13:39:35,Bleeping Computer,"https://encrypted-tbn0.gstatic.com/faviconV2?url=https://www.bleepingcomputer.com&client=NEWS_360&size=96&type=FAVICON&fallback_opts=TYPE,SIZE,URL",2026-08-22T00:55:26.062858
How to get a 24-month Surfshark subscription for $2.49 per month,https://news.google.com/read/CBMigwFBVV95cUxQbWhTRENzSnY4Vm0tc2Z0VjkxbWlGTkVtVEZPVVZTcWwyWndxOGthanVoQkFJMERnQWFEbC1NcWd2T19LZDJWbkxhcUhaY1BPemgtV1RYdjlySFVpS0ZreXB1UzJ2SUpsUG42aXAzTE5aN29aQk1CLTlZcWJHUnRDeTdLSQ,More,11 hours ago,2026-08-21T13:39:00,Independent Cyber,"https://encrypted-tbn1.gstatic.com/faviconV2?url=https://www.independent.co.uk&client=NEWS_360&size=96&type=FAVICON&fallback_opts=TYPE,SIZE,URL",2026-08-22T00:55:26.062860
Product Strategy & Operations Specialist,https://news.google.com/read/CBMihwFBVV95cUxQOWpiMlFDZVR6WVR5akdIbmdMTDVqTi12WnUwaHdEYWloRUwwTDREYlZrY1g1QmctWkkwVk92YWxfWkQwcE5YQk5wbzN0QzlSTEQ1NlVXd1lpR3JCbnZKemVtUGZ4X0o5ZzNLZlFsRTZKeUhmNUlVQkJ3bWJEZVNWOHdUQnlzR1E,More,11 hours ago,2026-08-21T13:38:39,Wiz,"https://encrypted-tbn2.gstatic.com/faviconV2?url=https://www.wiz.io&client=NEWS_360&size=96&type=FAVICON&fallback_opts=TYPE,SIZE,URL",2026-08-22T00:55:26.062863
Prince Harry and others ordered to pay $17.8m costs to Daily Mail publisher,https://news.google.com/read/CBMirwFBVV95cUxQb3hPdGszT0dpUTMwTDZYdC1JdU5Bc1VvanVMX2VGbkp0TXQteDRPalFxVmRsNzdhYTBTRDhxUFRyZHhVT1pzTktfQXVSWGZlM0tOd3NGZ05sb25kbXR4bW1pYk1Ybk9fUU8wb2Z3b0JtTnFxcXpzZ1ktZ21JQlZsa1ZldkFMZC1ZNTF6aG1EQzJOSU1iQzBBOGJiQlJsTHNaMlo3Rzhranp6eHhTZ3ZN,More,11 hours ago,2026-08-21T13:37:48,ABC Australia Fresh,"https://encrypted-tbn1.gstatic.com/faviconV2?url=https://www.abc.net.au&client=NEWS_360&size=96&type=FAVICON&fallback_opts=TYPE,SIZE,URL",2026-08-22T00:55:26.062865
Cybercrime Is Moving at Machine Speed. Is Your Defense Keeping Up?,https://news.google.com/read/CBMisAFBVV95cUxPbDN2Qk02aWljN3IyZERoTk53VWQ3dElJRjlIYnJnZ3A4VktBZ3dTMHBSd3g4MHNQVHZHQXNUdmNqWTFxcXdXOF9ud21RNF9ER3FyaDJnazJ3Qk5uemV5YWRGdklQeUptc0t0NVo0QjlKOE1naDNRMmV0NW9IT3hxaVpTb2VSOW9QRTY5MUNLMHdrTXpwNlRXOHVPdnZabGFfekhGb0s3aDhqM2p2czhGZw,More,11 hours ago,2026-08-21T13:34:48,Quantum Threats,"https://encrypted-tbn2.gstatic.com/faviconV2?url=https://www.bankinfosecurity.com&client=NEWS_360&size=96&type=FAVICON&fallback_opts=TYPE,SIZE,URL",2026-08-22T00:55:26.062867
"One dead, three injured in Sweden high school sword attack",https://news.google.com/read/CBMipgFBVV95cUxPVWNkQW9SeDI5RDRyZG1BLWo1OG5IXy1DLVk3S05YdDh3MGRxLUFIaEZNdXlWNjBVUnd0TnJtZEltOWFRN1RyTzdfaGIxUmZoUHN5T2VYRmxnS2hEdjc3SzEtNDJfRGhRX3Y5WVRTNHVrd0hHSFFEMlFabHY1OHRReWpMWUpWdi1GQTh3NmhZcm5LMDFKTXdHZzZQcEJGQ3gzR1pxaGl3,More,11 hours ago,2026-08-21T13:32:32,Straits Times Fresh,"https://encrypted-tbn0.gstatic.com/faviconV2?url=https://www.straitstimes.com&client=NEWS_360&size=96&type=FAVICON&fallback_opts=TYPE,SIZE,URL",2026-08-22T00:55:26.062869
Student thwarted real-world supply chain attack by rogue Mythos 5 agent,https://news.google.com/read/CBMiogFBVV95cUxPaFFfbjVrWXVwVWYta3ZjYkE1bU5KMmF3ckZYVE5PcDBLQTFpVlFPRFNiTEhnU0t1VG5ZbHRHY2pLdFk2cGtheElYZFo1VW1id2FZR2RQcXVkU2NIWmNNY3FDVWE0Y3E1MGl1djR5THdpQURDaEhQS2VWS2hITkx5eFRodkZNbnlHOHV6QUpXMXRYVXZVajFqRmhHTkNoRVViOHc,More,11 hours ago,2026-08-21T13:32:17,Supply Chain,"https://encrypted-tbn2.gstatic.com/faviconV2?url=https://www.scworld.com&client=NEWS_360&size=96&type=FAVICON&fallback_opts=TYPE,SIZE,URL",2026-08-22T00:55:26.062871
Veridos: Why designing quantum-ready trust for global travel and identity starts now,https://news.google.com/read/CBMitgFBVV95cUxQaDhvd0h3dGJzWV9hRldaZm1vSk82MkExR2NUeHVJblRJWm10c1FPR2Nod3lnUlNCeE5nR0VrQnFsSzVhQmluMVdWUVppY0hPNElBdE10UUpBem11bEFXSDd1WDJrc0FSTTMyU0tGY2pCLWF3aER3a0EtQUtyTUQzMDl0TUJ2cFpGU1RSR3ViUENHWkJlNG8tQ3FsbGVHTXY4ampVLVAzWEZ1U3dmWDFONEJsMDB2UQ,More,11 hours ago,2026-08-21T13:32:00,Quantum Threats,"https://encrypted-tbn1.gstatic.com/faviconV2?url=https://datacentrenews.uk&client=NEWS_360&size=96&type=FAVICON&fallback_opts=TYPE,SIZE,URL",2026-08-22T00:55:26.062873
OpenAI Adds Controls That Should've Been There Already,https://news.google.com/read/CBMigwFBVV95cUxPNUk2a2ZORWR0SU9fSVA5YkJ2Y0YtWk5lcm4yczV3OVUtNXRyaWRoaWo4OEJGQUQ2c3hoM1piU1Z5S3lZc2VfS2tPQ2hwOXJyVXJidDlsOFQwSG9LS0Joc0N4ai1UYVZZMHR4TXRKYTRQcWo3QmNIcW83TkxrQnBQdkFMcw,More,11 hours ago,2026-08-21T13:31:09,Zero Days,"https://encrypted-tbn0.gstatic.com/faviconV2?url=https://www.darkreading.com&client=NEWS_360&size=96&type=FAVICON&fallback_opts=TYPE,SIZE,URL",2026-08-22T00:55:26.062875
San Francisco Dems poised to oppose state billionaire tax,https://news.google.com/read/CBMiqwFBVV95cUxNcW1COHlEelpTSUJBLTYyVzNRSVlyWnZUZXJ4c2NLcjdCWUp0T0lkbHR0RmZkRDgzaVR4VXJyX2U5cFhCVkdQRDBWXzBkMDd6dHFtc3JEY3ZjejkxazI1cFdIM041WDBZLWxKNUJVNnUxWDRlWXIyU29wUzZUc0F4TFplZDJoY05vWElCcXFmakJ1aXQ3TTBTZEdGcTZwb0pDek15UW9jR3JGeHM,More,11 hours ago,2026-08-21T13:30:00,Politico Fresh,"https://encrypted-tbn1.gstatic.com/faviconV2?url=https://www.politico.com&client=NEWS_360&size=96&type=FAVICON&fallback_opts=TYPE,SIZE,URL",2026-08-22T00:55:26.062878
Leonardo Ukraine & Kyiv Defense Industrial Nexus: EW Systems & Counter-UAS,https://news.google.com/read/CBMipgFBVV95cUxQdllFdzg0b1JnVEJSNHZSRHNKU1ExMWJMQ2xIV2hMUnAyR3FBQndsckh5aDZSd3JhWEFUU1R6TlJNWnhCUkRpbmI4NG9BWjlobnE2RElkbVBRRUdwTTJvMUhkcUF3N1RYRjZTbVRia18weWdtMDdjak9PNjVsUWlQaXdMYUkwY1p5OUVjMUlKdGR3bkFnd2dwTDFZXzZkVU9EaTNQZkpR,More,11 hours ago,2026-08-21T13:29:07,Advanced Threats,"https://encrypted-tbn0.gstatic.com/faviconV2?url=https://debuglies.com&client=NEWS_360&size=96&type=FAVICON&fallback_opts=TYPE,SIZE,URL",2026-08-22T00:55:26.062880
"MRNA, SPCX, MSTR and More: 5 Stocks Investors Couldn't Stop Buzzing About This Week",https://news.google.com/read/CBMisgFBVV95cUxNRXVIMDlpM0ZXblF0NFJDMlhJWmJERk8ySmNwSkYwaXpPSmFMdlV1TjFMbmlIR3Q3NS1MTFV3ZktOR3ppc3dlTmhrSVNfLTZMNE1KdWVGX21ZNHBMQnk0R3RBOEE4dlVndUNqNXdWSWFfa0FwR0lGdUVDNC1GTy1XM0JnMVk2UldPYWlrcnNveGJoYldHdTdMTWdIWVpDR3g3SDRSSFJTX05rOVNtLWRYM0l3,More,11 hours ago,2026-08-21T13:29:03,VMware Security,"https://encrypted-tbn3.gstatic.com/faviconV2?url=https://www.pcworld.com&client=NEWS_360&size=96&type=FAVICON&fallback_opts=TYPE,SIZE,URL",2026-08-22T00:55:26.062882
US Bank Investigating Data Breach Following LockBit Ransomware Claim,https://news.google.com/read/CBMihAFBVV95cUxQWmhTVk5WSU1icVk0Qy1BbGN4MEhDcGFGdnFmbEhCelBYRHItNlpVM2Q5MHNFbGJVX1MtZGdYUFhwdS05THQzdnNLaXRlNDkyc2p6d09QeVM2Y0pUc3VBNXp3ZG5nb2dESzA3T0xMcUpocEczdWlfdUsxamM3bWZoMEUxTVXSAYoBQVVfeXFMT2hZYzBHM2stVFAzbVFQSHpjWTZLMmtzaXItUGdJdWVyNy1xSFk0MU16ekpYVktwcjNwSy11cURpcEhIT2FpTDVrMHR2WVlibjZZVk5jVnJOVGN3RTlhSF9KQ1QzVFhpWXhDSlkzY3RjN0JqNlI3VGdONGFhOUluRTRZbEVuYXlsUFRB,More,11 hours ago,2026-08-21T13:28:35,LockBit,"https://encrypted-tbn0.gstatic.com/faviconV2?url=https://cybersecuritynews.com&client=NEWS_360&size=96&type=FAVICON&fallback_opts=TYPE,SIZE,URL",2026-08-22T00:55:26.062884
US Bank investigates LockBit ransomware claims of data breach,https://news.google.com/read/CBMilgFBVV95cUxQX2F1VmN6ZjBCRXF2VHNmSnYyQ19BaTBhNVFfWjltYU41T3ViTUY5VVl2Z2xBWDduZ1R2U1FLUHdnT0ZmRWFRd25HdWZ2OTZRMjZmQzc3djNOYWFheEJqS1N0NHhjRE52Mmt0dExqRk5UdDlNZjZyRWhnY3BYMjVmclh0N25JaDVrUVJLcmhjbDVnUlBLQ3c,More,11 hours ago,2026-08-21T13:26:00,LockBit,"https://encrypted-tbn2.gstatic.com/faviconV2?url=https://www.scworld.com&client=NEWS_360&size=96&type=FAVICON&fallback_opts=TYPE,SIZE,URL",2026-08-22T00:55:26.062886
Israel Arrests Ashkelon Man Over Malware Attacks on Dozens of Companies,https://news.google.com/read/CBMikwFBVV95cUxQZ3V5UTgzbm5sYllJLTNhWUZiSnZkLXRMazJOSV8zLVZMQkFvNUxwbzVXamEzTHYzTFhOZVBDMV9KaVJmSVVVRGhsMDFRa0dnYVlpckRmZFh0XzItTWdwNmNkcVNZU1lWZFNOdDBDVVR3RHZ5TXVwaGpqb21nZnM2TXBWTm9aZ2xmTTQ0YUZRMmg0X2s,More,11 hours ago,2026-08-21T13:18:06,Middle East Cyber,"https://encrypted-tbn2.gstatic.com/faviconV2?url=https://the420.in&client=NEWS_360&size=96&type=FAVICON&fallback_opts=TYPE,SIZE,URL",2026-08-22T00:55:26.062888
Cybersecurity Ventures and World Economic Forum On The Global Cost of Cybercrime,https://news.google.com/read/CBMitgFBVV95cUxPVzJwNFJIZ3YyODQ1bDQxQWtocUsyTUplTk9jTzc2LXdEMVJYejdTa3pDbk5DeFBCN0VkVmRveTBmN2VYcGlnQ2RzS1VYR2V1VFpOWDFlbnpudERLWWI5d0ktRzJ0bElqQjlkMkpVbHFiajRIRV9RdnRkbjdhYWo2LVM4NlZTSExwcVNseUVOZ0NzbmJsSTlaSkVJTVZraEhKS0FEUFRZOE5HZEFEMS10dHVtQjJlUQ,More,11 hours ago,2026-08-21T13:18:04,Cybersecurity,"https://encrypted-tbn2.gstatic.com/faviconV2?url=https://cybersecurityventures.com&client=NEWS_360&size=96&type=FAVICON&fallback_opts=TYPE,SIZE,URL",2026-08-22T00:55:26.062890
Critical GitLab Code Injection Vulnerability Actively Exploited in Attacks,https://news.google.com/read/CBMihwFBVV95cUxQcFdWZEJzUVVSajBwb0NQalN5MW56MVVDdXNaZjNXWGNPaTFCTzRXR1FIS19ZM0dVcjVkUTAxOEp0WjZDSVZfM1ZURDV4QmJfdWF2Nk1pNVpRUW1xR0gzSnRESWdkelZLNkhId3Z6RUFXSDZPN2tlNTVfVFhVNm9TZ2NVSjJ5QmPSAYcBQVVfeXFMUHBXVmRCc1FVUmowcG9DUGpTeTFuejFVQ3VzWmYzV1hjT2kxQk80V0dRSEtfWTNHVXI1ZFEwMThKdFo2Q0lWXzNWVEQ1eEJiX3VhdjZNaTVaUVFtcUdIM0p0RElnZHpWSzZISHd2ekVBV0g2TzdrZTU1X1RYVTZvU2djVUoyeUJj,More,11 hours ago,2026-08-21T13:05:49,LockBit,"https://encrypted-tbn0.gstatic.com/faviconV2?url=https://cybersecuritynews.com&client=NEWS_360&size=96&type=FAVICON&fallback_opts=TYPE,SIZE,URL",2026-08-22T00:55:26.062892
When the President Does It …,https://news.google.com/read/CBMicEFVX3lxTE9DN29wOGREWDZmMkFyd09lZWpWM29tT2tsXzh3SF96djZUS2VKV2VDd3lwQWd1U09LWHRwb1ZweVR6dHM0R3dZdHItZHF4SV9CVWZYRXVGbUQ1ZW15ejBOaEs4ZS1GbjN0TTJkSlllTmE,More,11 hours ago,2026-08-21T13:05:45,Just Security,"https://encrypted-tbn1.gstatic.com/faviconV2?url=https://www.justsecurity.org&client=NEWS_360&size=96&type=FAVICON&fallback_opts=TYPE,SIZE,URL",2026-08-22T00:55:26.062895
Senator asks US government watchdog to review how feds use hacking tools,https://news.google.com/read/CBMipwFBVV95cUxQNkczVWozODVoV2VDSEtoZjBfWU9GSmhtSlY3eHhWZzRKNUNVcVVyNHlaak5sZThOWUlaYnFDbVNkMWpMUXNYZGpPU0dpNUNObTJGUnZqUUdqVU95TzBtWXcycnA1ZmxsNUIxMFFQNGtpUzdwdl9oeU5PZHcwNTFacUV2QU5QdDlDS3lNc2dDVVBFdTBqZ2tkbm8tay1oSlUzUXdiUThBaw,More,11 hours ago,2026-08-21T13:05:00,TechCrunch Security,"https://encrypted-tbn1.gstatic.com/faviconV2?url=https://techcrunch.com&client=NEWS_360&size=96&type=FAVICON&fallback_opts=TYPE,SIZE,URL",2026-08-22T00:55:26.062897
Report: Vishing and Device Code Phishing Are Surging,https://news.google.com/read/CBMiggFBVV95cUxNeFNxdjVxSHUycUdaM2FGbzlYM0MwNUdSNklhN2JDRkY2ZWhRTkppRTNmd3hKRWZiN0s5cEduMFA2RlNuWVVxNGFaVm5mM1o3RHpxLUp2WWF4d0lvaFlfS1hBWl9ORHpVLXV4SW16LUpHWnUyNXZwQS1WU1JBZWgzWXpR,More,11 hours ago,2026-08-21T13:02:33,Phishing,"https://encrypted-tbn0.gstatic.com/faviconV2?url=https://blog.knowbe4.com&client=NEWS_360&size=96&type=FAVICON&fallback_opts=TYPE,SIZE,URL",2026-08-22T00:55:26.062899
"The Good, the Bad and the Ugly in Cybersecurity – Week 34",https://news.google.com/read/CBMilAFBVV95cUxNUlpmSm1uRkF0MGlJVHNpR3R3M3ZLMmd2bE1MZi1KUnlBVXNUMlZpSi1QRTZOZTNmbTZsLU03RHE2bE9NXzBZU1NueDI1VVFfbG9sN2RMdTFJeHY4em5rYmVsbmk1RUJlajU3dm91YlJNcjV3Zzl4NWxhd0o5ajhycFFrM1NwUlVzNEVMRUduWkFvN0tl,More,11 hours ago,2026-08-21T13:02:20,SentinelOne,"https://encrypted-tbn1.gstatic.com/faviconV2?url=https://www.sentinelone.com&client=NEWS_360&size=96&type=FAVICON&fallback_opts=TYPE,SIZE,URL",2026-08-22T00:55:26.062901
Six Maximum-Severity Flaws Found in Cisco Products,https://news.google.com/read/CBMioAFBVV95cUxPQVNSbVlZUDJtc3pYZDhSNFVET0ZURC02YUdXbFNnM2VXZnN0UVAwOWtpWlRMem1RY2g0a285a0lvRTBSZm1IQnltbk0xY0J2SGtsV2ZvTnk1NUhHX21WZFZ3d1FMbi1xRG5LLVQ2aXh5N05FTXRpM0plZzFIWVNabnFxSXR6dERheXhXMjNfcW0zdHNzdE5TNjVyeVRWZU5I0gGmAUFVX3lxTE8yOGdTbVBzSERxV3Y5UngwRmNsT1BscFpldTNOTkJDLVU5N1psQnA2MGlDblJFVURmNzJNcHg2NHpYQlE5cS1KeG8xTU5XNXlGRkNVTkVETl80UjA4Q09SaEVES0w1T0lTVXNaRk1waXpEbU5iaWZQSXBXdy05a2xlQzJ5ekljNjZnN2ZrN3k4SXpscGY0cWZSZEJqcHEzNUVoSmlBNHc,More,11 hours ago,2026-08-21T12:56:15,Network Security,"https://encrypted-tbn3.gstatic.com/faviconV2?url=https://securityaffairs.com&client=NEWS_360&size=96&type=FAVICON&fallback_opts=TYPE,SIZE,URL",2026-08-22T00:55:26.062903
"Commandeering, Coercion, and Executive Power",https://news.google.com/read/CBMigAFBVV95cUxNS1RoOXFNbkZlRHNUVDZsN2ozLVhhQ0NWOVNjTThYZS1FNzhVNlR2V05ranE1dWdybkZGQXU1a0lROWgzdUlpLXpuWUdmLWdJb2xqQ2lYTkxTWGdPTGxzLXozRHJVTEdSeElqb0FZcE1yZFdqSlM0Sy13cE85VWRrUw,More,12 hours ago,2026-08-21T12:50:42,Just Security,"https://encrypted-tbn1.gstatic.com/faviconV2?url=https://www.justsecurity.org&client=NEWS_360&size=96&type=FAVICON&fallback_opts=TYPE,SIZE,URL",2026-08-22T00:55:26.062905
3 Denmark survey finds 47% of SMEs lack skills to tackle cyber concerns,https://news.google.com/read/CBMiswFBVV95cUxPM243aURFX0xoUk1QMXZ3ckFsMkdJRi1IQnM4Um95akk2dVZPX1ZVSHBXckFXTDhsZkswdk4yTUlTYzZYOUtFZjJlLUhpczZQaDhQUjZHRjlnN1RwNjVkQ1FNQTJmWjRKSG1FV1RQQThINWZPaWFRWWtLYjZZWDRDZzJoN2p1R0dvS1k0ZlpmcTE5SlhWRFRveGg3dl9LRF9UdF9BaEh0UkYzYjJjWktIWDBxOA,More,12 hours ago,2026-08-21T12:50:12,Telecom Security,"https://encrypted-tbn1.gstatic.com/faviconV2?url=https://www.telecompaper.com&client=NEWS_360&size=96&type=FAVICON&fallback_opts=TYPE,SIZE,URL",2026-08-22T00:55:26.062907
Delhi Police to register FIR over pellet injuries to youth during July 20 CJP protest,https://news.google.com/read/CBMixwFBVV95cUxPX0R1dG8wa0FRb3QzNWc2a1RIS01zNFU3YjZrRFVQNVlUeWFaOU41UFBVbHlNVV9NRF9zaFplYkVHRWZabUgyN3pTQXhldWxRbmJfSFpCR1hySEZLNFdpcGtWVl9LV0RNMlo2Y1MwZzhhczdlaUdheXNPQ2tZdUJ4cEk5M1g0UjNoQ0NjTUN2WWUtNE1QbkZyd0hPZGtpSEszYjI2SWNZU0NzODBGd20yRVdCSE5ScEdPcWJCNnoyekU1akEwaGhB0gHOAUFVX3lxTE9hSW45TWh1VUVodHZ1aDk1cTloTHNrTWNqSU1hYlhJeHUzMTNrVkNJcGo4Q1E2MTh5cVRrUDhIWlRMZnBtRk91cFlNa095S28wWHh2TXNmdm94d3lKYUNVQUNZRnNWeU41UW5PdC1OZkdtNlJQc2pXSnFJZW1rcTlnR3YwYU5RSVF2OUFETGpLUGRxd1ZqcS1lWE1KdndKN2JEbWc5a3ZZbnV3RU5xNXVXWmRtUTVIQkpsOFctRE9Vb3hodzRqT0JmV21sUXVR,More,12 hours ago,2026-08-21T12:49:29,The Hindu Fresh,"https://encrypted-tbn2.gstatic.com/faviconV2?url=https://www.thehindu.com&client=NEWS_360&size=96&type=FAVICON&fallback_opts=TYPE,SIZE,URL",2026-08-22T00:55:26.062909
Police investigating after picture of crocodile sighting at Pandan Reservoir found to be fake,https://news.google.com/read/CBMizgFBVV95cUxQcU5pLTVmZDJ4OFR2T0dLRW8ySi11bHdBVUxCV0pGSnVOMmhxQ1ZYUUhQdTY5bWNrcjBwd1loMDFBLU9HaHNlM3c4aDk5Tm1Ed3ZPanJneUJFTFc5YU15SUNwR3doaDhYOEhURzd6enZJeFBQQTNNc2FPYkpqQUhrVmRpbzlIdkdsck54a1lOY1laZ1lNR3RxSmpXczJuR0c5N0J3RW5lbWdqcTNtLXNxd09mR0p4SFZNR1ZZUXdSb3o0MVloVEZoYnZzTktQZw,More,12 hours ago,2026-08-21T12:47:15,Straits Times Fresh,"https://encrypted-tbn0.gstatic.com/faviconV2?url=https://www.straitstimes.com&client=NEWS_360&size=96&type=FAVICON&fallback_opts=TYPE,SIZE,URL",2026-08-22T00:55:26.062911
SilkParasite Cyberespionage Campaign Targets Central Asian Governments,https://news.google.com/read/CBMif0FVX3lxTE1nQ1diOTRzX2NOVzBXbGk3Rlh4ZzltMDE3NEk0RGxlSkZTSWNrRWNnUXJzcEp4RUpXTFFFZU13UnZPQ1VPNHNnZkdQU3FzR1N6dmJLMVBHSHNpV0Q3OEduMEMwQWtaS1lDVTBHUmFFelIyOEZFajRISTh3ZFpYUUU,More,12 hours ago,2026-08-21T12:45:00,China Cyber,"https://encrypted-tbn2.gstatic.com/faviconV2?url=https://timesca.com&client=NEWS_360&size=96&type=FAVICON&fallback_opts=TYPE,SIZE,URL",2026-08-22T00:55:26.062913
Agent Tesla BEC Campaign Uses Emoji-Obfuscated JScript to Steal Credentials From 40+ Apps,https://news.google.com/read/CBMibkFVX3lxTFBIalJZUEtCV3NLOGtKa0RjQUZmMUZpc1VhWkhKQ2NLZERBU2xRN2dVTTg3OVRMajFmZlc0MV9qNnNNT3VvbENPS3RwVjhTOFlFNUJ2TFpaTjdXeVJLdXJBeGFhRXNKMnM5ME5MMXVB0gFuQVVfeXFMUEhqUllQS0JXc0s4a0prRGNBRmYxRmlzVWFaSEpDY0tkREFTbFE3Z1VNODc5VExqMWZmVzQxX2o2c01PdW9sQ09LdHBWOFM4WUU1QnZMWlpON1d5Ukt1ckF4YWFFc0oyczkwTkwxdUE,More,12 hours ago,2026-08-21T12:42:00,Malware,"https://encrypted-tbn2.gstatic.com/faviconV2?url=https://cyberpress.org&client=NEWS_360&size=96&type=FAVICON&fallback_opts=TYPE,SIZE,URL",2026-08-22T00:55:26.062915
"Supreme Court lauds scrapped MGNREGA as a ‘good, effective scheme’",https://news.google.com/read/CBMi3AFBVV95cUxQaVY3R0hLUjlJRW93QUk5dHpxblVPWjdJeWltcTdsUENhLV9pbndYOEo0Y1dabkxGQXU2OGItVlUxamJYY2ppeUFtcW4wUHQ0RngzaVVWaTN6eWFCRXVjSVN0N29zMmE2VnJ3ZldtY2dMMkZMZ05SaUh2RmNfVDNCRjkxV1JQcWlEVUpQX0x0NG1UN0FXMUhGNGFjYTUzVkhKdF9iU2dGSzRTcWhBbU9nbmxEZU5vU3lzWEtrR3IwcWVhUGQzUjliYWhHOVBwLThqTVBJU1RDb2I3YzNP0gHjAUFVX3lxTFBpS29rTE9SWkVDUzFkOXZTelY3NG5IczVyUnZhbHEtMnkyTHo4dzEwbDRFeVpjUmFFeWFQcnVfQWd3dUFLbE1na25fLXJYakFuaTR6ZktrRVNveWw3N0x5UXdMVExpSGlWcXZFWlpyWUhpMjctOUtvWU8xeUJDa0NwWFRkQXZLRHdyWHZwWFI4dTNiSEMwX0k3ZXdCbjdZYkJyXzhITnVRNDloS3E0aHhXbk1CNEJ0YVVzaVZGQVJqVHlHcFN5YmRYb28wbDQ4OTE0WDg5X2k0QTEzMjFiM1dMMnU4,More,12 hours ago,2026-08-21T12:41:24,The Hindu Fresh,"https://encrypted-tbn2.gstatic.com/faviconV2?url=https://www.thehindu.com&client=NEWS_360&size=96&type=FAVICON&fallback_opts=TYPE,SIZE,URL",2026-08-22T00:55:26.062918
CISA Urges Immediate Patching of Exploited TrueConf Vulnerabilities,https://news.google.com/read/CBMikwFBVV95cUxQQXk5M29xNF9HQ1p0WDQwcVJWQjFFSXowTDMzUHZGX1hyRjVLQlZIVUY4UmFrM3VFeG9oZjRfSDQ2NEJTUEFRbzBWRWE4MEs5dG1jVXlFNzV4Nm9RX0dpamhRamZRVUY4dnJadk5DNXotWDZOYTR4ajAtU1NuVl96bF9hNmhKWlF5anViVzNhYmNZQ0nSAZMBQVVfeXFMUEF5OTNvcTRfR0NadFg0MHFSVkIxRUl6MEwzM1B2Rl9YckY1S0JWSFVGOFJhazN1RXhvaGY0X0g0NjRCU1BBUW8wVkVhODBLOXRtY1V5RTc1eDZvUV9HaWpoUWpmUVVGOHZyWnZOQzV6LVg2TmE0eGowLVNTblZfemxfYTZoSlpReWp1YlczYWJjWUNJ,More,12 hours ago,2026-08-21T12:41:11,VPN Security,"https://encrypted-tbn3.gstatic.com/faviconV2?url=https://www.securityweek.com&client=NEWS_360&size=96&type=FAVICON&fallback_opts=TYPE,SIZE,URL",2026-08-22T00:55:26.062920
Iran labels new US sanctions ‘unjust’,https://news.google.com/read/CBMiowFBVV95cUxOQ0trMzJucHp4dklaWHFpU2s2aHkwZmtuUVRsY3hQTHhjZmlDMW1GWHF2a1VmaGJuUWI3TEpZc3VTVmI1U2RkSXBON1BaN19CckpkRTRVVUk0engxSG50Q19NeGE3c0s3Y0Zpay1rbF9GRDlUUUVubGNSam93TXlvb19mX1R6Szlub1U4V09UR05nMFVPWXhuYjNrOUh1ZlRubFlJ0gGoAUFVX3lxTE1CVW5CeEo1T3JfSHJFbGg0RXd1bXZxNXVFaVFxc1FlRFpON2RTd1NYQ01xdldFYTlPUmlpb0JReW5RSmNPSUZMSUVjSUpPWmphMGQ5VDJEVjRLbENBYk1yb21PQWR1MjA0d3pMeG1rT1VXcTZzR2g5S09rV2tselNsZXJnZnBpUTR3TkJfTEhBM2ZqR2tGRk1zbjZZcDlwU01fdWFxRnFlaw,More,12 hours ago,2026-08-21T12:38:00,Sanctions,"https://encrypted-tbn2.gstatic.com/faviconV2?url=https://thehill.com&client=NEWS_360&size=96&type=FAVICON&fallback_opts=TYPE,SIZE,URL",2026-08-22T00:55:26.062922
Move From Shadow AI to Secure AI Adoption,https://news.google.com/read/CBMimgFBVV95cUxQdGdlb3M1amtnaENRZWYyR0JTOWZyMVplbU1uOE5ISXNuODdjNTVGbVl0cFFhRnpGUjk4Mm9oWFQ3T1k4Q2JnanJyZlZLOUxSVXZCYXdOdGZFbnloZ0ZQTGxrV0t1czNfc0l2V1gzZHRWaGhMS0VvYXJ1V2Q4enhyZzJmVTVJTkMyRjVzaFZPYjRLLWM3T04tSkln,More,12 hours ago,2026-08-21T12:37:15,Bank Info Security,"https://encrypted-tbn2.gstatic.com/faviconV2?url=https://www.bankinfosecurity.com&client=NEWS_360&size=96&type=FAVICON&fallback_opts=TYPE,SIZE,URL",2026-08-22T00:55:26.062925
US allies in Asia wary as Trump moves military assets for Iran war,https://news.google.com/read/CBMiqwFBVV95cUxPcjFkTDdDTURoUFNsQXFzRGlNTl8xNDh3UDVVOUpqSTBPOGZpUHFHZnBNeHFBOV9relBhVzIycDd2dFVlWnJHTm5LUTZDQXZvSHJQU3lsMnYtaDV4cUVaWF9OWU8tN3ZtY2taRjRfLUxTWVJxb2JaSW9TVi0zTUpKTXJ1d1ZrX2wtN1Mwblh0TEpVZVM0bGVHN0hkU2lHaDZDNUo1RXZuWG5LVTjSAbABQVVfeXFMTTJ6WFZsRkVaMzU4b2VtVlNEU2VfODhHdWNrS3VPQUQwYTJFaWdGS01sMDhoRHdSX2VQUC05SlJLTzIzR2tabzNrcjZjcVN2UWNhSU43THFvM3R5WkloVHgxOXBydlRGN3ZreXdUQlBnbVhicG00OUxLMVpwaENuR0Noc1lCRVN0eDVNLUw3cURrdGw3N1BZZVlVNUlrVEhnclVNWHRNb0FDTmhtUy1wU2w,More,12 hours ago,2026-08-21T12:35:37,Al Jazeera Fresh,"https://encrypted-tbn0.gstatic.com/faviconV2?url=https://www.aljazeera.com&client=NEWS_360&size=96&type=FAVICON&fallback_opts=TYPE,SIZE,URL",2026-08-22T00:55:26.062927
Iran's president calls for end to war from 'position of power' as US ups pressure,https://news.google.com/read/CBMitAFBVV95cUxPY3ZUcG9hcXkyOTA5TEJXVzExRzJyNm9sY3VnVzJhQkZBNW00eXhBOUVqcVJqRVE1U2x0OURaM0VCTW1RVzNzbVdzakFtRlhHTmRWQmxlRUwybGZfN19QZ29iOEd4bUh3ellJYlNwN09LQTZWX0NEZUNzTDJvVElkazg0VlFhdW83eEhSeVdsRWx5ZFltcHNyYm9BYWhOYm9iMDQ2dEt1UFZiWnVNS2lhNWlxZVY,More,12 hours ago,2026-08-21T12:31:33,Euronews Fresh,"https://encrypted-tbn3.gstatic.com/faviconV2?url=https://www.euronews.com&client=NEWS_360&size=96&type=FAVICON&fallback_opts=TYPE,SIZE,URL",2026-08-22T00:55:26.062929
US Ignites Maximum Economic Warfare As Iran Threatens Devastating Regional Retaliation,https://news.google.com/read/CBMivAFBVV95cUxPYmZzVE9LckRBWXRwYjgtNVpjOUlsZmI1NDBWVWdqdnB6YXJhZXBlOG1nd3M0ZS1QMW1kUXRDYS1yUHhZUlRGVFFFWUJuc25MMnNSLXNreTZHYzVSQlNZN0FETUVWUTdFdV9ta3RpYzF5cDFERWFtajFWamJDSUFmLTM1czNGTThsOTM4NVdtMm5YYldqNFMwWUhNUGZUc21jbzdJR2VNQ1lYNDIwLUZfZUZQNmdTbFZBd3g4WQ,More,12 hours ago,2026-08-21T12:30:00,Advanced Threats,"https://encrypted-tbn2.gstatic.com/faviconV2?url=https://streamlinefeed.co.ke&client=NEWS_360&size=96&type=FAVICON&fallback_opts=TYPE,SIZE,URL",2026-08-22T00:55:26.062932
Critical Isolated-vm Vulnerability Leads to RCE on Host,https://news.google.com/read/CBMijgFBVV95cUxQSThIQkRkSldFQTZvQWc1eVdRdkNPYjA3MG9oT20tU2FWUUtYVjJrWFhJQ2ZicUJPUXV5LXB0NU1rODdKRXE3Z3J4NlFEdVZRQzVvZ3h3QkRxamJkLVdMRXJtcUZOVWZBMDhmZXk3aEJTNHFtMndRT24yM0k3UGxtYXBkV3ZuU0pIb3hoZFln0gGTAUFVX3lxTFBBeTkzb3E0X0dDWnRYNDBxUlZCMUVJejBMMzNQdkZfWHJGNUtCVkhVRjhSYWszdUV4b2hmNF9INDY0QlNQQVFvMFZFYTgwSzl0bWNVeUU3NXg2b1FfR2lqaFFqZlFVRjh2clp2TkM1ei1YNk5hNHhqMC1TU25WX3psX2E2aEpaUXlqdWJXM2FiY1lDSQ,More,12 hours ago,2026-08-21T12:26:07,VMware Security,"https://encrypted-tbn3.gstatic.com/faviconV2?url=https://www.securityweek.com&client=NEWS_360&size=96&type=FAVICON&fallback_opts=TYPE,SIZE,URL",2026-08-22T00:55:26.062934
"Sowcar Janaki, the versatile face of Tamil cinema known for majestic roles and finesses",https://news.google.com/read/CBMi5AFBVV95cUxPZkFwODVITDloaUtnbFZUeENqQnV6OGVuNlJmY0hNWFNQcjdFdmRCeDZXMVR5Q2tLYUdVWG5ORmlfcGF6UU9MaENLQjFTVnBMZnYyNXdGMERSYVB2REE5WUVrZkxLbFBJRTdxcFRKTjVhMlRrWXdsc1BEX2dxQWlRZGFjR2NQTW83d1ExQjFTc09GVzBHODBRTDNRS19JWmRMN0V1dDZtazlxa081S2hTcTU5bUMzeHVmTGtGRjVBVGhMUW9UcjhBWERXQndNVmUtMzFqTW94b3Q3bW1PeGIxTVRTa07SAesBQVVfeXFMUERoZFdqeFp5Snd6dFZEcVM1aWxvb1R0TjdHRC1tcFAwREZOM05jTHZ2RUhuUjhuM2Mwb3lxMkJ1X1YwZGFsZWthR3ZYYTRPZjZOdDBTZ3JwTUpzTUFVVDhmX0x4bkdEc0dXMi1hYWtTV1NYUU1Nb296UFQ3ZEMwMHQ3ZDl3cENJWWhIQkhYd3dmU2FyMWhTVGdXQlItM0EzdVlTY1Zyejc1NzJKRXlmYzdvdlF2WE1KbnNnMm9XR0c5cnRQaDNOdmR0eE1iRXh4R21sclV1V3hEVGhDQVg1SXNwV3dGMVBjbUYzaw,More,12 hours ago,2026-08-21T12:25:58,The Hindu Fresh,"https://encrypted-tbn2.gstatic.com/faviconV2?url=https://www.thehindu.com&client=NEWS_360&size=96&type=FAVICON&fallback_opts=TYPE,SIZE,URL",2026-08-22T00:55:26.062936
Google Chrome 151 Update Fixes 7 Security Flaws Enabling Remote Code Execution and Sandbox Escape,https://news.google.com/read/CBMilgFBVV95cUxQc1JJUGQ3MUxqdTRETE4tZ05CLVQ5N0dMd3RNN3llTmo5Z3l1RlpoaEpTVDd2VkFqYjd2RkZ6bDhQbjFTVkJNQ2p3RlM0THB2RGp3QldRdGY5aWxNYTYtMXl1VlJwV1RUUnNfSWJvckZXYmNlMzZlZVkwc0V1Q1dQbVFBdVhlYU9xU0Z1U1lYSUx4M293UlE,More,12 hours ago,2026-08-21T12:20:33,Vulnerabilities,"https://encrypted-tbn3.gstatic.com/faviconV2?url=https://www.helpnetsecurity.com&client=NEWS_360&size=96&type=FAVICON&fallback_opts=TYPE,SIZE,URL",2026-08-22T00:55:26.062938
First Thing: US aircraft carrier arrives to relieve USS Lincoln amid reports of poor living conditions,https://news.google.com/read/CBMiuwFBVV95cUxQT2xWYzVPVzdsVll0YWFteV82UzEtLVRrT0dndU1kODEwSldNMXJqcF9qcFY4cnBFT0pRaHpGRHc5Z0RHd1N0YnRUWGNXVlNDVzA3SUlkOThKcGRuYTFwelBNVDJQQ3RwdmszRG05M0tXYkQ2ZEJQdWFoOEdlTmY0b1dVZHdDamlfVW14Zl9UUGtXRWR1RkZ6blJsMU9XRXJOeUw0ajd6emd2WDRrSjk3QzNJbExfbkp3MGx3,More,12 hours ago,2026-08-21T12:20:00,Guardian Fresh,"https://encrypted-tbn0.gstatic.com/faviconV2?url=https://www.theguardian.com&client=NEWS_360&size=96&type=FAVICON&fallback_opts=TYPE,SIZE,URL",2026-08-22T00:55:26.062940
$10K phishing kit claims it can plant rogue passkeys for persistent access to pwned accounts,https://news.google.com/read/CBMi5AFBVV95cUxOX2hPdzl6Q09URVp1SEt2Q1lCTXRDcUEzbWhtMmo1LXBfWm1TLXlUbmNxSGF5TjI5bkFIajE3UEt1dFF6cmJrN1daT3hWck1UQWd0aEo5Q1VRYS1mSEVPNE1NaHBTLUhJRHhxWUhySzVSOTAzUWE1VEZQYkpSQ2JCWGVUazhJLW5rWGtYOFcwMnczTnExZ0hMUVNfNnROZElYZHAxUG5wQ3NXaVo0VnR2OWMzdS1UVjI1N1FVeWxYOWIzQmxqNF84eGstWDBJR3hPemVPejR5anVzaWd5Mkx3bGhyVmk,More,12 hours ago,2026-08-21T12:18:00,Phishing,"https://encrypted-tbn1.gstatic.com/faviconV2?url=https://www.theregister.com&client=NEWS_360&size=96&type=FAVICON&fallback_opts=TYPE,SIZE,URL",2026-08-22T00:55:26.062943
IBM Expands AI Security Portfolio: Will It Drive Prospects?,https://news.google.com/read/CBMifEFVX3lxTFBKMmF6LWtsLVI5X3haVGE4UWZ6cElPN0ltTFV5VlVoclZQbE1vTjUtZGlIWThUN1FBb2s1SkhTQTJWZGZOcmt6Q1RpT2pGUU43VVhoQks1WGhZenVRd2ZKVVAyVnRPejQ2TDZjWklTaGNmZlV2ckUzZy04MnA,More,12 hours ago,2026-08-21T12:16:19,AI Security,"https://encrypted-tbn2.gstatic.com/faviconV2?url=https://qz.com&client=NEWS_360&size=96&type=FAVICON&fallback_opts=TYPE,SIZE,URL",2026-08-22T00:55:26.062945
"Coldcard ships firmware after $114 million bitcoin theft, says AI helped catch more bugs",https://news.google.com/read/CBMiygFBVV95cUxPZlBIOVBmVEhUYXI4bmU2N1FIUno3Q0RzWjhZSzhabHR6R3RvN2lTWVBjQWthSmlyWlNXMkJDd2V0cUFyYWdIMVhwMWdIcktVWEw1bmFraTZVU2VVZnVqbmVXU0xSamJMZTBBa0QxYl84REtIZm12cG8yVXZCSmJhb08tZ2Y1c2gycUhCR2pMSzRtV3JjOGpfS1ZWN3Rqd0VvN1JZZFpmVEVxQTI1cGtFRF9xWGNLbFhUendZVkxPdHlaZXNDWlJ5MzZR,More,12 hours ago,2026-08-21T12:10:55,Lazarus,"https://encrypted-tbn0.gstatic.com/faviconV2?url=https://www.coindesk.com&client=NEWS_360&size=96&type=FAVICON&fallback_opts=TYPE,SIZE,URL",2026-08-22T00:55:26.062947
Iran president says time to end war while in position of strength,https://news.google.com/read/CBMisgFBVV95cUxNTHk4RHd6UGNxQ21ETWRuQkJ3VDRTZmFPbndESGhZSFRHXy1zY1V2b2x0REVZVGVjSXZ5QU10NzRId1QyREEtM2dGT1JYY1Q2Z3JBQmJqYklEWGJtdWRPQkNtRTNEY3MxY1V0d1BkNFZjcThMUmVFRlZXbHkzdW9tY0NMczZsTFdHU1FRcEt1aWM4NzBGejdFTFlSS2haNDdGSktXU3B3b3c3V0YxMFVsQTZB,More,12 hours ago,2026-08-21T12:09:11,France24 Fresh,"https://encrypted-tbn2.gstatic.com/faviconV2?url=https://www.france24.com&client=NEWS_360&size=96&type=FAVICON&fallback_opts=TYPE,SIZE,URL",2026-08-22T00:55:26.062950
"Now, protesters at Jantar Mantar seek overhaul of reservation system",https://news.google.com/read/CBMixAFBVV95cUxPcUFWX19qMTFtMG1wNXZ5anFUWVRORGl3QVB0eHc3eGFldHZZRUNxTjZlXzFsNHFtaEpwY3VMNXBlR0ZydXFtS2UxcEt4ejFsU01nZ0J1N0lFVmQ0bS1XRHdWZjNCYk1MRC1yVHNGS3BkTHd2WEJxTmxyQkNaMi1vTmhpSkcxeDgxLXRhNnBLaHdUcDJFS01NYllidGlQNVRiRldxczRhUHdPRnhVckRQQWkySV9oOERES2NYQk55TXJoZFl20gHLAUFVX3lxTE1DeUxkbWU0c1Ztd1VUTU9BVDVRV2E5ZVA2OXd0SDZOWl9lTktreU9vQ1ZQWGlPVjh0bXFqT0tKaEtwQU4tZXFVb05RbmJWV3VSZlZSRGpJcFJxLUFMbG55SmhsbXEtSVMwdHZ6MG9aNWJpdFV0eW5zaDBiT3VXeWM3ZGdnLVVNcm5EblVKYkJTRzBDSXhpV2FuMFNzclF0aUJaZXUyZ3MwaGxZRzExd251dGxQcmw1MWo4aGlsd2ZhV2F5c0ZnUkY1elpB,More,12 hours ago,2026-08-21T12:05:18,The Hindu Fresh,"https://encrypted-tbn2.gstatic.com/faviconV2?url=https://www.thehindu.com&client=NEWS_360&size=96&type=FAVICON&fallback_opts=TYPE,SIZE,URL",2026-08-22T00:55:26.062952
UAT-10147 Compromises Web Servers to Deploy BadIIS for SEO Fraud and Data Theft,https://news.google.com/read/CBMiZ0FVX3lxTE5TQk1LMldRY0F6cTExZlB2djZxTEpLOWNYdEV6b190bGdyaDVCeVZzX2JoRmV0TW5oZGcwY2xPVXcxbE00U3c1NnpjUm51d1NaUFN3UGw1a3pNLWpiZGo2ajhpVmtmZlHSAWxBVV95cUxQZUszRWVTSHJiOHlCNWFsaFcyQXV0eGRUSWMtel9GY3hUOEtEY253aDZFdUYzZ0dydC1sZUxZVUdSWGM2NWRIOEJaZndkVXN3a01lYks0VzA3bTRsU3BYZEVnaVc4aDEwQnBxRnU,More,12 hours ago,2026-08-21T12:02:52,GBHackers,"https://encrypted-tbn1.gstatic.com/faviconV2?url=https://gbhackers.com&client=NEWS_360&size=96&type=FAVICON&fallback_opts=TYPE,SIZE,URL",2026-08-22T00:55:26.062954
Trump's Private Hacker Memo Is the Right Idea,https://news.google.com/read/CBMiigFBVV95cUxNVVphUGV6YVJRVmo1ajZ5eU1zNDJlR1poN20wdWV1X0VhRnVYNmVwaGZUX3VNQmlfVDZQTnVaVjNld3RER01GQ0doSmg3ZHgxX3lkaC1uZlRVQlVfeDJYWlRtRlZ2TU1IUVdSTFFrbEJfRzNJZmZobkJhNVBNQmprYjVfMTJxNU4tTkE,More,12 hours ago,2026-08-21T12:02:51,Russia Cyber,"https://encrypted-tbn3.gstatic.com/faviconV2?url=https://www.lawfaremedia.org&client=NEWS_360&size=96&type=FAVICON&fallback_opts=TYPE,SIZE,URL",2026-08-22T00:55:26.062957
42% drop in Vancouver housing starts prompts worry from development advocate,https://news.google.com/read/CBMikAFBVV95cUxOWHpZQ0ZKb3NobXFvamN6YU1CV2htTDBzcjRkbzgxZkExQXdrSGpILVJkTHJwU1M0OEJsYlRpZGd6NF84d0xsLTJsblhPWlU2UVdITFBYS2d0SXg0TS1RSXZQR0RYQjl3Nk4zb1hhekRBVW9yOFo3MzR3dnZEMGp1bzMxcGRoNE51MWg3Y1hyU08,More,12 hours ago,2026-08-21T12:00:00,CBC Canada Fresh,"https://encrypted-tbn1.gstatic.com/faviconV2?url=https://www.cbc.ca&client=NEWS_360&size=96&type=FAVICON&fallback_opts=TYPE,SIZE,URL",2026-08-22T00:55:26.062959
Will other Southeast Asian countries copy Indonesia’s joint China drill?,https://news.google.com/read/CBMi1AFBVV95cUxOYU1wbUV3Tkc0SVlIdnF3S1hqM3ZCdkFMU3o0N2xzc2Q2cElxeUpZeUVMbVJPXzBNakdFbjF2OFJIdFg3dEd3alB6RW1QSTZFSGNveEJJYjZPN3JUSFRodHFRU3VUUDFHSEJuY1NIVHBZSEJ5dkJCN2VnTDNaQ2EtZHlHSUpDRk1WS3ZZcWRiT0ltcDVNNUlING5vUzhDUTNpbW1UaUwwdExNdGFYekpKcW4tZm55SldnTmxOUmh2bVhwRF9YQTFTLVdhZERvMHhUSFFETNIB1AFBVV95cUxPRFNyVEtCMVU1RENtOUIxbTMzVGVTUm9WaWx1M1J1NXdBUGxjUGFLeVlVRmZwdEtWNjdUVjRzMUowSkpsNDU4dHBlSWRQbUJlRUd6Z3FqTmtaX2Q1RFVDUGREU2NiejViYXdQZ2FXLTFQWS1tNjcyWTNWYUNNR3RqYTlsTk5sZk9XeUJOV1FWLTh6SzRtLTh4N0E4N3FKeHR0a0Z1TndyN3NYZHI3UnMydHFBN0UtbjVBb0haLXBER2FKdHFGeG1fQTU4SlFmVG55UnhGWA,More,12 hours ago,2026-08-21T11:57:39,SCMP Fresh,"https://encrypted-tbn1.gstatic.com/faviconV2?url=https://www.scmp.com&client=NEWS_360&size=96&type=FAVICON&fallback_opts=TYPE,SIZE,URL",2026-08-22T00:55:26.062961
Kinew: 'We have not agreed to put American booze back on the shelves',https://news.google.com/read/CBMiWkFVX3lxTFBlZ25JRzlTd2xjdzd6WkFRYWdsYWotZlFJV196TGpUSlMtOVRBRDd3aE5rQjlHazg3eENtbmt5anF0c08yQ2V1LVhVeW56Q01mOEphQ0w5a29YQQ,More,12 hours ago,2026-08-21T11:56:52,CBC Canada Fresh,"https://encrypted-tbn1.gstatic.com/faviconV2?url=https://www.cbc.ca&client=NEWS_360&size=96&type=FAVICON&fallback_opts=TYPE,SIZE,URL",2026-08-22T00:55:26.062963
"APRA sharpens insurer scrutiny on AI, cyber and climate risk",https://news.google.com/read/CBMiygFBVV95cUxQR0NwclR0cDZOZXJnUmFHQkxOcjE4YUdUVWRqSVFDdDRTZDExYks1YzR0SWZRdTRCdmVHdVFQcFo5WVR4UUkyT21TZThIblRlZ1dOakM4MVlZQ1F6aVp0NzY5TU9TTmx4QnpHc0FLX2FmNFVrMVVTbVM3dzVqaE9iY1BYbXUwTm0wcHYxRWlTRzFyeEtBZHIxOHFId0JrUkhnNG9VZ05kazI4bGZoWnJ0NUZoanZDODFhWUtWbUpTZ0N1VDZfTVc5WWRR,More,12 hours ago,2026-08-21T11:55:17,Quantum Threats,"https://encrypted-tbn2.gstatic.com/faviconV2?url=https://www.insurancebusinessmag.com&client=NEWS_360&size=96&type=FAVICON&fallback_opts=TYPE,SIZE,URL",2026-08-22T00:55:26.062966
The SBU warned of enemy threats amid mass events marking Independence Day,https://news.google.com/read/CBMivAFBVV95cUxOazlEeTEwMGQ2VUNnQWcwSUlaVlduVnVIZi0wSTM4WnlyVkhpWk1hclhQZGdmZHFaRlhFUUg0LW9yNFI0VnptbmYzY0J2dFdlb25lY0t6MzdQMjh6OE9kZW1kYk5JMk9LdmpHWEpxUy1ISDh2VHc2a1dzQm14bDFzaVo3M2I1MEhRNDZVMnBGOVM2LWxWQ3YzbGRvWDhEbVFxT3l1QWV0bWMxalZRNkpzcW8zemVTOVg4eGkxTNIBuwFBVV95cUxQMnpoY1N4RnFnS0huWjNjS1dhRklOZm1CSkdZcnFOLWtNZFFZajlMTnpVWXYtMUtwQ2o4ZHloVUhQeFYxRDByUFdpS25BVDRldkRxT3M3UGl4WDBndVE0b0tWLUQ1MGVhU0RpQzV5MUZwRG9CWm5wN2daT29LV1FsNENpdkxPbzQ3aGxYMGJTUTBTTkhLaktDcHhxUk5JSmpHWDB2czZlU0JpSWxBRU8wekEwemFQY0NIVU04,More,12 hours ago,2026-08-21T11:55:01,UNN,"https://encrypted-tbn3.gstatic.com/faviconV2?url=https://unn.ua&client=NEWS_360&size=96&type=FAVICON&fallback_opts=TYPE,SIZE,URL",2026-08-22T00:55:26.062968
The US Army Has a New Incentive for Re-Enlistment: Free GTA 6 Game Time,https://news.google.com/read/CBMinAFBVV95cUxOOFpVeW5CUjBscGw3UF9kcURha0xJN0s3UDEtcDl6QnZ5LUVpZHVoc3NNYzFxSFFCS0VYZnhPb2NGaUVRVmh5R3FrN211YWlBZHJyVU1ab1R4d0NzcUdaSTcwMzhrcU9wdE5yazZac2tUUVd2c2F2cnFEYjhxLTd6S0tIaFc2MVF3a3lnR203dHNKX2xNSmNkMTRjZ00,More,13 hours ago,2026-08-21T11:50:28,National Interest,"https://encrypted-tbn0.gstatic.com/faviconV2?url=https://nationalinterest.org&client=NEWS_360&size=96&type=FAVICON&fallback_opts=TYPE,SIZE,URL",2026-08-22T00:55:26.062970
LG Electronics hits button on mass production of 5G smart telematics,https://news.google.com/read/CBMitAFBVV95cUxNUWVxWW5ERnJJUUd1MDZ4blJhUUZYaUJhN21GZkdYMHVBbWhXSE9HYkJJOG9qSVBCZkxIQ3A0bHYwRFpudTJUTV9ZMjZFSEtBQWpfTm16M0tGWVBFN2N2UTQyc1BWc2RMeENtd1V4Y204aU9PT3VqTFhrV1VZNzlvQzBLVDl2bUJnT1Q2UExBZU11TnhsLWdSZWdzMWd3Y2c1RjRMNlFxd0dVWG5hQUd0OGxyOUw,More,13 hours ago,2026-08-21T11:36:10,Computer Weekly,"https://encrypted-tbn3.gstatic.com/faviconV2?url=https://www.computerweekly.com&client=NEWS_360&size=96&type=FAVICON&fallback_opts=TYPE,SIZE,URL",2026-08-22T00:55:26.062972
Russian expert warns of impending social crisis as Ukraine death toll rises,https://news.google.com/read/CBMixwFBVV95cUxQZ3ZCbWs2ZlVKYlF2UXFqYUc3bWRHZEJpVFQtYkowc0dOMlJiNUpfckt3d2Y4Wkc1cU80ZGlOSkE2Y2xDWFlEUTBEV3lCTmdiWmlzQlVMYlYyN25QM0V2dHd1bVNKT3R3TFFqNGhJTk5EUlFiMF85dGc3TkU2X0doM280WTJBNTdhQlZpZmNPaGwxQnFGb0hISldRUEhsbDEzMFZYR0k0Ym90LXRtUUo5ZjNJSTBadGJlMmhPVi10SkZEN0k0UVkw0gHMAUFVX3lxTFBOdGFaeEwzckFUd2lrcHhEbXFGRlh6MkFzSlFzaUZnbGhhWkRUTTRZeGV2SktpMWlTWDAtaktEUlN0YUNuWXF1Z3ptSzV2VnFaM0FyS1p1WENZMWNpdFI0T3pYTzBkZ21xeUxESTFVenQtX2t0d1V0dEVMNmhabklDZWtpc0JZQUdIZFBrOXF2dXFaNXBjSHpxX0xBVmVWVFVxMEVlYVBuelFXZmppS0Qxdmh4RXFHS1BBUm9MQVJ5N0k4Ul9Zc3VzSklLcw,More,13 hours ago,2026-08-21T11:32:01,Al Jazeera Fresh,"https://encrypted-tbn0.gstatic.com/faviconV2?url=https://www.aljazeera.com&client=NEWS_360&size=96&type=FAVICON&fallback_opts=TYPE,SIZE,URL",2026-08-22T00:55:26.062975
CJP spokesperson Saurav Das moves Delhi High Court over public disclosure of address,https://news.google.com/read/CBMi7gFBVV95cUxPMXYwd0w2bTlOalNtNDkxTmp4eUhwTjUwNFd3eEw0MXluTm1xNGtONHlrM1I0YVhKS3dxUjQ5aktaT2xZaWN0UFdobGJWM1pleFVKRVNGWDltRjNzMXZpWDRRREZfQzRPNjR5UXFiX243UTVzR3ZhYUZoeEc1VnNlQTVveTM1UXNjelRqOUJkSk0xRU1GZ3BYbzh1QWdSWHViYWRPSHZiRUh4UXZWTDYwSWFXeFlLRGxlWjU1eUFkTGNXdjFVVVYxc0NXdE5TNEJLa0FURTFHNHRHWkxIODJfZ09QeUNramZpQUFHTXF30gH0AUFVX3lxTE9faDBVQnkycHh3bkY5VDBLWmdsM0VKVDJjTnJaZmVQb2s1VG82YnpiVVpYblRzLVRjXzZJUW9laFdOMi1ubG9OUEgxMmFJaGNqcW00T3hUQnB2TzFjSUl1TksydkExT1ktcE9Xb0tpMTBHcFI3ak5GaXBkMXBJNnI5VUFILWlCbnRRRDVReWI4ZjktRGVmWEMxblNsODNLM2ZGOURZbVRhdGxUeHRWMmE5anhvcTRtVHBqRUVYUy1DcXhCYXNqUDZEOUNHRng2SUw0R2ZQTml2N1JwOTNiN3ZFdWNqMXRFQWQtY0tCbE5CYTFjY3o,More,13 hours ago,2026-08-21T11:31:36,The Hindu Fresh,"https://encrypted-tbn2.gstatic.com/faviconV2?url=https://www.thehindu.com&client=NEWS_360&size=96&type=FAVICON&fallback_opts=TYPE,SIZE,URL",2026-08-22T00:55:26.062977
"Errol Musk: ‘I’m Elon’s father, not his pal’",https://news.google.com/read/CBMihAFBVV95cUxOMUhXYTRHSVpxWU1BcTVyUkdTbVhNV185MXV6TnBDWi1KNWFRZ2lBU04ydlF3OFN4OEpEYW9td0pHY2ZESEV5WHdicW9BQktoS3NfblhRVWdmVk80R2NUdlpiUk5NZEQwOHFLVDl4ZlVSV2o4d3lJUzloOW00dlZCeWVGQ1Y,More,13 hours ago,2026-08-21T11:30:05,FT Fresh,"https://encrypted-tbn2.gstatic.com/faviconV2?url=https://www.ft.com&client=NEWS_360&size=96&type=FAVICON&fallback_opts=TYPE,SIZE,URL",2026-08-22T00:55:26.062979
Iranian president: It’s time to end war with US as Tehran is ‘in a position of power’,https://news.google.com/read/CBMixgFBVV95cUxNMVRiZmlDeUJjblFXNEt0bUUxZjdOOEloRHBnWmhrZklHTzFBRExKMXdDOUlxLVo3dHFWdFFXTUsyenNCSWFLekpKQms3YzdoNDRSWlB6U3lmb2VUcHFzUWVCN0FEaFJ2UmNlaUVLS0dMSTFzSzRvSERFcjlpQmNuQmVidnNXbHJ4cmRpR1B6dS1Cb0txTjVlZE52eGlPQ2xJT3dJSURNczNYVy1kd05FMV9QRmhvN2dTTEN0XzdUY3R6b3ZXdnc,More,13 hours ago,2026-08-21T11:28:34,Times of Israel Fresh,"https://encrypted-tbn3.gstatic.com/faviconV2?url=https://www.timesofisrael.com&client=NEWS_360&size=96&type=FAVICON&fallback_opts=TYPE,SIZE,URL",2026-08-22T00:55:26.062981
"Fake Conferences, OAuth and WhatsApp: Inside Russia’s New Espionage Tactics",https://news.google.com/read/CBMitwFBVV95cUxQZEp0cmloRjBocGh3ejREajFKdWM5b1BNMGkwR0J6TTg5bnB6U01wMXAzdEhDcUc1YnpzamlQUlNJMGF5emd0Um5qeXR4SV9URU5QYkVmR3BFTkpRMFphU3JTNk5lcUJ5dkFoaW1RZ0dTZWYyUjJsRUxZUktSem5uQXA0OU1UcWtaUkxUMWMwS2UtaXhQYnd2YlFmdUpVbnpHWVhCYkRoeFlITHdxLTQ4YjdlOWVsMTjSAbwBQVVfeXFMUFdCd2lleFdnLW5JSnFhaGh2QzJrUkhnTFpQMmFnNVgzMmhhMldoNzB4a3E4U0pzTERBME9ET1YzUjA4eDVkZTNRSUU0ZVUxc3RadlVzTzY5RHNLSlpfOUN4UWdwYXViTzlLd1hmVE1vaElzQkktX0dZelgtLVUzU3RTMmdIOTFjcVVUdjVEYkc3MlVsalNZWVFrbHVXRkw0UTB4aEs4d2RNcUtWcDRMWS1WY0pmQ2Y4UlN6Mko,More,13 hours ago,2026-08-21T11:23:51,APT Groups,"https://encrypted-tbn3.gstatic.com/faviconV2?url=https://securityaffairs.com&client=NEWS_360&size=96&type=FAVICON&fallback_opts=TYPE,SIZE,URL",2026-08-22T00:55:26.062984
The Water Utility Hacks Are a Warning for Defense Contractors,https://news.google.com/read/CBMixgFBVV95cUxNdTlCc2dIZW04NDVBR09LY3dUN0hodm8xa1RUU0tTTW1QZVYzeThNWDhLakVpVG1EQnRnTkNzdFNwUnZpTmVMN215UFNQME0wU0pyay1iT1ZDaEdTa2F1SklQeFZ0bnNBcG01TllqTGRlRU9hYWdrVlZiSDlBVnVVejZvYjRXbXcxdDdKQTFVcDV0OVAydkJSYUZFU0N5dUY3OGhYdWZJb2JUNUExVXpudFVzdFZoVnRRakY1LVBGSkhNSnFnMHc,More,13 hours ago,2026-08-21T11:22:17,Real Clear Defense,"https://encrypted-tbn2.gstatic.com/faviconV2?url=https://www.realcleardefense.com&client=NEWS_360&size=96&type=FAVICON&fallback_opts=TYPE,SIZE,URL",2026-08-22T00:55:26.062986
Joro spider 2026 map: is the giant 'flying' spider coming to your yard this month?,https://news.google.com/read/CBMi0gFBVV95cUxPR3FiVFNSOGQ3N3lVdnV2N0FWQkYwVmpsSC1Qc0pSbGkydU8yQjZnejh4UE1hZ2tUSXQ3UWZnVV82U2V4bDE3Nm9yRFEwd256VndINVdJYXJaY3JWSkVORlp6R2V4VnlSR1N3ODdEd2tieDJHMVFXSlVUc2wtNWoySl9EZGpLR3dyRlR5NXJoRnJsNEQ4SjUyQWE4V1VPb0Z6TGlKTm4wUzI5WFdTMjc0RkR5X3h2SUxPN3phRmEteWFsRzh0X2xHWEJKSU51UFZYUXc,More,13 hours ago,2026-08-21T11:15:31,Scattered Spider,"https://encrypted-tbn1.gstatic.com/faviconV2?url=https://creators.yahoo.com&client=NEWS_360&size=96&type=FAVICON&fallback_opts=TYPE,SIZE,URL",2026-08-22T00:55:26.062988
T-Mobile Cut a Cable With Scissors to Kick China's Salt Typhoon Hackers Off Its Network,https://news.google.com/read/CBMilwFBVV95cUxNZzBJMzhKRkhiSWtBTktyM2pGT1M1ZTYtbWlZemVCRU1yTjh1aFIwRUxlSFNQM0JybUdEWEtDLUozT3pUaGFSdmx1ODc3aV81bjVHdFBJNktHXy0yU2tzT25JWndrWEpYSW1xeksxLWtEeEMyWXFQVU5tbWMzZGFvSUhzRGEtSGFVdUZleDg1b3JQOFNndjJF,More,13 hours ago,2026-08-21T11:14:32,China Cyber,"https://encrypted-tbn1.gstatic.com/faviconV2?url=https://pasqualepillitteri.it&client=NEWS_360&size=96&type=FAVICON&fallback_opts=TYPE,SIZE,URL",2026-08-22T00:55:26.062990
Hackers Hide Agent Tesla Malware Behind Emojis to Steal Browser and Email Passwords,https://news.google.com/read/CBMiVEFVX3lxTE80N1p5V29xM2d5TE9uME90ZjJpZktBTV9LMnVZUVZsRlU0S1VkQ092cEJwTTVwT243MlFNUjBsVk1GZTV1T2VaU0NTU0JfTU1sLWIwUdIBWkFVX3lxTFBVaWN2ckR1MUNrZzA4MTBpdVFOVkt4UGxTN2oyMVBmN2lIV3ZjR0xGRUJsUndHbUZYcHZEejdYYVVqT0pnWVlHMXJsaUp3WGk5dUxncnNOcWZOUQ,More,13 hours ago,2026-08-21T11:10:36,GBHackers,"https://encrypted-tbn1.gstatic.com/faviconV2?url=https://gbhackers.com&client=NEWS_360&size=96&type=FAVICON&fallback_opts=TYPE,SIZE,URL",2026-08-22T00:55:26.062992
China Telecom H1 profit drops 15% despite stronger cash flow and 5G growth,https://news.google.com/read/CBMitwFBVV95cUxOUC1rOVZYdmU4aGhoVFRwWVY3TXJhTm9Pd1ZEU3V5a0VMOXU3WGtQV0kxRENQX1NaRFRyV1I5Q1NucEdBdUdhRThNMy1wQnZ1QkRTQ1BZby15R25XSUNOWHcwcmp4dXhMRzlVSW1NZHBBRGw4N0pFYWVxckMxRnNhWlpXOWgxMXVnaVRTNk5SWDlIUEN0MmdzNEF3Sk5wRFg0UU00MkxsNHhfUVd5SUNKeWFsQnN6QW8,More,13 hours ago,2026-08-21T11:10:25,China Cyber,"https://encrypted-tbn1.gstatic.com/faviconV2?url=https://www.telecompaper.com&client=NEWS_360&size=96&type=FAVICON&fallback_opts=TYPE,SIZE,URL",2026-08-22T00:55:26.062994
U.S. Department of Justice indicts 17 members of Iran-based hacking group for stealing 31 terabytes from universities worldwide,https://news.google.com/read/CBMirwFBVV95cUxQZEdMZldscXowbHVadzFLRS0xajFnSHZ4M0hjVXNiMVRLVTlXZElQWDEyMm5zcV80ZkFuTm54Y2JySUJ0bV9rNDVWSXhHTlgtcFlvWm9JNDZnMnNoZTUyMV9xTGM5TXg3Q1Jwc1hCclhjSTRCNDJaSXVtRzVwTnRKc1hPMHpDMi1jcjNSR1dzOUpHMDh6UEpxR19ZbHY0X3ktbGFQcUs3U09YVGlrWjFJ0gG0AUFVX3lxTE9nN2pBOWdLMkJwMVdqZVlBM29rTUR5YkFlSFRVRm5vd0piMHp5dXRyTWRacDRiU1JyS2pGWnktdmpYdWhuZXoxSGVPa003eDNscVoxSTZGbWNGaHVOWXR4WGdNQVBtN2UxTmNCMUlwSlNLVHlublFaWHdZRndkZDI4RElmMGdtSy1VMlJVemNfVUNiX1BFbXdYQUs0QXZLYUpENnNuY3ZMNGNPLVNTVFFvX2J3ZA,More,13 hours ago,2026-08-21T11:05:11,Iran Cyber,"https://encrypted-tbn3.gstatic.com/faviconV2?url=https://abcnews.com&client=NEWS_360&size=96&type=FAVICON&fallback_opts=TYPE,SIZE,URL",2026-08-22T00:55:26.062996
"Logs FRST/ additional, aftermath of infostealer active infection - Virus, Trojan, Spyware, and Malware Removal Help",https://news.google.com/read/CBMitgFBVV95cUxOYl9WU29zaG9YbGF1MVFoenYyRWlKZ0RZRU0zLThOb0RLb2dGZGt2S0NzLWllVEpXTFhkUG1LT1ZXWTdIYVZJb2FWMmdTRlV0SVZnQTltVC1yd1JSaTBVSnJpaEpuM3E3MTkyd1VkUHRRN2ZiM1R5YWMwYnNBdUhjcVZTaFYzMnJMcEM0d1NhWWdPbS1JU0dIemQtSFRUQzY0bEpveVIwVUxzclNiQTUzaTBmT3VvUdIBuwFBVV95cUxQaENJVEJFMlZMRDJ0OU9tWVJlcXFVbUNhVEVmdWpGVVBqVE5nR3diejhmY2tzYlA3Ykx3TExaUG9LTWQzWFpiRkVaSHVEcDdEQXphZWZQekQ1M1E0UFMxMFVGTVJRS2NHUmpNZE56T1RBWGVibnpVeUEzMXk1eTJETkc5RjVCb0lmM3BkcFgta1gxX0ZHNjhyS3BxOUt3eWhydW54dUhDTzJqMzVFRGJmYjBFeTd2MDVWV1RF,More,13 hours ago,2026-08-21T11:04:10,Bleeping Computer,"https://encrypted-tbn0.gstatic.com/faviconV2?url=https://www.bleepingcomputer.com&client=NEWS_360&size=96&type=FAVICON&fallback_opts=TYPE,SIZE,URL",2026-08-22T00:55:26.062998
"As demand for Meta AI glasses explodes, it’s harder to avoid creepy recordings",https://news.google.com/read/CBMiuAFBVV95cUxNR1pQR1AydkZIMDd1cXVuc2pmRng1SVhqVlQ5bXgtRFp1b3I2di1sN1QxYlNXcVlNVWQ1V0s1ZlZlNFZuT1FHZXBDYklxSzdaLUlualh1b2dISW1OYXpYN0ZoRzNpeTFIUTZUX01UNGhBNkcySW5mSWdIeEU2QklWNmxkTjlSVzdndFc4QWRrUktHMnRJZkFQN3RrZG44V3FpTEhvaGdYaXppeGkxYVJmYy1zVFhFWWRB,More,13 hours ago,2026-08-21T11:00:53,Ars Technica Fresh,"https://encrypted-tbn0.gstatic.com/faviconV2?url=https://arstechnica.com&client=NEWS_360&size=96&type=FAVICON&fallback_opts=TYPE,SIZE,URL",2026-08-22T00:55:26.063001
Rocket Report: SpaceX makes its mark on the Moon; ULA names new boss,https://news.google.com/read/CBMipgFBVV95cUxQOUNPdzRzMk5naENtblN1NFk4N0gzWDVTNk94YVBZdzUxU1drcDE2RXVRQkpqWjVSSTEyUFdHS0NSbFBhdmN0NnZlVTl0UjRlSktnb1FlSm9QNkVRekRjejhtNzktVkdvcDgwaVdiSWhxd3p4Z0lnTTVBU0g3ek1QYjBFUkUzQ2tnOC1hcU55TENkR0xYT1hmQ3NPelBiUUdpMnlrbUZ3,More,13 hours ago,2026-08-21T11:00:36,Ars Technica Fresh,"https://encrypted-tbn0.gstatic.com/faviconV2?url=https://arstechnica.com&client=NEWS_360&size=96&type=FAVICON&fallback_opts=TYPE,SIZE,URL",2026-08-22T00:55:26.063003
What retail investors need to know before jumping into Anthropic’s IPO,https://news.google.com/read/CBMihAFBVV95cUxQTTZEUzJKWjRsSnV4S1cwYzdnYWpjbmJ3VkZzTXJqRV94VHBFOHRhbGgxMWFGSGF4Y3FkR3Fkb1RCUENZbjVidTdKZlR1YUJGUUZVT0dhNnZ0S01RbUMzLVE0Q2NSOWNTbmJVV1Z3TG1PS3B6ZVFtR2dDNE1UemsxNFMyN00,More,13 hours ago,2026-08-21T11:00:06,FT Cyber,"https://encrypted-tbn2.gstatic.com/faviconV2?url=https://www.ft.com&client=NEWS_360&size=96&type=FAVICON&fallback_opts=TYPE,SIZE,URL",2026-08-22T00:55:26.063005
Datacentre planning must be part of broad digital and industrial system,https://news.google.com/read/CBMirwFBVV95cUxNR3NkX3ppd05MMXFfNlF2b3E3dDBaSGZhT3N5RXdkWXI3azdtR2xHaXZGWm9sb1llckt3TDI1Tl9oQWpGT1ZIcTc2Rk9YNWpFbUdlUF91QW5fQjAzTU9DS3N4dmNrWmJhNXhlb1FuQ3pVWFlGTGl6ZFoxZ2ItQ0ttN21RX29NQXN5NFNrc3Uza0lTeXQ2bE9USHB6Z01ncEdWMUdLN1RMZlV6SElhOUlz,More,14 hours ago,2026-08-21T10:52:23,Computer Weekly,"https://encrypted-tbn3.gstatic.com/faviconV2?url=https://www.computerweekly.com&client=NEWS_360&size=96&type=FAVICON&fallback_opts=TYPE,SIZE,URL",2026-08-22T00:55:26.063007
"A party, 101 princesses and an eccentric millionaire: Jon Ronson on a mysterious castle – and what it taught him about masculinity in crisis",https://news.google.com/read/CBMinwFBVV95cUxNMWJEWlpQYlJyZ1V3RE9MR2UxRjBaYUNNbW9CWkw4WWoxUXJVOGVIUzllTkRfSTdFLU5wWmdFVTBlSTlxaEV1bFhsb0trTG82YnBsT3FCMkJRMERqRjlvdlh4Tkw5Rl9UNUNCZVAwUndNVEJ4Y2VuWEktN2dmUExLLW5MN05uaXN4bjVXS2lWdEtwYmVmRE5OYkt2THQ4aWs,More,14 hours ago,2026-08-21T10:49:00,Guardian Fresh,"https://encrypted-tbn0.gstatic.com/faviconV2?url=https://www.theguardian.com&client=NEWS_360&size=96&type=FAVICON&fallback_opts=TYPE,SIZE,URL",2026-08-22T00:55:26.063010
Bitcoin surges over 25% on short squeeze and crypto optimism,https://news.google.com/read/CBMiwAFBVV95cUxNeEprdllOMklkdndMYjJEcTRfcnN1dF9WUno1eUh5ZkRPTW41bkZFQ050R18wb2FJdExid2ZLUTNrUkRlM2RJbFVhZ0E0NzFxY19kQ2NSSk5iSmhRSEdSSG1nYjZyd3ZUY0NFUWFkWF9IcjVjbzFtS1VUVHJMWWplT2RzUUdfZlNRN0g1YlM4eVBOdDhLbVdiS2lOMzJGOFRGUEFSakU2TnMtbHpuOVlXajloUEFjN2h5dGVRMVhTUGI,More,14 hours ago,2026-08-21T10:42:23,Euronews Fresh,"https://encrypted-tbn3.gstatic.com/faviconV2?url=https://www.euronews.com&client=NEWS_360&size=96&type=FAVICON&fallback_opts=TYPE,SIZE,URL",2026-08-22T00:55:26.063012
Why Russia's Grey-Zone Calculus Now Runs Through The Hospital Ward,https://news.google.com/read/CBMiogFBVV95cUxOcE1vakRhN0xKQ1NiaXdQX3dxYU5ueFJKdk9DbUpHMmItN3dZdmpaOVJrQUEtenVvMENhV3B0dGJNeVZVUkgxQmt2YjgzR2pjbkU0LUh6UUd4eXNJeDRPVnNCYXhRU3E5VHBfYkxjRGJfVnVmWUkyQlVQVEJweHpXZGhoTlE5ekZ6Um80ZzUxb0xSWUo2MkZrUXpfU0hUR1FNbUE,More,14 hours ago,2026-08-21T10:42:20,Russia Cyber,"https://encrypted-tbn0.gstatic.com/faviconV2?url=https://www.distilledpost.com&client=NEWS_360&size=96&type=FAVICON&fallback_opts=TYPE,SIZE,URL",2026-08-22T00:55:26.063014
"Indonesian Billionaire’s Chandra Asri To Buy Jardine Cycle & Carriage’s Auto Dealership In Malaysia, Singapore",https://news.google.com/read/CBMitwFBVV95cUxPeG5CZzNNdXZpX083OVpOdnNQMTRpUGdaZnZoRkZSQ1hTSUFNVTJzbVpsRjZKS3JWQ21FaDVYSTB4Rmk0XzFPTGloU29uZU9GS3p0TFZ0TUs2NnJzaFNqQUkyeGlUOWZRaFd2RFhHRlQ0c21ISU9JbFpwVV9uMVlRTjBSeVYwendlczU0RjBGT2VtcUtEWUlocVc2eXQwcFF1Z3o3OW9KVmxhQjFUZFFoaERlZ3kyODQ,More,14 hours ago,2026-08-21T10:30:00,Forbes Cyber,"https://encrypted-tbn2.gstatic.com/faviconV2?url=https://www.forbes.com&client=NEWS_360&size=96&type=FAVICON&fallback_opts=TYPE,SIZE,URL",2026-08-22T00:55:26.063016
"This year's El Nino set to be strongest in more than a century, UK forecasters say",https://news.google.com/read/CBMiygFBVV95cUxNcGRNTTBROUFsUjBmeEhMcC1nNm9rZDluZ1FrXzgtNEFlRU1nZWlZazlZY2lBQ2tybV9QLWtsWDNnVjhZNzhVVUFqM2FZcF95VzRZQy1sSEdRdWxOWjljZGd6Z1ZGbVBTa2lQME5KWHZOSUpFcFNsZTZuNms2d3dJMGx2aHJFaVN0VDRuR1h5VU40QTE0a1VESndMTG55ZXhPbTFoVDdraGpJeEcyUWNiaFYybGpZbjFLeEpBUU45R1ozRkFJenJsZk5B,More,14 hours ago,2026-08-21T10:28:32,France24 Fresh,"https://encrypted-tbn2.gstatic.com/faviconV2?url=https://www.france24.com&client=NEWS_360&size=96&type=FAVICON&fallback_opts=TYPE,SIZE,URL",2026-08-22T00:55:26.063019
Corporate Web Security Industry Trends & Leading Key Players,https://news.google.com/read/CBMickFVX3lxTE1WRFQ5Z0xLd3hxbEd3TjRZZ1FqYm1sN2FTdEktSEh2aERTUkFPOVFDc3hKdU0zN1pHNFFJdkZwMXpNYk5YX1dtR1BuajJDVUo5SjVsZEJnY3pRd1dkeXRRNy1ld1VrZkJxZUhQSE5CNVVJdw,More,14 hours ago,2026-08-21T10:27:22,Advanced Threats,"https://encrypted-tbn2.gstatic.com/faviconV2?url=https://www.snsinsider.com&client=NEWS_360&size=96&type=FAVICON&fallback_opts=TYPE,SIZE,URL",2026-08-22T00:55:26.063021
SANS Institute joins OTCC to strengthen critical infrastructure cybersecurity workforce development,https://news.google.com/read/CBMizAFBVV95cUxORW5mZFpuT1ZqeFoyazJNOEZrSjFFTkRPN1d3YThqNWtlNGFlZEdYVzNxVnRyU2pwRkNJUmN2S2JJWGdOTk9yME1kdFh0cEZ0YzlNd0VVQzBJRGpsWHIyR2NrVXdGcmRCWFVuZG84V0ltUnRHZlZHbFlHai1TUUowNVA5RFoyQzkybHN6ZEhhb1d0T2o5NzE0R3psdmZ3SFFEVGdpLXp6Y2hCWmV5WUlaeHVkWDdTX0VzUWxWTlR2RnZSTUVwWHluZFBxcVo,More,14 hours ago,2026-08-21T10:26:06,Critical Infrastructure,"https://encrypted-tbn0.gstatic.com/faviconV2?url=https://industrialcyber.co&client=NEWS_360&size=96&type=FAVICON&fallback_opts=TYPE,SIZE,URL",2026-08-22T00:55:26.063023
CyberSheath report finds growing credibility gap in CMMC compliance as contractor confidence falls,https://news.google.com/read/CBMiywFBVV95cUxPbzlsdERTdnRhbjNsWTZtekdNbUtXRVYwN19IaWkwRTRrdUJMV0hiQ1IzaHcyZnhpeTJJY0RHZ0Z6TXZpQjlUNzhWTVRjb1F5bXNaUmhnSm9xZW12SVg1SWItTzRqc1dHeWZ6YnlVU0VkTWcyV1VuNGpyTkI4ak8tSzJTdENvZFY4UGRfRmJQdnZxSWZmbVd5Z1lWNjZsdmZnV3pFRDRfUTE2NUQzMDJtNnBsT3ZtWlRPNk9EVzZINVdnc3BrTUktVHU2cw,More,14 hours ago,2026-08-21T10:26:06,Defense Security,"https://encrypted-tbn0.gstatic.com/faviconV2?url=https://industrialcyber.co&client=NEWS_360&size=96&type=FAVICON&fallback_opts=TYPE,SIZE,URL",2026-08-22T00:55:26.063025
This Week In History: Grand opening of Lazarus West,https://news.google.com/read/CBMihAFBVV95cUxPX2VucmVjdzVxR3hWWWt5eHA4a3FaRkRJaWJqR3VBNTh5bExuQ2ZCZU1lbDlsUllLbndMS3dvNTExMXRjZTVvcHAyOFVtbWxQWmNDNGJ5NFBoVVZHSmNVQzZ5MG5HMjdQclpEekRLbDBIZVZRUlFScHphSk5paDd6WkFvTWs,More,14 hours ago,2026-08-21T10:24:18,Lazarus,"https://encrypted-tbn2.gstatic.com/faviconV2?url=https://www.aol.com&client=NEWS_360&size=96&type=FAVICON&fallback_opts=TYPE,SIZE,URL",2026-08-22T00:55:26.063027
US Bank Examines Alleged Data Breach After LockBit Ransomware Extortion Claim,https://news.google.com/read/CBMibEFVX3lxTE5KT1RPOUI3M0kwenhha0lwQWZzWVloQzBOWnFKcDhWQVE1cll4S0FLdlY0bkZzeUxHeUh6VUNfazRyZlFwX1NWdW5KNURnXzk2eGJQRGtOWWgtbTM3WkpWdnFZVUxFUFBGVEFOeNIBbEFVX3lxTE5KT1RPOUI3M0kwenhha0lwQWZzWVloQzBOWnFKcDhWQVE1cll4S0FLdlY0bkZzeUxHeUh6VUNfazRyZlFwX1NWdW5KNURnXzk2eGJQRGtOWWgtbTM3WkpWdnFZVUxFUFBGVEFOeA,More,14 hours ago,2026-08-21T10:23:41,LockBit,"https://encrypted-tbn2.gstatic.com/faviconV2?url=https://cyberpress.org&client=NEWS_360&size=96&type=FAVICON&fallback_opts=TYPE,SIZE,URL",2026-08-22T00:55:26.063029
BadBox-linked Android malware has now infected car head units,https://news.google.com/read/CBMikAFBVV95cUxOUzlBbkxYNmo1RXFmbTFRakZrb3FyTHhrZ3pLbFNSTWxkci1KbTV4eDlPWmhGZ0RDbllVV3ZWNnFWV3A2aUkwbDFRS3RJalRYY05FWFc0SS0zNGlhSnZ2ZEg4U0RKdmw5RU1ubHJYUjI3UnRJbUd1TnRxS2NabUxPaklhaXBYeWxvaGFDenFEX2E,More,14 hours ago,2026-08-21T10:23:24,Malware,"https://encrypted-tbn1.gstatic.com/faviconV2?url=https://cyberinsider.com&client=NEWS_360&size=96&type=FAVICON&fallback_opts=TYPE,SIZE,URL",2026-08-22T00:55:26.063032
"As U.S. Debt Passes $40 Trillion, Over $11.6 Trillion Was Added Under Trump. Here Is Who We Owe.",https://news.google.com/read/CBMi2wFBVV95cUxQVWNKblhSclVFTnpMblBPcmdNdnlXeEYxZ25fSm9ESllMN2dkb1AwV0RYYnVrUU1jRk9TTEl0NVNXZHZEazBZeDVBTHNiSVBoZmhMQ3BaM0ZsSXlHbUhZeGtxeElNMXhod1ZXNlNfYVhORHQ1REltQmxVdTFHaXpFUC1uQzF2UFBNNFh3aWw2R2k1N1pNZ3Q5Q2pQRExpZEdERkZZdmJjT1NsR1FvSG9xRmxxeTk0WnZ1Qnd1RnUxcXowUjB4bU15eHdxVE40c000SFNlTmNqam5kOVU,More,14 hours ago,2026-08-21T10:22:59,Forbes Cyber,"https://encrypted-tbn2.gstatic.com/faviconV2?url=https://www.forbes.com&client=NEWS_360&size=96&type=FAVICON&fallback_opts=TYPE,SIZE,URL",2026-08-22T00:55:26.063034
Opinion | How I Became the Scapegoat in the Jason Arday Affair,https://news.google.com/read/CBMiqAFBVV95cUxNRjB5RV9HTkRGRFhaeUhEVXNUUXdZeThfZjUwcXE4aG0tVzhGaDFuQUtfQndMMGZmZlp3SW45ZFp4ZHJoTVo1RXA0UGlFcmNkQ1ZtWXJLT05pY2gzSEUwX0ZGOHgta1l0YkpFS2lpUjF4NUN4Qk95a0RodENqUG5udzVKbWpuWlNnOWJaRENqcHMzVEU4RXN4czZIWF81eVVMVVl4VG9TMnk,More,14 hours ago,2026-08-21T10:21:00,WSJ Fresh,"https://encrypted-tbn1.gstatic.com/faviconV2?url=https://www.wsj.com&client=NEWS_360&size=96&type=FAVICON&fallback_opts=TYPE,SIZE,URL",2026-08-22T00:55:26.063036
Microsoft sounds alarm as perfect-10 Entra ID flaw comes under attack,https://news.google.com/read/CBMixwFBVV95cUxPcHpOMG5iakxvLTVNVzkzVXF3ZWRNc0tVaFZUWWpRREZwdnEyN2RsMWhHQlBSbkhvVGtxM1dZS014NFJQVERDblF0RHJRYmdTWkFPM29qQzVtc3Q0djFxWVhpd1hCTmlWSWw5Z0RwQlNaa00wSTdZaF9ldEdvbU5QeU10UE1CNnZxNnN6RW9Kb21Ua2JvVmMxQ1lQWUVqYm5oMENUWEE3Y1ltc1pnLVpNWGZZX1hyVkVRbGFTTzZncWFCRGJXS0Jv,More,14 hours ago,2026-08-21T10:15:00,Vulnerabilities,"https://encrypted-tbn1.gstatic.com/faviconV2?url=https://www.theregister.com&client=NEWS_360&size=96&type=FAVICON&fallback_opts=TYPE,SIZE,URL",2026-08-22T00:55:26.063038
"Gun stash in German forest believed to be linked to Russia, say reports",https://news.google.com/read/CBMirAFBVV95cUxQYmpLWmEtT2xDWHJuME54M0JJaUhaYmVlaW1mZHpCU2Z1UlFJR1RuUC1vYmZNaDRSLXJGS3ZncFo0MXZ6TnlIWmhPNE9Bc1lIbnRSajg1RHluWnBTZ0RwcHQxcm5hYllldEM1dFBqTURmVWhBR1YySkZKRVhtcUFidGlUSUdCWUY3eUlGdWZhVTVNMWpKM0xQb2xVWWEzM3NTSnEwNVdsOEVjaUkz,More,14 hours ago,2026-08-21T10:13:00,Guardian Fresh,"https://encrypted-tbn0.gstatic.com/faviconV2?url=https://www.theguardian.com&client=NEWS_360&size=96&type=FAVICON&fallback_opts=TYPE,SIZE,URL",2026-08-22T00:55:26.063041
"Cisco Patches Nine Crosswork and Secure Workload Flaws, Five Scoring CVSS 10.0",https://news.google.com/read/CBMihAFBVV95cUxPZVU5ZGpMWi00VUZjVmJxT05jNnpLSnVJRk5yc242T0xReGRjRXZmUzZNenlVNDdhMG4zQVVkSnk3VjRJdHBvZDVZaTFaaXhmaldidldwaGJYTHZDelM5OWJqTFB2LXJKVWRMeWhwZHVaSHFZX0ZXbGRzUzZFMXlyOHJ4MXU,More,14 hours ago,2026-08-21T10:03:00,Network Security,"https://encrypted-tbn3.gstatic.com/faviconV2?url=https://thehackernews.com&client=NEWS_360&size=96&type=FAVICON&fallback_opts=TYPE,SIZE,URL",2026-08-22T00:55:26.063043
SHOWBIZ: From body-shaming to leading lady: Qistina Khaled secures dream role after 20kg weight loss,https://news.google.com/read/CBMivwFBVV95cUxONWlJbW5hU0hXekNUbnpEMWd3eG1yZ0l6MGdTYnczM2pTRTBkcHpoM2tuc3FKUUxGNkZUb2s5akw5V1JpNFhfUTA1ZTNYNDdobWZBZU9Ra0NfeF9FOWVhOHdhelZuandjWDRyOVZEamFOajdheHZjZ0w3M1ZxcU9rcWZjVFhzY2hvZHVjaXl1N0J6LS13MlkzQkJwRlFtelhGclBYREgyZTZ5Q2pGdHh1TzBHeXA3WW5BcDZiVGJOVdIBxAFBVV95cUxORENtUDRKLTcwYWNKS1Z3SlJieXhkZ2lRWkJlcE12LVFJNXB2OHdkUWxYWkxtUFluYlllU21EZWVMZXA3eWNSSEVlWmZZNG1TelQ0RlpyUHFNcGktbUU3QngtVGNNLUt4cnpLdGZZTHdzY2lyb3libHpqYTMtNVNrV19Vd0U4UHdEWGRKQ2FfVjdPZW9RVDV4UG1ZQVl0ZWphNUM0Y0NLeWJsZHozU3ZpWWhtV2lsbHN5OFozVHotNXpLdTc2,More,14 hours ago,2026-08-21T10:00:17,New Straits Times,"https://encrypted-tbn2.gstatic.com/faviconV2?url=https://www.nst.com.my&client=NEWS_360&size=96&type=FAVICON&fallback_opts=TYPE,SIZE,URL",2026-08-22T00:55:26.063045
China’s drone production capacity can only meet 60% of war demand: study,https://news.google.com/read/CBMivwFBVV95cUxQdnVjOFNWQUdOeWRITnJlTWVMcjd2aDJLb1hSS0NqLW5OblVVVmtzZDY2eTFBTE43R3pnRnRHck40U3RNS1VhQ3l4emRod0loZFJIQmVoejZpblpkc0pGSkFiNk5sMHVWeGVEdS1WOVpOT2hqcjhhLVlEZVlPVEdUaGI2Rm5Qb0UwTDJxRFZ1U1JLcTBTcTlKQWd1R29yLW1xaERxMi1iLVpDVDlfYUx3OWVCbWhYbEhSZVZBX3lXUdIBvwFBVV95cUxOOGNrNFdrU3RlUDVGWThST1NHN2ZfcTN5SkdaaUV1NXVSM0tnWUlEU1NuR21Ud3RQaDFMTEVadnpacllPOWhwQkhRa3BKMVpySjJCLWJpSjA0MjNsancxYzNLdTlpMHVBdTZFYVk1OVFDM1dfa2JxNmN0M2VTaExJdTUtVjhPdlc1ZWRGcTlXWFJFaEtVSWZJSHN3UDdIUUVCVHdXbV9fb0lKY0NUaWNrYjNxWWwybWJQc3hqLUo2WQ,More,14 hours ago,2026-08-21T10:00:05,SCMP Fresh,"https://encrypted-tbn1.gstatic.com/faviconV2?url=https://www.scmp.com&client=NEWS_360&size=96&type=FAVICON&fallback_opts=TYPE,SIZE,URL",2026-08-22T00:55:26.063047
World in Brief: Treasury yields climb; America announces more sanctions on Cuba,https://news.google.com/read/CBMingFBVV95cUxQMkpuNTVwejFkckc5VGhIVXRTSVJiNFd3R0hiYnZPUlNzS011TXo4RFZNTU5zdkM3cU41djNsV3pFdWVncWI2WTlZLUM4NHFLODQ2Q28zTEduZ1lJdThrcm9TRlcxSDhDaGpCZjVFdEJIRkc0OHdvaTF1dmhucXljMDE1cDBoQUtyWGlyS0pQa0R3V01ydWZ6NzNvaVZhQQ,More,14 hours ago,2026-08-21T10:00:01,Economist Fresh,"https://encrypted-tbn2.gstatic.com/faviconV2?url=https://www.economist.com&client=NEWS_360&size=96&type=FAVICON&fallback_opts=TYPE,SIZE,URL",2026-08-22T00:55:26.063049
"Watch Wall Street Week | AI Hits Wages, USMCA Under Pressure, Colorado River Crisis",https://news.google.com/read/CBMiuAFBVV95cUxQdXQ1ekh1LXpvYzdWdHJ6RzVJMHhZRmVTSFEtaWg3b3BRNmFaS294QVdsVEpQVE9DUUQyY1dNaDJZUEhvWWdNTmN6Wm9MRDA2WlJJaFJ4cHdfRHFLX0M4LVZXZXotLTB0MVRyRnBNbE1NU01DQkktQWp1RDQ1TkFQZ1p1SHUwQjROQmxqSk4xd2k4WTBXUE0zTENzYWJTdUtoVWtNdlV4TWxJR1lhYUsycnJMNVpKV2th,More,14 hours ago,2026-08-21T10:00:00,Bloomberg Cyber,"https://encrypted-tbn1.gstatic.com/faviconV2?url=https://www.bloomberg.com&client=NEWS_360&size=96&type=FAVICON&fallback_opts=TYPE,SIZE,URL",2026-08-22T00:55:26.063051
Can’t beat them? Eat them! Ten of the tastiest garden weeds,https://news.google.com/read/CBMitwFBVV95cUxQbXBZZEt3VmYwQnNndTlLUmNzZDR2QVpFUWFZa1JEQjBpM3dpTlpNdkNiVmZHSjVLV3Z3c0VoRUVxdDdVM1dvcVdUX2VBODVDcW9FVWhXeVBiOUE2bVF6T0c1bk9jTC1ySnNKcFhMbWVUdk5wWjBkRmppVVNBNS10dzhfaVNmczFpUm5FUV9SaUZSZkFXN3hqbUY4Z3B3RHdLOXh4YVMtU3RwYktKOFh2a0Vxb1U4TUE,More,14 hours ago,2026-08-21T10:00:00,Guardian Fresh,"https://encrypted-tbn0.gstatic.com/faviconV2?url=https://www.theguardian.com&client=NEWS_360&size=96&type=FAVICON&fallback_opts=TYPE,SIZE,URL",2026-08-22T00:55:26.063053
"Cybersecurity News: CISA MLFlow warning, Siemens PLCs warning, CareCloud confirms breach",https://news.google.com/read/CBMirgFBVV95cUxOZnJhN2pQMnNoc3RBcnI4ekJzRXF6amhscElLckkxOXhvQWxzMUxjOFh0NDhrS1dDclRKWkJPNlNKcFczWXRTTjEtaWtzQjQ4SmlPN3RCU3I5SlI5M1NFYzY3UXpoSHh4ZU50bGxhbnNtekFwSmY0LTR4eUk1Z2Rla3lhMEpCNmVqQmNCLWNMUExtbndkVFQwc1VVdXdnQ3ZBOG9HeWRUb08zU3Znc3c,More,14 hours ago,2026-08-21T10:00:00,Russia Cyber,"https://encrypted-tbn0.gstatic.com/faviconV2?url=https://cisoseries.com&client=NEWS_360&size=96&type=FAVICON&fallback_opts=TYPE,SIZE,URL",2026-08-22T00:55:26.063056
What’s behind Russia’s escalation against the UK,https://news.google.com/read/CBMioAFBVV95cUxPeDRkSTlNNlUzNnRJXzZpNWdMUmU3WWIzM3RpQm5WejVVbHJYV1o4ZERScmhzWldTVy13MDBfSDhNNUxVSmFsV2FvWkZUSlpqSUtyem1iZXdyS3dXbFFVTEhBQUY4RlFFNHJVbTVFRmlad2ZNaWR0Y3RxSk5TLTA5cGwwVjJLOTMwcHlKRkhPOVBDdDFUeUFGVzJVOElEdjhO,More,14 hours ago,2026-08-21T10:00:00,Ukraine Conflict,"https://encrypted-tbn0.gstatic.com/faviconV2?url=https://www.washingtonexaminer.com&client=NEWS_360&size=96&type=FAVICON&fallback_opts=TYPE,SIZE,URL",2026-08-22T00:55:26.063058
The role of AI in OT security starts with context,https://news.google.com/read/CBMijwFBVV95cUxPbmFQUkc0eU8wT3lTX19hNHRXZ0YwMzYtczFGYW5nal9kYi1Xc3NtRTdlZnZ2dnZCNTJ2dWhpUzlKSnFDaWl0clVCTHgxY3ktS1pPSTVzVU5fNk1BMVQwUjRjNnpsVXpzSTFmcTQ5MW0xcTJOaGFqRDF3dXFFVnlSM0FyOFh3UnNzYVo5Y0pjRQ,More,14 hours ago,2026-08-21T09:56:33,Advanced Threats,"https://encrypted-tbn0.gstatic.com/faviconV2?url=https://www.frontier-enterprise.com&client=NEWS_360&size=96&type=FAVICON&fallback_opts=TYPE,SIZE,URL",2026-08-22T00:55:26.063060
Canadian artist ends legal action against Google after its AI wrongly labeled him a sex offender,https://news.google.com/read/CBMid0FVX3lxTE5PSGpVbVlrOUFHVndMTldSWWVZT2REQlZaWGxBNHo1LUhqbzZUVHNza2ZHUjFaSk5DVXNoY19qUDFVN0piWWNPYXY1VkpUOFNuMUV5Z3NRdmtQbXppcnUtbkw5MUh5bER4TDVMSWxnRlhPUVV3a2hV,More,14 hours ago,2026-08-21T09:56:05,CyberNews,"https://encrypted-tbn2.gstatic.com/faviconV2?url=https://cybernews.com&client=NEWS_360&size=96&type=FAVICON&fallback_opts=TYPE,SIZE,URL",2026-08-22T00:55:26.063062
T-Mobile security team cuts the cord in Seattle to thwart Chinese cyber intrusion,https://news.google.com/read/CBMie0FVX3lxTFAyTTBKNzBvU3V1SFBRYUFkdllxbEwzc0F3QkJxVXN1bG9FOWRDV0N5c3VuSlB4VnZORWc5eS05R2tNNG93RjBVQnlKbm84MGRtd3NTQ1lVUVlpQkljZk1FbWdKeXprX0R2UDEzd2pKa1VpVFRIMnBOLWhoZw,More,14 hours ago,2026-08-21T09:56:05,China Cyber,"https://encrypted-tbn2.gstatic.com/faviconV2?url=https://cybernews.com&client=NEWS_360&size=96&type=FAVICON&fallback_opts=TYPE,SIZE,URL",2026-08-22T00:55:26.063064
GitLab Warns of Active Exploitation of Critical GraphQL Flaw,https://news.google.com/read/CBMiugFBVV95cUxNV255Vm9VR1ZCOTlncEtzSUxFNWZqVlhLd25ZamdJWWZwSDlXRmoxNzdleFM2c2dnQXB3U09pVk5pcWpSWU9tRVpNTWE2NmtjdHAzSVc5SS1VV1UxWDhLbkZSeUF4dkx4VGM1OC1JVVBnV0lkYnBQaW1TYmFpM1FyQk5oYmNSd1pLUjB1bEMyZFJCMmxXZHZHVUhfdWdnX3BULUg3QVpVSzgxTmtfT05HVGdjYVZfc3lNSlHSAboBQVVfeXFMTVdueVZvVUdWQjk5Z3BLc0lMRTVmalZYS3duWWpnSVlmcEg5V0ZqMTc3ZXhTNnNnZ0Fwd1NPaVZOaXFqUllPbUVaTU1hNjZrY3RwM0lXOUktVVdVMVg4S25GUnlBeHZMeFRjNTgtSVVQZ1dJZGJwUGltU2JhaTNRckJOaGJjUndaS1IwdWxDMmRSQjJsV2R2R1VIX3VnZ19wVC1IN0FaVUs4MU5rX09OR1RnY2FWX3N5TUpR,More,15 hours ago,2026-08-21T09:49:04,Lazarus,"https://encrypted-tbn3.gstatic.com/faviconV2?url=https://securityaffairs.com&client=NEWS_360&size=96&type=FAVICON&fallback_opts=TYPE,SIZE,URL",2026-08-22T00:55:26.063074
"Romania destroys drone near gas project, blames Russia",https://news.google.com/read/CBMijwFBVV95cUxObzA2Z1hkeENFTmN3eDNWdDZQd1dfYW9oQW01MlM1U0JhZnowYnFuMGVHMVFtNlF0Rm9xNkc3RE1VVFJGSFFsQ0piNmF4eEd5NEZpR3FZb3BHUkIyWXRVVU5wVEJkR0dPOV9TSGhCWVBGVXR5cElOTVdBTDNGenpSQ0ljSG5TdnhhMWQzWk5aMNIBjwFBVV95cUxQRXJ4aVJWcVROZmN4cWdXaGhwd01DSVRia3BKOTVDMXI4WWFXMXdlNmxXaU51SkNPMTFzYXY2MGRRcEw3aHJwRjZpT3cxY053RTRqZXVSYXlOeVl0andWMEVraHN6Zk1Dd2dUNlVkd3lISGxxeGk4bDBBZUhLdUdZa3hzb0cwR3RjRzFSUWMwTQ,More,15 hours ago,2026-08-21T09:43:03,Deutsche Welle Fresh,"https://encrypted-tbn1.gstatic.com/faviconV2?url=https://www.dw.com&client=NEWS_360&size=96&type=FAVICON&fallback_opts=TYPE,SIZE,URL",2026-08-22T00:55:26.063077
German Forest Hideout: Unveiling a Covert Russian Plot,https://news.google.com/read/CBMisgFBVV95cUxOb2hMWkpxc3BYcUdlQmNVVm0xQkM5TlZhaGFpUmZ6M2NCeV8tSjIzRExkRklVY09pem9FeFFCQ0xfVWp1TEQ4UEF0aDg5aUIwLTh1anBmSk1OanREckJ0MVJTbmlYSHNRdmV0OGJpWjVjQ250OGZYSkxlNmVETXhTb0RkeUE0d1RPY2p3WWhlY3BiaWRHNDI3Zm1LQ3ZiU2VqaGM5YnVJdkJGRHJxc2t1SjFR0gGyAUFVX3lxTE5vaExaSnFzcFhxR2VCY1VWbTFCQzlOVmFoYWlSZnozY0J5Xy1KMjNETGRGSVVjT2l6b0V4UUJDTF9VanVMRDhQQXRoODlpQjAtOHVqcGZKTU5qdERyQnQxUlNuaVhIc1F2ZXQ4YmlaNWNDbnQ4ZlhKTGU2ZURNeFNvRGR5QTR3VE9jandZaGVjcGJpZEc0MjdmbUtDdmJTZWpoYzlidUl2QkZEcnFza3VKMVE,More,15 hours ago,2026-08-21T09:39:42,Taiwan Security,"https://encrypted-tbn1.gstatic.com/faviconV2?url=https://www.devdiscourse.com&client=NEWS_360&size=96&type=FAVICON&fallback_opts=TYPE,SIZE,URL",2026-08-22T00:55:26.063079
The invisible war: Iran's evolving cyberattacks bring battlefront to small-town America,https://news.google.com/read/CBMi-AFBVV95cUxOYlZZdFJ1QWtGUHBySkdyYU5EVE9iNnVtaURUZmxLUWhUM25ES2xkanF6OHRUSnhSdlFZQlZVUWhOUEQwQU93LWh0MzZ4bUZwYVhVX3c0Q09WZERVMVp6Nm9WQTV5TkwzT2h4eFF4dnFqR0pkdWhlMXN0NTA1b1ZXYTduLVhJbXE5MjY5cS1YTkl0U2VlU0M0amVtbENzdk9ZVTltLWk0NUMxRUd1aHhDTHF0YzBiN1RuSTVPR2ZOSVlUQVMzQTMwZEZRVXdMdlhtMlMwU2VNUEFpWjhDYnFDYVNhVTY0MXJGN3I1SWxpT3lkSnpVR1A0bg,More,15 hours ago,2026-08-21T09:37:00,Middle East Cyber,"https://encrypted-tbn2.gstatic.com/faviconV2?url=https://timesofindia.indiatimes.com&client=NEWS_360&size=96&type=FAVICON&fallback_opts=TYPE,SIZE,URL",2026-08-22T00:55:26.063081
NTT DATA & Palo Alto Networks: Targeting AI Security Risks,https://news.google.com/read/CBMijwFBVV95cUxNMEdzUXZQQUVtbjQyUkxaaVVVNS00dS1paTNkNTM5M2M2NTU0NTVOU3F4RDFmU3Z5Vm9hMzNNVmZaVDR1MW9PczNpTWVLM2pYV1NxaFJMenluemFCRWEyaVZMZHFCd2F2QndTclhXVjVGMGRGWGFoa1BOOWR6Q2hiUk4xUTI0Y3dWX2llRnRodw,More,15 hours ago,2026-08-21T09:35:12,AI Security,"https://encrypted-tbn3.gstatic.com/faviconV2?url=https://cybermagazine.com&client=NEWS_360&size=96&type=FAVICON&fallback_opts=TYPE,SIZE,URL",2026-08-22T00:55:26.063083
"Why staging of a play on Snehalatha Reddy’s ordeal has sparked battle on Emergency, morality and artistic freedom in Keralam",https://news.google.com/read/CBMisAFBVV95cUxNdmZfMEFBd2VNX2tKbWgyRlpITzFTQXBkclBiM05iWXBhMFNlMVRBZW9fYnJfR1paTF9iaUdiRnhBSHViX2I3S2Nob0tHTDNMcS00UUpLRmhland0MFA0S2JqZUkwUldjS0QtSlJmYzFicE8tWE5NbURrODk3Q3QyQ29mTlFEcmNmSkRyNHVHbUJzMXJfbndvbXBQWE5VVy1GSUtpb1E1VU4wR0Q2OUVWNNIBtwFBVV95cUxQRGxTQklWUkZyYkN3RVZtMnREcFkyVlJkQWlBenp1cVlkckphRlVUSTcwNmsxZ29NLTdqSjJMWWg1VjA0Ny1VbVppU25EQy1YQ3I0QTdjWGlyRUdVcmpMZGFSZkNaRXA5Zm5vcG5GQ3d2X1c1MXhLOWpBdXdMTTlWR3R4VHo3RkoxNS1JeHZRcEVCRG1oX29LcVlZRmd6Ylc0QjdGbFdiYWVEcnNiczVIUFRYa3lBM0U,More,15 hours ago,2026-08-21T09:33:11,The Hindu Fresh,"https://encrypted-tbn2.gstatic.com/faviconV2?url=https://www.thehindu.com&client=NEWS_360&size=96&type=FAVICON&fallback_opts=TYPE,SIZE,URL",2026-08-22T00:55:26.063085
Rust Supply Chain Attack Linked to North Korean Hackers,https://news.google.com/read/CBMijgFBVV95cUxPMlBTTXc5cGJDR0QwdWQwZkhqdTYybURtdWJFYjVsVHBVcWo1clhTMnVRNzl6cXJnRWtfVXNodmVheHp1TW5JTWhuU1hncUcwMFJKUkRjcUZ5ODFqRHBjYi1TX0pjY3ZpYnMxMk9PcU9MM2twdERoVUFaZFhwNXlRZXBxOXJPTEkteG1WWHhn0gGTAUFVX3lxTE1pUXRtazB2MnZHQ3VaeEhkcTBuOFlNenpnaXlwaWxvZVBPUGR5SUZQTkxMSjdvcnN5WGY1LURXVUt5blBSMlBMaEZQT1o3VngwR3huZVFhTTRmelNoNjVmdUhEUnJiMzZvd3RscFF6NXNiUlgzbUpoWUZMNGhka2I3eU1Zbm4tVk9vU1UwM3l0RE5fRQ,More,15 hours ago,2026-08-21T09:23:18,North Korea Cyber,"https://encrypted-tbn3.gstatic.com/faviconV2?url=https://www.securityweek.com&client=NEWS_360&size=96&type=FAVICON&fallback_opts=TYPE,SIZE,URL",2026-08-22T00:55:26.063087
Head Mare Exploits TrueConf Flaws to Deliver PhantomCore Malware to Meeting Participants,https://news.google.com/read/CBMicEFVX3lxTE11Z3d0dlFDeVU5cEdobF80clEwN1BsNGQ4S1VLS18tUkg2aFVsZ2ROQVp3UV9MN0I0YWw3WWVSYV81ZlFnN1FieDZyeGdlNTZ4MUJCM3E4MGJCQkphaG1Ccm15V0x2bWJkck44dG9vcXDSAXBBVV95cUxNdWd3dHZRQ3lVOXBHaGxfNHJRMDdQbDRkOEtVS0tfLVJINmhVbGdkTkFad1FfTDdCNGFsN1llUmFfNWZRZzdRYng2cnhnZTU2eDFCQjNxODBiQkJKYWhtQnJteVdMdm1iZHJOOHRvb3Fw,More,15 hours ago,2026-08-21T09:21:37,Advanced Threats,"https://encrypted-tbn2.gstatic.com/faviconV2?url=https://cyberpress.org&client=NEWS_360&size=96&type=FAVICON&fallback_opts=TYPE,SIZE,URL",2026-08-22T00:55:26.063089
Samsung to return record $80bn to shareholders,https://news.google.com/read/CBMihAFBVV95cUxPNzlrU2ViVnNoTUFqUDY3ek5JMndrcXBrMjN2VkxySnZvR2JEMjBPMjI0TTBiT1ZFZlZZTjBKUERSSFhObEpfY1pxV3dKVlgzS1pnVDhTYUYyNXFtcUxWbmlsNGd4OFFHSmdfVkduTDJVSFVCSFRTalhyYU51WWVmNzd1VXQ,More,15 hours ago,2026-08-21T09:19:30,FT Fresh,"https://encrypted-tbn2.gstatic.com/faviconV2?url=https://www.ft.com&client=NEWS_360&size=96&type=FAVICON&fallback_opts=TYPE,SIZE,URL",2026-08-22T00:55:26.063091
Russian Missile Drills Stoke Tensions With Japan,https://news.google.com/read/CBMikgFBVV95cUxOTDZXbnNORlU2SElhQ0pQcmJERmExX2RXd3plYXJvWlRYTVE5b0NEUEhwYTRhWmZsMllCMVRCcGFfOEoySHdZc0VyMDB0WVhmWEViMi13akRJdmt5b3VoSVhJYTRpRHFpcWtScGk1N0dINUxIQ0cwOEJHMlZ4Q1E0X3VVbWhiOWpITW1FdFZ5WUR5UQ,More,15 hours ago,2026-08-21T09:18:00,WSJ Cyber,"https://encrypted-tbn1.gstatic.com/faviconV2?url=https://www.wsj.com&client=NEWS_360&size=96&type=FAVICON&fallback_opts=TYPE,SIZE,URL",2026-08-22T00:55:26.063094
The Prime Minister stated that many regions are lagging behind in implementing the resilience plans,https://news.google.com/read/CBMivwFBVV95cUxOaE5wR1NRWnV4YUxkUzRXQmNjQWpEdHNRbFJFRFo0Vl9DYVhWZFJUUl9wTjF1ZTFXRTUzbnMwTnRCZTRqTWZuS1YzTlUtX0Z4TXZMUmo1RXVIaWpmcWRzLW1ET09XLWlMNkxRN0JKSlU2eXl4RTVXb3RYU19fZTB4Sy1ic3NockE3cFlRTXp3Q3pEaHdObVNlLURhN0hKLVc2X0tGQklka3dNSXpjMDRPbGpIa25TNk1iOWhEc09XY9IBvgFBVV95cUxNRk5Vd1FBb25ya0tNTjFDOUs3bTI4Mi00QlA0OV9oblBoVEZPSWRIUGJhWm5uNl9aSGpLVjhIUXBpUzNLMTdtSHVVMEhrZTdPRlozcGlBODF3aTJIYXVmZGN6MzhEMWgxTmluMnBWZThDMVJjc0tmLXJCWWd6bVBtM0ktU0pnU3R6bGRuWVdhQnhOalJreHhvU0VtUHl1enVNTFdDVTZWNmxnQzdRdjN5WVpuaHQ4ZnBPQV9PaEhB,More,15 hours ago,2026-08-21T09:17:29,UNN,"https://encrypted-tbn3.gstatic.com/faviconV2?url=https://unn.ua&client=NEWS_360&size=96&type=FAVICON&fallback_opts=TYPE,SIZE,URL",2026-08-22T00:55:26.063096
Anwar’s Taiwan remarks test Malaysia’s One China balancing act,https://news.google.com/read/CBMizAFBVV95cUxPb1c5a05qZTBqbEtLU1JmRmU0empqejVhREd2ZlBrSVUxVVJYcGFQZmkyS21lLWp2eEExSlpaNjdRT3Y4SWZWSU5wdllHaVN4aXRFUHdESjJobTZRVGtGSUtsUU5Md3Q3R3BTOVdSeUlid21tWmFwNE0wdGdzbnFGSHJwWEd2aU5hbjFZdU81bFFoYW9TVF9sWF9CX0E2X09jcVFLdHdoNWRZNC1JZmxiYkJCSTFHNkNnbTFGSU1PSXFRdUNpVkd0SXU2YTg,More,15 hours ago,2026-08-21T09:15:00,Straits Times Fresh,"https://encrypted-tbn0.gstatic.com/faviconV2?url=https://www.straitstimes.com&client=NEWS_360&size=96&type=FAVICON&fallback_opts=TYPE,SIZE,URL",2026-08-22T00:55:26.063098
Wi-Fi 7's WPA3 protections come with a compatibility catch,https://news.google.com/read/CBMiswFBVV95cUxQcnpqbFNVdjRvQktheUhuOWhQQWFSTjZhN2oxUUY0endfTVVvUkc5TFY2bXZzaW51Rm1yVGpXUW1scjZ3djZEVnBXOGVhREVZdzFETUxib1lsR3NpdFZETkJMVEw3NEt6dTFQSE9WMDJ0LUdJTXlpVFR5bWpDLXRJS012SkZwOEV4ZHVQMjB1M1l5Ym9sT09kT0hiZ2c0SEgyeHhCaWxVVHdVelI4LS1VMlh1TQ,More,15 hours ago,2026-08-21T09:14:00,Register Fresh,"https://encrypted-tbn1.gstatic.com/faviconV2?url=https://www.theregister.com&client=NEWS_360&size=96&type=FAVICON&fallback_opts=TYPE,SIZE,URL",2026-08-22T00:55:26.063100
Why Germany's gas storage levels are so low,https://news.google.com/read/CBMikwFBVV95cUxNVXNjekJMcmdBNjZFaDk3STFKWnNYLTdjX1pfeGtYeDF1Zko2dEtHSzVka1lzMkxNS3d6UW5NWFJHblBOTGs5REU5aHY5clhjbzRiNkY2R1htR0gxcmVnTVBhZFdGYXRsOGlMUEJhQXN6THpWWFFYRldJUjdnUlozMU02VzRudXU5RU12UTdrYjFDYVXSAZMBQVVfeXFMTXNWZW9MRGkyNmRzclpqSEVqNllnSkduVEEzRlE2dXo2QmxGRkcxbW5RUVRtZ0hCQnVnRmtqUnJrUlVGZE1QMzF6NFN1SlNsdTFmYnhqQk1qSUFDeUpWTFZuX1Vod1daZTkzUW5sOFBBX01mWmd5aGF3YkhuVEsyTUxWUE5EaWxGREE2WWxYM0xDTzNV,More,15 hours ago,2026-08-21T09:10:20,Deutsche Welle Fresh,"https://encrypted-tbn1.gstatic.com/faviconV2?url=https://www.dw.com&client=NEWS_360&size=96&type=FAVICON&fallback_opts=TYPE,SIZE,URL",2026-08-22T00:55:26.063102
DC-area volunteers raising money for truck to support Ukraine war effort,https://news.google.com/read/CBMiowFBVV95cUxPc0F0ZXA0elEwTUk5TElaeU9iSnAyTzgtOU54dlg4MWpjWlZndGFFaWpTeU9yVkhMOHRNdnhvek5hU2dMbEJZX25FNjBZQXQySTJFaEF6c3hVRndoYmM3dEs4UHBueDYxS3NfeWktUFFpU1VvTjR6QTB6RmlpZTJJSjJTUkZJbzJSeFEyLTdxVEFsTl9qQzRFeXJwWHVRYnliMW40,More,15 hours ago,2026-08-21T09:08:19,Ukraine Conflict,"https://encrypted-tbn0.gstatic.com/faviconV2?url=https://wtop.com&client=NEWS_360&size=96&type=FAVICON&fallback_opts=TYPE,SIZE,URL",2026-08-22T00:55:26.063104
Flock Cameras. Canoodling Lawyers. How Much Surveillance Are We Comfortable With?,https://news.google.com/read/CBMiiAFBVV95cUxORGl2N1BxU19IaklnNzFuUW5iVHJSRnVRVDdRX1MxSll3WDBrX0dyN0Q0MHBhdlBtSy1MN1FNT0lEREphQjFiSUpmeGVHVFY5NzRGc3Zna1l3M282ejFaN0htbmJyTmdfWVhHekZqYU5TVEdSeGxQaW93M2Z5X2JKRmY4Tkd5Rm1F,More,15 hours ago,2026-08-21T09:02:32,NYT Fresh,"https://encrypted-tbn2.gstatic.com/faviconV2?url=https://www.nytimes.com&client=NEWS_360&size=96&type=FAVICON&fallback_opts=TYPE,SIZE,URL",2026-08-22T00:55:26.063107
"I, robot? AI and consciousness",https://news.google.com/read/CBMif0FVX3lxTE9uU2RfMVhrd29kczZsbG4zUk9GX0hadHBCcm01bGE5R2I1Q0dBdTVneEViMVdOdU1zckY4U0lhV0dsS1AzdWlPVGRKdUpRbC1sWkplR3NKaTItcDRITU9LMlZ6UGh2YTBYWnA4eHlxZ2dUREE3V2dFamFPXzF6TFk,More,15 hours ago,2026-08-21T09:02:05,Economist Fresh,"https://encrypted-tbn2.gstatic.com/faviconV2?url=https://www.economist.com&client=NEWS_360&size=96&type=FAVICON&fallback_opts=TYPE,SIZE,URL",2026-08-22T00:55:26.063109
Giorgia Meloni Cuts the Hard Right a Path to Power,https://news.google.com/read/CBMilgFBVV95cUxQb0I0U1JselExY21NTE04Z21KcllnVlZUYWg3eVQ3MWl6VjdYT3RPVFNUSktaemh3cE4yZEZ3RGJuRGxpdW96QzZEck92dWZXYnJIU3I3aFZNYXBKTnQyeThPaUl1d05ZRDhKdXYtdUxORFVLUEd5cHl2aS1DZXhmc1dBWHEyRWRnZlh6OVIyUHNlbzNRM0E,More,15 hours ago,2026-08-21T09:01:21,NYT Fresh,"https://encrypted-tbn2.gstatic.com/faviconV2?url=https://www.nytimes.com&client=NEWS_360&size=96&type=FAVICON&fallback_opts=TYPE,SIZE,URL",2026-08-22T00:55:26.063111
"AI supply chain attack puts over 2,500 organizations at risk",https://news.google.com/read/CBMiiAFBVV95cUxQdGV5S3ZGWDlYbkVlQlM3VmoteG9EMFpyTXF1V1VSZGx4Y1BtX0YzLWtfb0Zud1AwYnRjaVJEYnR6cWNLdWpXMlJvQ21kYm5LT3RjcF9CVVlWX0dKRHp3ZC1udHFvbTlqeTE2Y21GVnJBVDRNVW1Sa2l4UzNtTHI5VjhHRDlrRm5L,More,15 hours ago,2026-08-21T09:00:00,Supply Chain,"https://encrypted-tbn2.gstatic.com/faviconV2?url=https://coingeek.com&client=NEWS_360&size=96&type=FAVICON&fallback_opts=TYPE,SIZE,URL",2026-08-22T00:55:26.063113
Ukraine Advances in Donetsk as Russia Fails to Gain Ground Across Northern Kharkiv,https://news.google.com/read/CBMiyAFBVV95cUxOVV9VWkhVRXdETTJvdFBMSDhYc0ZsbzcyV0RCeVB2U1hYZ1FUdkZJLUxBMElVOG82cjFVMW1yMWdfVGh6Q0pzbU9Fdi1TV2FRU1JSQlhpdHFzRG90WG1qRTJEaERQemR2SUJVRHpINzNlVWtyMkdTbnZzUldjVWVUbGhFQ0R2a0xQUGZ4VEhJalRaOEt5YTBfN25ZME83bU1LcG8ydllvTWp1WlFXMWdoV0lwM3hiLVJEcW5iN2Znc01rMjQzV1JfMg,More,15 hours ago,2026-08-21T08:59:42,United 24,"https://encrypted-tbn0.gstatic.com/faviconV2?url=https://united24media.com&client=NEWS_360&size=96&type=FAVICON&fallback_opts=TYPE,SIZE,URL",2026-08-22T00:55:26.063115
Be careful who you talk to at conferences: Security researchers claim they were targeted by cyber criminals after DEF CON event,https://news.google.com/read/CBMi7gFBVV95cUxNVzIxTk41YnZnYXJMWDdzSlQtU1psMU5kUUo2eFRuWTR4U1BVQmkycnlaNlQxSEVtT0VzOXJjeGFGcGw4ell4Sjhtdy1pbGxpbDJ3V0ZSSjF1UTBQT1RCLTc4WF9kZUkzYnlYU1pxdUVuZ1RSWDlVZU00QUx0RDJsM0ZHVVNtRWUwdmJ5YS1XRFBOT3o2Ykd2UlZDaVJCQjNINWxwUkF3S28zYmhkYzlBQWd2QURXSXRZVWxCdldLLXNpRF9mUXR5WURFa1o5a0w3T0JYZEt1bWFsVUh4amN4Ml9oRGtuWVZzZ2xJTjd3,More,15 hours ago,2026-08-21T08:56:22,ITPro,"https://encrypted-tbn0.gstatic.com/faviconV2?url=https://www.itpro.com&client=NEWS_360&size=96&type=FAVICON&fallback_opts=TYPE,SIZE,URL",2026-08-22T00:55:26.063117
Pakistan’s ex-PM Imran Khan back in jail after brief hospital visit,https://news.google.com/read/CBMiowFBVV95cUxNanpZLTNSbi1SNXZsUlh4ZXFjUWh3QWkwUFFsYmJuX3ZReWJOWUpNUUd1dFpCRTd2SEZqdGtza1ZmaG5OeVRxa0gwdHJoTUEyTDM1N2dnNnVTOFMxXzRiLW9lY0VuTDhOWGE4VzFIdF81U3RoR052S0hyVUVrdldsdjd6OUdTMmZGVnFlYmUweGYyc3NtVkZ4cXR3QTRPLVB3ZWtB0gGoAUFVX3lxTFBkOVBtcVVuQVFRanFnX2doSlJxeWgxRDRvMGhtNmxYRWx3azhNMVZsQmVKeHU1MXFRTHNHaXZVU0d1elpQaThleUMzUlFkclJ6WGdac3BCYmdzVGFBZTBPcnNKRnZUM1ZiNXJ0MWZZUExNd3Q1ZVBuak9rdVNZMWtEbkJKT3VrR3BMdlgtdTlXeGpPU2FEU1k3Wl9MWGY0RjVwQmtSdXNZWg,More,15 hours ago,2026-08-21T08:56:22,Al Jazeera Fresh,"https://encrypted-tbn0.gstatic.com/faviconV2?url=https://www.aljazeera.com&client=NEWS_360&size=96&type=FAVICON&fallback_opts=TYPE,SIZE,URL",2026-08-22T00:55:26.063120
"The US Does Not Understand Air Power, Does Ukraine?",https://news.google.com/read/CBMigAFBVV95cUxPY09VYno5Q0dDdTdsZkhNRkl1V2MwcmNrdFQ0a0RDRWVTNGdVdmNCYXNOZUVNaF9FdkFmYUFmLTlEQWRIckxQZVR2M3RkWU5US1M2dWkwM21MSWdlVWVGMmVMS0w5Q0VJS0xGR3I3UnljVFFlS0l3RzZMZXZTRmFJMw,More,15 hours ago,2026-08-21T08:55:42,Phillips O'Brien,"https://encrypted-tbn2.gstatic.com/faviconV2?url=https://phillipspobrien.substack.com&client=NEWS_360&size=96&type=FAVICON&fallback_opts=TYPE,SIZE,URL",2026-08-22T00:55:26.063122
How AI and power systems are rewriting each other's rules,https://news.google.com/read/CBMiqwFBVV95cUxOWGpQdzI3Y21UbmtZS1doQzhFc193NFluZTRNQ09HemhTcHYtaVhyYV9IVnBBMzJnNXNZcjRNYk9mOFVsMGtlcldtV0ZKMldCQ1Jpd3JweWdkc2tCWDJJMFlsNUREb3pJTHZ0NktheTdrZHg5b2xJRlZFdFVJTFYyZllYem9lVk9xVlllZ25mRWw5WHExVlRBSlJfTDh6NTJGbGlBU3JmWEFRLUk,More,16 hours ago,2026-08-21T08:53:18,Energy Security,"https://encrypted-tbn3.gstatic.com/faviconV2?url=https://www.weforum.org&client=NEWS_360&size=96&type=FAVICON&fallback_opts=TYPE,SIZE,URL",2026-08-22T00:55:26.063124
‘Putin has repeatedly threatened the UK and Nato over Ukraine – but he is too weak to follow through’,https://news.google.com/read/CBMiqAFBVV95cUxOb0U2cllsYzRYLWYxZFpHQTBtOWdOX2ZqR0tIdmFnNjlRTmkzeG00bWJpMEJMeFptcC1oQks2X2lmUUZ5QkNrakxhZ2tuOVk1VG1JMEZ0UmFyTUhOMzFMX29ncS1KRHlaV0lUeW5xU0xzcHBDTEk3dF9sSVBpRGVyWWxXNGVhN0pVMmFtWWhuOHp3eU5lcEl5MXl0dE1LNnQ1OUpzYnZ1ckI,More,16 hours ago,2026-08-21T08:49:00,Independent Cyber,"https://encrypted-tbn1.gstatic.com/faviconV2?url=https://www.independent.co.uk&client=NEWS_360&size=96&type=FAVICON&fallback_opts=TYPE,SIZE,URL",2026-08-22T00:55:26.063126
Australia charges man for passing Ukrainian military intel to Russia,https://news.google.com/read/CBMirgFBVV95cUxNaDdiMTVDVXhaa09jdTZwTHltSGpucHZnY2pmMU9PT2Vjc05OOXVINUFvSUY0Vm9BSEJEMXFOaU5sNlhfaVlockU5Yjg4Z2FHSktPUTgxMHlzXzQzQi10UWEzT3pQM3FtSHZ4R0R5S2RnRG1lXzAtS2V5VVd6SThKZVhIMkIxTG9jRXpDcmM1a2NRQVhxY0JhOWhtTTRmSFIyazktZ0FwZXBSV2pTeWfSAbMBQVVfeXFMTmo3Tm14MXVwQ1B5RWliU1ZmVmlzaHVrMHFGX1NJSkozV29adE1Ja0szMEVhN3VxTHRhRmczZEpGdDBFMzktdnJ3QU9rczUwSUZiY3FsSTN0WTI1WnllQlI5cXV0V3lrb2RPZ3ZDLUlqcndsUlBQdl9SMjlWTzlackZMekJiWTZQbjM2MWVBQ1FkR01CTWZWR1NFNnZjWnlURmRrS1BKbmUyOEwwZ2EycGk1ODQ,More,16 hours ago,2026-08-21T08:47:52,Russia Cyber,"https://encrypted-tbn0.gstatic.com/faviconV2?url=https://www.aljazeera.com&client=NEWS_360&size=96&type=FAVICON&fallback_opts=TYPE,SIZE,URL",2026-08-22T00:55:26.063128
SFR suffers security breach exposing customer data,https://news.google.com/read/CBMimAFBVV95cUxNRDBTQ2ZQU3dpdWdsal80a2NZRVd1OTJkcEQyUm9VOVN2M0FzaXRrcjA2QWJjcWdHZnNwdllWNm1tNmJLc3Azd2k5NkxOOXRVcmZSQTBqeW5ER082Sm95dXBId01ZZVUwQkR5Nmo0WFJDbmNTYV9DUlNOeW0ycEZTaHo4NnF1MHUyY1hGVVF3NjZfVlpvLWV0bg,More,16 hours ago,2026-08-21T08:47:21,Telecom Security,"https://encrypted-tbn1.gstatic.com/faviconV2?url=https://www.telecompaper.com&client=NEWS_360&size=96&type=FAVICON&fallback_opts=TYPE,SIZE,URL",2026-08-22T00:55:26.063130
Yossi Klein Halevi: Why Jewish extremism is so seductive – and dangerous,https://news.google.com/read/CBMiogFBVV95cUxQb1F1Y0RvRmNqTlZfaU1OWmJpelM3RUVtOTdZTUpGUlVaX3VLVTZLRWVvV0g4TmRpRmRqbURINjVoZVMxa1VoVHJWTnRJd2xFcTNuLWJ2d1o4NElWcnBvRWd0X0J2eTVFNUhzbDZ1cTZNOFpGcFBsQjlwSXVBQWJoa1gxN09iRVpLUkxQa2VxNTN5VDMzWDd5ZzJ6ajJ5enJLQ3fSAacBQVVfeXFMTVNyeGUxQ0xHdU1vb1IzV1N3cnF6ODV5dzBVT3NXOVpIZlRyaXVSMmdvWC1ZZHR4d0FoTG5fR2JtdlBkbEZyMktNSzY3TENJblMxanBCbVFrQ0NpTUhhT3lwNVdzemNGTG5sWjNaX2NqMjBjaExNQnFiM2VFZGhVTy1OcWQxV2pCZWFQZ29fUnMwM3RxMndoSmZieTVBUm1jTTNFWndtTFU,More,16 hours ago,2026-08-21T08:41:00,Times of Israel Fresh,"https://encrypted-tbn3.gstatic.com/faviconV2?url=https://www.timesofisrael.com&client=NEWS_360&size=96&type=FAVICON&fallback_opts=TYPE,SIZE,URL",2026-08-22T00:55:26.063132
China rejects Rubio's accusation it wrongfully detained US academic,https://news.google.com/read/CBMi2gFBVV95cUxQNWZTcVZjWkdKSk90bzFTSlBfdEZGbW1OMGJNMVJ3bUtGcmdqNFdCemtSS28zbGlYUmI1TTRuWE9jcm1kaEJaclJGSVVHVmZXZ1RiOXdXTjFZM3VWQVh6a1FOQ3BzZ3lOaDg4U05KR2tvU096T1lsNjgtNFUyYTAyOTBrT3NfOUFEMEMtQ3hqT1FhcktTd2lLZ1ZrWnJaUy1MVlBpVTk3N3ItRjBTdmJzTTZpc2NsZG5feWpPN2Y2bTRoczFuS2NDbUNnZGRLUjliVHhLLVB5STAydw,More,16 hours ago,2026-08-21T08:35:00,Nikkei Fresh,"https://encrypted-tbn2.gstatic.com/faviconV2?url=https://asia.nikkei.com&client=NEWS_360&size=96&type=FAVICON&fallback_opts=TYPE,SIZE,URL",2026-08-22T00:55:26.063134
"""Darth Vader"" joins the Flock side in San Diego City Hall",https://news.google.com/read/CBMijwFBVV95cUxOZEo3dFprQWxsb195TzdQLURTeXgxRDRSNGtsWklBQ1Uzdkd0Q2Vsb2RwUTRweHR1TTZmSzZiSzd0SHZuczE1aDgwanpvUGd2Ql95VTJTRFduSHZYY04ydmoxUGk0NTZpT2hJQk1hbVpFT0tLalUxcTNvYlpzN05KbEdUeU5qZmZFeXB4TDJZdw,More,16 hours ago,2026-08-21T08:34:10,CyberNews,"https://encrypted-tbn2.gstatic.com/faviconV2?url=https://cybernews.com&client=NEWS_360&size=96&type=FAVICON&fallback_opts=TYPE,SIZE,URL",2026-08-22T00:55:26.063136
"Debian is 33, Haiku is 25, and neither is standing still",https://news.google.com/read/CBMitAFBVV95cUxOeXd3WkZrYlJDN1RWV2pPVFRRem1rTGlGRWEyNlMzTHIwa3BxVDZTVWV1ZWpCa3FkaGQ3b0VlWGxZaldnOWVwdU5ZNGJlRlJXSklwZ1ZZQmJuTWRQX3UzbWlnaVY4MEx6dDVwemVhZE1tRlJkOHJrbUgyNllNbnJFUmY3WFZPbEtMakZ3Q2FnUGR6eG1UbGpWZDIybjhGQUNuMG8xRFdyekhwTkdxaGR6YWRNd28,More,16 hours ago,2026-08-21T08:26:00,Register Fresh,"https://encrypted-tbn1.gstatic.com/faviconV2?url=https://www.theregister.com&client=NEWS_360&size=96&type=FAVICON&fallback_opts=TYPE,SIZE,URL",2026-08-22T00:55:26.063139
Economic & financial indicators,https://news.google.com/read/CBMirgFBVV95cUxOanhpRE5hWi1CN2wta08wM0FxNnI4aWxKRTFxaFBBTUoxVGk2YXJiS2V3QmpLU0V5TnVVdXI1akV5SEVyUlQ3UTdKMWtFXzRCTTFnNlRVVWplSVRqejZIamVXZl9sckRzek44RDE4RENYVTVBXzZqVHQ2Rjl5UnJkSlZmeXIydVl1dkQ2dTQxNWx1NEcxU1cxNHcxQVZnZlI0TEJ3YXJYU085ZnY1eGc,More,16 hours ago,2026-08-21T08:21:26,Economist Fresh,"https://encrypted-tbn2.gstatic.com/faviconV2?url=https://www.economist.com&client=NEWS_360&size=96&type=FAVICON&fallback_opts=TYPE,SIZE,URL",2026-08-22T00:55:26.063141
Microsoft Rolls Out 22 Fresh Security Patches,https://news.google.com/read/CBMihgFBVV95cUxPbGpBOU11cEdXbUhnOE8tWHhLMXBOcVZUSWhxYmdZMFlNckgtMUs2cm16Y0NBWjFIM0p2TDRLSXdLWXRfWE1MdVVxdF9CMUotclJid2FoZjhvbWdOZVVsQmVkOVc2R1NuOEN4TFVtaVI5TjZIT2FKNXVFcGNtUHVaLWRGTTNpQdIBhgFBVV95cUxPbGpBOU11cEdXbUhnOE8tWHhLMXBOcVZUSWhxYmdZMFlNckgtMUs2cm16Y0NBWjFIM0p2TDRLSXdLWXRfWE1MdVVxdF9CMUotclJid2FoZjhvbWdOZVVsQmVkOVc2R1NuOEN4TFVtaVI5TjZIT2FKNXVFcGNtUHVaLWRGTTNpQQ,More,16 hours ago,2026-08-21T08:17:52,VPN Security,"https://encrypted-tbn3.gstatic.com/faviconV2?url=https://www.securityweek.com&client=NEWS_360&size=96&type=FAVICON&fallback_opts=TYPE,SIZE,URL",2026-08-22T00:55:26.063143
India orders removal of Google Firebase accounts after spotting scam pattern,https://news.google.com/read/CBMivgFBVV95cUxNSnlmWWZrN2UwRVI4Zkc5cHZJdWkxdTBlU3dXYW43d3dzVzdnVi1iN1RiM1RuTHI2U3Y4cm5fOWZsU2RsU2VJclkwVDNwZlhGODVPVVpSTEk1VEt1QjRmcUlTQjhYLW9zMnNfRWV0UUZlbGduQTFtNWk3WFFMRjNmODFWQ3pzcHNiczRHdUV2Q3RCdjFmVDhOUU1ESWY5TFRVdXFnQlByVWc0ZnBkLVl0VU5mOEFyQjFyYnA2LXlR,More,16 hours ago,2026-08-21T08:15:06,Reuters Cyber,"https://encrypted-tbn2.gstatic.com/faviconV2?url=https://www.reuters.com&client=NEWS_360&size=96&type=FAVICON&fallback_opts=TYPE,SIZE,URL",2026-08-22T00:55:26.063145
81 suspected drug offenders arrested in 4-day CNB operation,https://news.google.com/read/CBMinwFBVV95cUxOb0tXQzZnaHFrMXBHekE3bHNBd18zRTF4S19yN2VzbnpmcGVUTUV1bnMyMnBSZnNlYnFWdEtPaTludk5uUTBCOXJIY2RIUDNfcUthQUpsajhQTE1fVGZWX1NxRXV0SUJkRUhmbzVKZW82bjhFWHRMcjBEQ3lxMDVYT2U4WXdQVzB4cTRMN0I4cHBPcWF2TkowUmItbEVueGM,More,16 hours ago,2026-08-21T08:15:00,Straits Times Fresh,"https://encrypted-tbn0.gstatic.com/faviconV2?url=https://www.straitstimes.com&client=NEWS_360&size=96&type=FAVICON&fallback_opts=TYPE,SIZE,URL",2026-08-22T00:55:26.063147
Exclusive: Coalition of the Willing to hold Independence Day meeting in Kyiv,https://news.google.com/read/CBMimgFBVV95cUxQSm10cUM4Y01penhiVTZNTGIzQ05fSHF4cHB1eUthQmptRm1JeUdDcDlZMnZrSWRFeXdvbW5RMTE1eVgwOWdrNFdITzg3UUFvWXMzVEZMRHJ5d1Fzcm4zdlk4dDdUWWFSRTE5akFrQ18xY2YwRktHaC12UVlPb0dqX0gybHd6RU5FVUlsTzMxRHpKaVNyd1hQS0NR,More,16 hours ago,2026-08-21T08:15:00,Kyiv Independent Fresh,"https://encrypted-tbn2.gstatic.com/faviconV2?url=https://kyivindependent.com&client=NEWS_360&size=96&type=FAVICON&fallback_opts=TYPE,SIZE,URL",2026-08-22T00:55:26.063150
Microsoft Patches Exploited Entra ID Vulnerability,https://news.google.com/read/CBMigAFBVV95cUxQZTBSb0RyMFluR0JVTUpVNVhqcjBhYU9uaEtaUllwcWFsSE16WmE3a05FOU9lXzBDTzFXNzJmaWltejFwQmQxUTBqSXJxV25ZTUNVT2NmX2d3dzBHYkVvNi1HNUVfdHhUZktwRl9aenFBektEZkZQMmgyUURMX2YxMdIBhgFBVV95cUxPbGpBOU11cEdXbUhnOE8tWHhLMXBOcVZUSWhxYmdZMFlNckgtMUs2cm16Y0NBWjFIM0p2TDRLSXdLWXRfWE1MdVVxdF9CMUotclJid2FoZjhvbWdOZVVsQmVkOVc2R1NuOEN4TFVtaVI5TjZIT2FKNXVFcGNtUHVaLWRGTTNpQQ,More,16 hours ago,2026-08-21T08:12:19,SecurityWeek,"https://encrypted-tbn3.gstatic.com/faviconV2?url=https://www.securityweek.com&client=NEWS_360&size=96&type=FAVICON&fallback_opts=TYPE,SIZE,URL",2026-08-22T00:55:26.063152
There will be an opportunity to meet the front lines of human intelligence for free. It is 'Open Ses..,https://news.google.com/read/CBMiVkFVX3lxTFB6VDhJUWNnTFVZYWRlUWhRaEpKSDJOY1VPUVRSQ3lwMUlYS1FVY1RKS1JXMjhpdWlIdUF0NDVRcE9vSzNadWZrdWkzcUI5OUxhR05UMkF3,More,16 hours ago,2026-08-21T08:10:57,Quantum Threats,"https://encrypted-tbn3.gstatic.com/faviconV2?url=https://www.mk.co.kr&client=NEWS_360&size=96&type=FAVICON&fallback_opts=TYPE,SIZE,URL",2026-08-22T00:55:26.063154
"Udhayanidhi Stalin, Aadhav Arjuna spar over files on corruption, live telecast of Tamil Nadu Assembly proceedings",https://news.google.com/read/CBMijgJBVV95cUxQUUFOYjBYRC1XZS12WmZBb2tDN0N2MGJURWxJR2Vtb2lXa3VoNVRhWkkzc1pramNETW1PdHNEdldjdFB0Z1R5cFA2bHlveUVQaDJaTWVDaGZpRHQ0djZnRmZaQXVHNDZkZ0hjZklRVkxsS05OVVJKNnN2S25wYVpwcENlYjFzU1ZUSktUTkozcGFqT3BOMmZiQWxDbWZWMkxUUkFRSWRaVk1kNUNzbUUtdGJseFZSR0MzOEtsZEIzTV9scV9vSHpoWkt6d0FIOEJwWVp1bU1GczhzOVFGMDVVTUpzNEQ1WHd2cjdKblpjUGx3ZEZQVlUxWmk0NDQ2ZVNXdFlGa3o5MXU5NmxfREHSAZQCQVVfeXFMTnZUNFJmNk5VT0o2UE5YenZkZktLTmgxd2xQMUJjWHhmUzhaYTdoRUhmSF9MZFNUdHEtdXc0bEN5NmZXLXZTNEFJVjZXWHc2ZEczel91bWZLOFZYZU5vdUktb2JabkN6MndfT0g0ZDNyZTY4SFpVaTlIVlZObURjOGlYSGk2QU9hbUswWnVlaVBQa2d3TTR0ZGdhNk9LenhaTV9ZdktNYVJUNEtWLVRpWnBVa2VBMW5IM21MdU9Bdktxdk4wQzI4UWpZVDNrclhCTnJPQmJZNUl4dy1nTkstTVJ0RUViV2dTQ2FxMWdONWd4R1B2RklPX3VYMDZwUUpXQXl4U1JlSmxIcWlIazR5NV9Yb3Nz,More,16 hours ago,2026-08-21T08:04:30,The Hindu Fresh,"https://encrypted-tbn2.gstatic.com/faviconV2?url=https://www.thehindu.com&client=NEWS_360&size=96&type=FAVICON&fallback_opts=TYPE,SIZE,URL",2026-08-22T00:55:26.063156
Malaysian airports see 9.3pct jump in international traffic,https://news.google.com/read/CBMiuAFBVV95cUxOVDlISkhLSUtkZXVsRzlkOUVjVGV5cHdlT3hTczhHd0NVbUVsN055UFlBX3BDUlpvOEJKUVk4S2VES0VpVUJTVS1FUXVzUGVVanFkejVneUdKR25sMVhvRnM0VE9fR3pyUVVLUmpjUnNjdmM0NnpHb1hpeGMtWEVuZk5wbWNRQkVnMDcyeGlRamhIRk95bldOOW9NYklFTjJEU0g3SnJQQjNYcm5DMW1zejhPdXdySVEz0gG4AUFVX3lxTE5UOUhKSEtJS2RldWxHOWQ5RWNUZXlwd2VPeFNzOEd3Q1VtRWw3TnlQWUFfcENSWm84QkpRWThLZURLRWlVQlNVLUVRdXNQZVVqcWR6NWd5R0pHbmwxWG9GczRUT19HenJRVUtSamNSc2N2YzQ2ekdvWGl4Yy1YRW5mTnBtY1FCRWcwNzJ4aVFqaEhGT3luV045b01iSUVOMkRTSDdKclBCM1hybkMxbXN6OE91d3JJUTM,More,17 hours ago,2026-08-21T07:51:24,New Straits Times,"https://encrypted-tbn2.gstatic.com/faviconV2?url=https://www.nst.com.my&client=NEWS_360&size=96&type=FAVICON&fallback_opts=TYPE,SIZE,URL",2026-08-22T00:55:26.063158
"Giant cuttlefish population down by 97pc, SA count shows",https://news.google.com/read/CBMiowFBVV95cUxQNi1EZF9mcmVBeVd4djZ0RV91LTBiYUVWUDg2RkV6M2Zfa2gxV2lfMUFtUFdMTE8ySENXREE2ZVh4OXcwOFM4SlJWaGJtdm5icm5vaDJWMkVSTnJPVVVFVGtYNTlMY1EzYnNNdi1TY3I4MWRLS09WLUNEaGlnUm9sUTR4UEgzVjdUTnBkclNjcWZ1QkdvZEdqWGcwWklmWjI2RmVz,More,17 hours ago,2026-08-21T07:47:26,ABC Australia Fresh,"https://encrypted-tbn1.gstatic.com/faviconV2?url=https://www.abc.net.au&client=NEWS_360&size=96&type=FAVICON&fallback_opts=TYPE,SIZE,URL",2026-08-22T00:55:26.063160
MTR Corp senior manager conned out of HK$74m by fraudster posing as HSBC UK staff,https://news.google.com/read/CBMi0wFBVV95cUxQQ1duSUVFc19uWG1VT3AwTVhId2k1bDY5UXhzYjAxMXJXTXZiNEZsNnBPOUpjMVhBelMtWmpIM1NYTThuUldIYnh0eHh0RldjeGkzb2htTUJzdmtlT0VJRFN3Nk03eWNodGd5c1dWc3gyUUFhaWh4Y0NLdjFlWlpvMlhBZWJVSlk3LVZCWXVWTzVqMnZ4R056NVFuUjJkZ1dJWXVUWFMwX0s2YlZfZ3N4eVptR3ZiQzJHdDVLdGhHRzMyeXVyem5HSG1EOE9ZYnNNWk9R0gHTAUFVX3lxTE5QWWh0RG5CVVRrbGp1cDcxQzlkNDNfQVFNYzZUV3pHLWRJRVQ5ZFluaWNoNmx1MDY4VG9RREJRYy0tVmJYMTRIRDh4RFRmc3paa2IyMGtrTnd5NFhuMmVNZ3IxcVBMMGktWlNZY0V4YmR5UUx2MDZ4MkhocW5LTXlYck5jWExWb3VFUS1uZnV4UWxIbHcyZEtBOEo3WkM5RUItZUEwRV83b09kWXlFeXdtRHhMQmZtdTVlbzVxYXFUcTU0c3huMl94QV9sTTVtSm5STUk,More,17 hours ago,2026-08-21T07:40:07,SCMP Fresh,"https://encrypted-tbn1.gstatic.com/faviconV2?url=https://www.scmp.com&client=NEWS_360&size=96&type=FAVICON&fallback_opts=TYPE,SIZE,URL",2026-08-22T00:55:26.063162
The Kremlin’s crypto king,https://news.google.com/read/CBMidEFVX3lxTE5NaF82YjlBal92cENZZkdvbjVMYXBreTNsN0pDcnZjTEdmdEhUcFhFNXp2R19UQXJYdlZvNXdsOFl0cl90VWRkWXZhcE1YOW9OMTEzQkZPd3dnRl8wYlpaYVVJeWpDU0tYZlRvQWtfQUFSZmNF,More,17 hours ago,2026-08-21T07:28:23,Economist Fresh,"https://encrypted-tbn2.gstatic.com/faviconV2?url=https://www.economist.com&client=NEWS_360&size=96&type=FAVICON&fallback_opts=TYPE,SIZE,URL",2026-08-22T00:55:26.063165
Zelensky confirms drone attack on oil refinery in Russia's Perm,https://news.google.com/read/CBMiigFBVV95cUxNdndaV0lSQS04dERfbXRVZjhEa0xVVGMzWklHVlZPVUx2RDRTRFhuWDFpVDlMRkZCYXg4aGx5cFZuUnJCdVdJNjZzcDNqclIwejRlQlI0TU9LMFQ1d1pDUHhtbElUSzJXRG5xOTNsNkh3MlItcEduVk1kS29mTTJ1LVU4cVR2ODFUeXc,More,17 hours ago,2026-08-21T07:19:57,Kyiv Independent Fresh,"https://encrypted-tbn2.gstatic.com/faviconV2?url=https://kyivindependent.com&client=NEWS_360&size=96&type=FAVICON&fallback_opts=TYPE,SIZE,URL",2026-08-22T00:55:26.063167
GitLab CVE-2026-19478 Comes Under Active Exploitation Within Days of Disclosure,https://news.google.com/read/CBMifEFVX3lxTFA2TzhyTnl6QWhhWUhJTGJCajZqV3g5ekcyeU81LWpqRjdybVpLRkY0SS1GbzdHVTQxZ0xOQ3JoRnVUYXpmT0l1Tk90cl8yaTVkVzVQSTJUVXIyTkFVbDloNnN2bk5pVXpMMXNOaC1XOXFVS2E0WndEaWhUX2M,More,17 hours ago,2026-08-21T07:04:00,Vulnerabilities,"https://encrypted-tbn3.gstatic.com/faviconV2?url=https://thehackernews.com&client=NEWS_360&size=96&type=FAVICON&fallback_opts=TYPE,SIZE,URL",2026-08-22T00:55:26.063169
"Israel open to compensating Zomi Frankcom's family, ambassador says",https://news.google.com/read/CBMipgFBVV95cUxNUXF0WFRueWJnOUxQaE1BblE1Y2hyN1VYQ3Y2QW1qa0Zpd3liVTVVelZXNTdGZGh0dGhVYlRkMG1fYVVsdkw5UlJBOUVKZ1p4YXBIRElnS19Dc0llWE5oRVBRMXRMMEx1SW1QbVVxMXRVZm5oRmgxNThFTFNSV2FTT19lTXVEYW1zMF9nejdIei1RbTdpZEZ3dlYzczJ0QTk5YnJVMzNR,More,17 hours ago,2026-08-21T07:02:41,ABC Australia Fresh,"https://encrypted-tbn1.gstatic.com/faviconV2?url=https://www.abc.net.au&client=NEWS_360&size=96&type=FAVICON&fallback_opts=TYPE,SIZE,URL",2026-08-22T00:55:26.063171
DeFi Losses Pass $600M in Three Weeks With Kelp DAO Bridge Exploit,https://news.google.com/read/CBMiswFBVV95cUxPb09WRzRjcmFicjdjMVlySU1KMHc2SUFfc0YycmJrRUNFN1h6NUVWYVlRUXNZaFZTcEhCNkZFVE1pNUVoWlJSMl9wSHZsQmExdThWLWk4VGl4R2g5Tno1RGVObFVBci0wOFhEeElOMkNva2pjRVN1ZkxTdkdDMFlHWTZsVUNzbDVzTW4yYk9MdG53NTFtcjVMS2ZKUUptRzI4TmFfdjRyYUVLa0FfYzdrWVVkSQ,More,17 hours ago,2026-08-21T07:01:09,Lazarus,"https://encrypted-tbn3.gstatic.com/faviconV2?url=https://coinmarketcap.com&client=NEWS_360&size=96&type=FAVICON&fallback_opts=TYPE,SIZE,URL",2026-08-22T00:55:26.063173
The New York Times Loses Defamation Lawsuit in Alabama,https://news.google.com/read/CBMinAFBVV95cUxQdWdsc1FrNXZPUGdJb295dXlzM2JCVC1Cc1AtYU9KV09lQUlKalBPUEtRM1pQclZZUGl4VF96ajZKRjY2VWYwV3JKa09nOExzY3Z5dFZzZGNDT1AzdjBpMF9md21rMU1kMEZQNjB5dERSOEhBWGM3WkJwQTFYR3UtWGFIdkVlRHRwcm8waWw3VTlHRVc0SkFNZlhyLTI,More,18 hours ago,2026-08-21T06:52:00,NYT Fresh,"https://encrypted-tbn2.gstatic.com/faviconV2?url=https://www.nytimes.com&client=NEWS_360&size=96&type=FAVICON&fallback_opts=TYPE,SIZE,URL",2026-08-22T00:55:26.063175
China-Linked Spy Campaign Uses Five New Malware Families Against Central Asian Governments,https://news.google.com/read/CBMiZ0FVX3lxTE1NTWEtQkdaclJSekpYME1FMGdoa19pX2FDRjR6VUd4cTNJdTJFTHh5VkVIanpvazNfdndRRFdQTHdYX3VzV2QzWWg5UTBBTU90RlplZFRBbUhnODJXaktwWENodDFqckHSAWxBVV95cUxNODhMYjhGcjVfWGF6cTNSbk42dmdWT2VFYi14d24zVHdJVUdzTDd2TTNJNnJ6cnowUlJDeFRvN1AwTEgyYUdqLVlCUGJkMnkxaFFDbmJkM0g1d3hsZGF1S3lsVGtxbElfcmlnX2M,More,18 hours ago,2026-08-21T06:49:28,Malware,"https://encrypted-tbn0.gstatic.com/faviconV2?url=https://cybersecuritynews.com&client=NEWS_360&size=96&type=FAVICON&fallback_opts=TYPE,SIZE,URL",2026-08-22T00:55:26.063177
The Cabinet of Ministers should establish an interagency working group to resolve the issue of aircraft leasing taxation — MP Kreidenko,https://news.google.com/read/CBMirAFBVV95cUxNQkpXT184N2MwODNZbUhDZTBUblNTSXVTWmxQM0ZQOVRZUGd1UUlOcWxwbjNGM3F6U19PSVJOaXItZVR2WFh1cmJNUWJPckFGY0lubE1QOXJ6NlFPd1RNS09YbzN0eVhVWWdoQzNLVmpGRG5nM01sbW5HWjlYV0MzT0VnOWc2UG1sR0pPTWhZWVVCX2ZEMzJDaU5JLWFXUjdnVF9zRldMZ19iQmpO0gGrAUFVX3lxTE9vYlN4bko0a3pyREdoeXRoWEdJZnRURWd6bXlwanllc0FHSlI5bGRfRlJ5UlNabGlGX092ZmN3a0NTalVfV1JROTNtZU5MZWlYVURJSWR2Nnp4VDF5ZUNiMG1MVTNjeUR6TmxHRUxzWjFTQnhUMXRadHFYQnU3R0QwYzd4SEhOQXRnLWc2WnFzVzhpRE1qb09sX0NZc19GMVlNUUhNWl9RU2RaTQ,More,18 hours ago,2026-08-21T06:36:38,UNN,"https://encrypted-tbn3.gstatic.com/faviconV2?url=https://unn.ua&client=NEWS_360&size=96&type=FAVICON&fallback_opts=TYPE,SIZE,URL",2026-08-22T00:55:26.063179
"Bitcoin Tops $75,000 For The First Time Since May As Crypto Surge Continues",https://news.google.com/read/CBMixgFBVV95cUxQWkVXa2pXcGlJVkNqTlpONm1DY1pfbWRRa0hFc2ctbG9jaTdKUjU5SmZLdEV3VF9qVnFNOWExb25pUE1NS2xSWEdNbURuTjlZVGJzT0xLN0VlSUxYVVJVeGw2RTh0YUY2alpiSzYzcUE3RUVTY294dHNaT2tqOHN2VWgweHJaSmcwWUdac0lfamRQbS1KZzYzMDlrUml4UGRjUlROLUJfT3AzWWh4TUpmcVQteEZtc0twZjdiRnIyWmFTR1hoTUE,More,18 hours ago,2026-08-21T06:35:47,Forbes Cyber,"https://encrypted-tbn2.gstatic.com/faviconV2?url=https://www.forbes.com&client=NEWS_360&size=96&type=FAVICON&fallback_opts=TYPE,SIZE,URL",2026-08-22T00:55:26.063181
Gov't to channel semiconductor tax windfall into Future Fund,https://news.google.com/read/CBMisgFBVV95cUxOSkZXOEdvUGYwZzhyWXByNEN1Y1dSeTd2Q2xTNVBjMWJpSUxqcFcwd3FFUUdJM0dGVy1DYjNId1dLQ2JNOExCT3lkbDZ6TVRyZHVCVFZNV3hiQUF4cklJcjVrUWYyLUxVV3AteGxqcEE5NXgzZmpkUXhTMzBuUndEQVRva0JPSUtvd2tiSU0wbzdVRmxFVTJTbVB6Q3c4T1Y0YnBsZGhFQnNSQnVfck1JbUdB0gG3AUFVX3lxTE4ybGRhc3I0bjR5dnlUelJGYkk2SEtjMmZaMlgwZFd4TlJrOWRfSTFFOHAtY2plakpJTDZnMUVHdWpzZzNHMTI3LVdXTlZPVUVhbEVsU0I1ZDlQUVZKMFQ1cXlid09FOExXTEJhR1RZNS1ZYWk2ci1YV0FQc1BSd2QzeFNfdEI3NFc0OEF5Y2pqbzRqMGdLTEhBc3AtUlpxc2Q2THl5TDdwMFpYN2stZUlKeTNkZkdCaw,More,18 hours ago,2026-08-21T06:18:02,Korea Times,"https://encrypted-tbn2.gstatic.com/faviconV2?url=https://www.koreatimes.co.kr&client=NEWS_360&size=96&type=FAVICON&fallback_opts=TYPE,SIZE,URL",2026-08-22T00:55:26.063183
Japan Prepares to Hack Back,https://news.google.com/read/CBMiYEFVX3lxTFA1VTZ0anNjMkhMN2t1SVZFaUFuOFMzdVk5cEw5bHNHQUM5djc4amZZa2JidnJnUG9wU08wOGZNSXg5WTg5RE9tQ002NHVydTZBS2w0X1ZqazloNnIyT3p0bA,More,18 hours ago,2026-08-21T06:16:45,Volt Typhoon,"https://encrypted-tbn0.gstatic.com/faviconV2?url=https://slguardian.org&client=NEWS_360&size=96&type=FAVICON&fallback_opts=TYPE,SIZE,URL",2026-08-22T00:55:26.063185
"ThreatsDay: Gogs 10.0 RCE, n8n Workflow-to-RCE, $10M Reward, GLM-5.3 AI Exploit, and More",https://news.google.com/read/CBMie0FVX3lxTFBuRjlmUzhUS1lzR3JURENlWUhjYlhZX3lJWmF1ajR1a3ZZSWpPWWhGRkUxSGw5dzBxbkFkSjFiZTVyRXM0MFZVWUJ0NWhXOF9fMm43Zjk5MktlbjdIRjJlQWtNNWVld1NuWm5mMmV3SU5KZklMVUMwWFdZcw,More,18 hours ago,2026-08-21T06:06:00,The Hacker News,"https://encrypted-tbn3.gstatic.com/faviconV2?url=https://thehackernews.com&client=NEWS_360&size=96&type=FAVICON&fallback_opts=TYPE,SIZE,URL",2026-08-22T00:55:26.063187
Articles by Kostas Stamatakis,https://news.google.com/read/CBMiYkFVX3lxTE1oRDZ6bnFTbkhwVnRBeHk5dDM1NDFaQUE2b0cwUXlKeWtIR2VGUXgwWWE2ZXk0V05odFdiS09BUEJ1d1ZGTjVsWHJUVDQ4Mm5fOVVTVXEyMm5VVkJTNnlCZXdB,More,18 hours ago,2026-08-21T05:57:49,Elastic Security Labs,"https://encrypted-tbn2.gstatic.com/faviconV2?url=https://www.elastic.co&client=NEWS_360&size=96&type=FAVICON&fallback_opts=TYPE,SIZE,URL",2026-08-22T00:55:26.063189
T-Mobile US CIO recounts hunt for Salt Typhoon hackers,https://news.google.com/read/CBMinwFBVV95cUxPdlc5RjlUOWZSUFFwc042V3JUODVIT3NwY2xtZkJhd1ZRbmh1MjdRTUJkZFVTYW1DLUFlSlN0NjU2UXZzR3g4Y2tpZVNSRkVlYkdtVENEVS1UenVPb1ZVNXhUeDNxaUFhd1BaWnRNaEVwc0VBdXVGcUZLdW5tcGx6cDFkbkVsM0I3LWJCZ1FocXRMT1A1ZE1OS3kwdUtqWWM,More,18 hours ago,2026-08-21T05:56:25,Salt Typhoon,"https://encrypted-tbn0.gstatic.com/faviconV2?url=https://www.mobileworldlive.com&client=NEWS_360&size=96&type=FAVICON&fallback_opts=TYPE,SIZE,URL",2026-08-22T00:55:26.063191
Taiwan’s Whole-of-Society Exercise: What Han Kuang 42 Should Teach the Rest of Us,https://news.google.com/read/CBMic0FVX3lxTE9wQUFCaVU5cExsSk90T3hRTm1rVWpqblRqNzBZM2dPUzNwSnZHTksya2g0VXM0TWU1Y05nUjQzTGdFSDZSSzcxVV9XS3NmcVhLSHY1V05jU1BWX3g1UUk3ZEE4N1BTQkRBcGkzMVZTejE1dU0,More,19 hours ago,2026-08-21T05:51:20,Taiwan Security,"https://encrypted-tbn1.gstatic.com/faviconV2?url=https://mickryan.substack.com&client=NEWS_360&size=96&type=FAVICON&fallback_opts=TYPE,SIZE,URL",2026-08-22T00:55:26.063193
DOJ unseals new charges against 17 hackers in Iran-backed campaign,https://news.google.com/read/CBMirAFBVV95cUxQVFAxbFpjRlpZdmU3Y3F6bE1mWklidjV2LXNpckNtMWVVRF9CRWhSbnFtRlB5dDJqNldTWlVUZXVQLXFqX0dNSTVQRWtzMUVJVXV4aklNM0lvQno2UVBBQ2Z1WWVrNVJ5anZhSDZHNEYtellsMFViaHRUUmY2UVdTZkFGb1RrWmRidHoyS2VDOGVrVExvLUNNSTZDQkp4SlA4dHpuQ3BPbncweDFv0gGyAUFVX3lxTE1VNlZaYWlrNmJON0VlYkFDT0l3LUpHYnZweDRxZ21NSWcyeDVweTZRSWM0XzlGdS1jUkhMNVdzaF9yc0laN3VKSkpsNEI1OV9vd0UyUTdxUHhlUGJ0cmp1eWx0WTlQLTIxd2J3V1l0b3U3Y0hrM1E5ZTNNd2syZ1pxcWRuMHAzTFp1blJTX3lZR2p5VlZRaXYzbzFweldFcmZsbTJlUkFKS0JnWVpkUTJhUFE,More,19 hours ago,2026-08-21T05:48:33,State-Sponsored Cyber,"https://encrypted-tbn2.gstatic.com/faviconV2?url=https://www.tbsnews.net&client=NEWS_360&size=96&type=FAVICON&fallback_opts=TYPE,SIZE,URL",2026-08-22T00:55:26.063195
Vulnerability & Exploit Database,https://news.google.com/read/CBMiS0FVX3lxTE9OZWFnNF9yUVBLYTRNclo4d0Y3SV93OWJlQUJWcXlXSi0xZURyVUFBMXpvWU9iSHFlellsNUQ1aktCSWgyeFJsRW5nOA,More,19 hours ago,2026-08-21T05:45:16,Vulnerabilities,"https://encrypted-tbn2.gstatic.com/faviconV2?url=https://www.rapid7.com&client=NEWS_360&size=96&type=FAVICON&fallback_opts=TYPE,SIZE,URL",2026-08-22T00:55:26.063197
Shop now? Banking malware campaign posing as Woolworths active in Australia,https://news.google.com/read/CBMitgFBVV95cUxOdDkwVjRBQmE1TzUyOGRTNVpQQ19QY1VWbmRGTTJHWG1vb0N6WUtWZ1RoS3czRlkwOGtxek5jS2hKejVMR2EtbjM4OXZlZEtQeTZ5cjg4S0RYSnNZYndrSERfZVlpVXZMUGw2blRCUWZUZmNNUjNvd3VYT1FqWDFhUWVDWUZISUxmQTZMQ1BQeUpmaUJRYkVYYmxua1kyYTRfUlBOUHdWRUVfTmxxYnZkQm9ac2p6dw,More,19 hours ago,2026-08-21T05:38:46,Malware,"https://encrypted-tbn0.gstatic.com/faviconV2?url=https://www.cyberdaily.au&client=NEWS_360&size=96&type=FAVICON&fallback_opts=TYPE,SIZE,URL",2026-08-22T00:55:26.063199
Rajasthan Contractor Held in Rs. 2.14-Crore Digital Arrest Scam,https://news.google.com/read/CBMilwFBVV95cUxObVp3NU0zRjlXOE5jMDl4ZlRrMEdacERJQThJOTN3WGQ1Mk9FNi1ZUjRnU3VuRzQ4OXNBbTY2S2hVQXpBVWhpb0xHZk53TnBVMzgtV2tZSGMzZFZhV0VmdVFHN25EUG1nMlBtWlY0T2NPUG5DNXpFMzJVVXJLWFFQbEh1Rmh1OHhrTlNudVF5QXJjRy05eDdn,More,19 hours ago,2026-08-21T05:37:10,Defense Security,"https://encrypted-tbn1.gstatic.com/faviconV2?url=https://www.varindia.com&client=NEWS_360&size=96&type=FAVICON&fallback_opts=TYPE,SIZE,URL",2026-08-22T00:55:26.063201
New CUSTODY Framework Constrains AI Agents Inside the Network,https://news.google.com/read/CBMimwFBVV95cUxObXp4czBlYVpnQlB0dWhnRnN6Wm9icGdTUWxSNWpaWUNJMng1VURyc1B3enpDZWItYmNwc2ZoaDZQWl9YWTZ0X1lFbFIzNmhTV1ltc0pGMnpXU29fSDQ5bmhERTNzWTZPS2tacWNQWDRYemtEenpNaEFXWEVacEdDUGhnQUFVOUFIYWJtamxTNDFyR3V5YnEzRWNUbw,More,19 hours ago,2026-08-21T05:36:50,Dark Reading,"https://encrypted-tbn0.gstatic.com/faviconV2?url=https://www.darkreading.com&client=NEWS_360&size=96&type=FAVICON&fallback_opts=TYPE,SIZE,URL",2026-08-22T00:55:26.063203
"Cisco bug severity warning reads like Olympic gymnastics scores: 10, 10, 9.9, 9.6, and 7.5.",https://news.google.com/read/CBMi1AFBVV95cUxPa0VGdGVpNnUxWDVPclVIb09yZjVpTHJtbmpjYVFTNDVpWlFvTkFfN0FSSTBVcHYyVkltX3E2OE1TMTRoMlM2MlA0TVdVMVgyLTVKTFJtMHh4NTVtWXRWSXM5WGxzWm50RzlZVGxBX1FDd1cwMENwQWJaOFRpUVA3OV9VZlFYcElYQ2RxNzVoYlVpSS1yYnVqTWs1bVh4YWZoOXN1N25wT0ozSXNubWczbjA1U3F6aEwyRkttbjVTWUtMaDJua194LW1ha2pxck5KVlZwVA,More,19 hours ago,2026-08-21T05:33:08,The Register,"https://encrypted-tbn1.gstatic.com/faviconV2?url=https://www.theregister.com&client=NEWS_360&size=96&type=FAVICON&fallback_opts=TYPE,SIZE,URL",2026-08-22T00:55:26.063205
Meta smart glasses ban ignores Europe's wider surveillance threat,https://news.google.com/read/CBMimwFBVV95cUxON1FpR2NBSEdQU2VReEI3U1YySHdTMXdsaHFORm5vQ29aWHEzNzM3VDdaS0NRanVIOTBqQ0tqUW5DR2tsSldaeHhNMGxDYU1idmsxQXhQS0FrU29uSElpZnNGY3FXemt0Q2RnN21lZlNodGd5dnF0UWV5anNPWDE1SE5LMi04NjNpakptR3hOZ2xtM1NQWi11SGVQQQ,More,19 hours ago,2026-08-21T05:32:58,Euronews Fresh,"https://encrypted-tbn3.gstatic.com/faviconV2?url=https://www.euronews.com&client=NEWS_360&size=96&type=FAVICON&fallback_opts=TYPE,SIZE,URL",2026-08-22T00:55:26.063208
World in Brief: China pushes back on Iran; Treasury yields climb,https://news.google.com/read/CBMilwFBVV95cUxQdHZDckpfMWdVdFVZRTJxWWdtUVJ5em41dUNLRVhLY0ZxRHdWcEh1Q1lzdEZOYmN0Y2hUUnhFTHpPbC1rZm5ST2VvMUtsZ2hyUHBja2tHSWhyb0lZUUZoVi1JbllYM3RkamdSOGV5dUtOSk13WHE0ZW1VT0paUmZDVFpaVWtGZ1QxZFd6a282d2hYZmFBTC1N,More,19 hours ago,2026-08-21T05:31:21,Economist Fresh,"https://encrypted-tbn2.gstatic.com/faviconV2?url=https://www.economist.com&client=NEWS_360&size=96&type=FAVICON&fallback_opts=TYPE,SIZE,URL",2026-08-22T00:55:26.063210
‘It’s wild’ — Inside the changing world of ransomware attacks on food and ag businesses,https://news.google.com/read/CBMivwFBVV95cUxQdm85aVh1MEV3Qkk1S01DVnBLSEpoSEctZS12YmxsTWdybUlBN3N5dlZvRG9hemlhb2Z4bjZDV21YVDdfN2xkZkJrNHNlNTFUb1ltLW9DSkcwb0g4bXM3ZTVEbU9xa0ZkekQzU2ZJQUJKcGxCZHM1XzJkTk9OZzI0MEY1YUlSWFFKOG1NQi03N0NrM01NQ1pfcW1YSG56NDh2LTN4NnZULWU0TExDcDNkdy1uQ2NHV1FrTEltMGZ6RQ,More,19 hours ago,2026-08-21T05:30:10,Ransomware,"https://encrypted-tbn1.gstatic.com/faviconV2?url=https://www.michiganfarmnews.com&client=NEWS_360&size=96&type=FAVICON&fallback_opts=TYPE,SIZE,URL",2026-08-22T00:55:26.063212
"Russia arrests nine for planned attacks, espionage on behalf of Ukraine, state agencies report",https://news.google.com/read/CBMirAFBVV95cUxQNVF3cU1SY1pTRHpXVjlaMUp3RTM5Qi1aa3lRY1JENzNCUDRrM0p6QndUTGhscnBST3pYdUFaN2psN0NhakVLdFlIM2dWdVdvbzdGVVM5Sm9ySjE0am9GZF9wSkZIQmphVkZxbzBMaGZYWTQ1NXZ6U2NUSHlBT29obWVWVExXODVHTHZiVU9WVTNtN1g4Q1hZczlFeF9tcDh4OFBHOFJhemZxZ0Fi,More,19 hours ago,2026-08-21T05:25:00,Straits Times Fresh,"https://encrypted-tbn0.gstatic.com/faviconV2?url=https://www.straitstimes.com&client=NEWS_360&size=96&type=FAVICON&fallback_opts=TYPE,SIZE,URL",2026-08-22T00:55:26.063214
Department of Homeland Security warns of potential attacks amid Iran operation,https://news.google.com/read/CBMipwFBVV95cUxQLU12eXQ5aUJqT0J6NVNvYzhIOU10QVo1TzRkeThUeW52a3FnMU1uM0M4S1hmczJqUmNFa0tKTkdxalN0eHhvUnFVV0N1Q3NBVGpGS21Qb29tbFljbG9ReFhIS3JGQWU2SDd3TnFsRTdrSmdHcktOblZVLVJSYzFlMzBxSzVwTkdCXzNtbUZqM3RvUFpseFg3YkNZYTlOVWZLemJGY281d9IBrAFBVV95cUxQYWlmZkRpU2ViVExUZDdObUJhQUNFZWdJRXkyWUdzNTJaY0Q5anVjclhEbVRrN3hFN244XzFjUHFQOVctNWVpakk2UFFFR2NpaXFuY1BvNGRYV2V0TV96V3ZfOGN2cHFFQmk2emJmZFpMbFd3cElMRWJneUVkN1BnUTNIY2Y2Skh6VU55Rl8ydzFQZy1CcUMzdVlDOGR4YzU5N0JuVl9icWE3UFkz,More,19 hours ago,2026-08-21T05:22:35,Middle East Cyber,"https://encrypted-tbn3.gstatic.com/faviconV2?url=https://abcnews.com&client=NEWS_360&size=96&type=FAVICON&fallback_opts=TYPE,SIZE,URL",2026-08-22T00:55:26.063216
Global investors use 'perp' bets to chase China tech stocks like Unitree,https://news.google.com/read/CBMisAFBVV95cUxNVFlhRW90UzZ4elgzYWY0R29YRUZHNlp1bjdRdk42UGVaWkxJQ0NzY2Y4OTc5NWdwWURwVUdiUDNGMFF6Y0VsUV9HWXZsWkNHMFVOQ2g4US1vcDR1ZElhcWdabXBWbzNUT0N3RmlsN2UxQWd4dVB6X3J1Q0tETnNVcURIV0dXOHBsSHZrRnBZTTllZThycnVrX2FqOUNiYVRtTEdSU0JpZXM2S0V3V1lVeA,More,19 hours ago,2026-08-21T05:19:00,Nikkei Fresh,"https://encrypted-tbn2.gstatic.com/faviconV2?url=https://asia.nikkei.com&client=NEWS_360&size=96&type=FAVICON&fallback_opts=TYPE,SIZE,URL",2026-08-22T00:55:26.063219
The 14th Annual General Meeting of Shareholders Other Matters Subject to Measures for Electronic Provision (Matters Excluded Fro,https://news.google.com/read/CBMiowFBVV95cUxNSmdKaGRtdUpaMGN0czk5LWFxWHdVdm1Hd2JkSW92NTl1ejFqVGpfdVBfN3NGMmZ0WFZWSXJfa3ZOWU4yX1ZmMUg5alJBTGs5M3VhUWtWRjNXNUEwREpnNVpUNGx6Yk9sb0N6LVBkWGVnMlRMaHBXN0dESTFfWE5EM19wOHJkcXJ5TFg2Yy0xZlo5Qm9KRlJtWkhIZ0FNcnVVRmZF,More,19 hours ago,2026-08-21T05:12:00,Nikkei Fresh,"https://encrypted-tbn2.gstatic.com/faviconV2?url=https://asia.nikkei.com&client=NEWS_360&size=96&type=FAVICON&fallback_opts=TYPE,SIZE,URL",2026-08-22T00:55:26.063221
The UK Telecoms Lab’s role in national security,https://news.google.com/read/CBMingFBVV95cUxNeEhWeDdLTmUzX0ZnbnNZdXpUQ2pFWFRoMF9yMlktUFg1LWctNTlzLVJNMEpwUzV4OWJSZVh2djdTMnEweEhCMGxxMkRmZ2lCMmtnTFEtY0x2UjJjdXluTU5ydHg2Q2lFXzFGRkh4SVhidVdqQWtTR281ZWpIcDdmTmVfaHViR05tMzhRZExPU0FyZUFzUi1lVmZHa09vd9IBowFBVV95cUxPNDZpcms4ZmRwNG1LUFdGQmJmWXNtUTJhbUliOWNZZ0d3cTF0T3VrcHRFZTh4TWNTd1VPZTI1UWNQcE5BY3NnZm1GVnZTMDUxWTdmY2pUY1lvTkJ4ekNuZVpqLTNnYU9GdzBfb05NYVljMmd0RmR0d3pjV2xDVUIxUk9UTkpDdy1tVWtlUm1pUXhsSmt5MGtaYlNfOTV5blJodDE4,More,19 hours ago,2026-08-21T05:07:34,Telecom Security,"https://encrypted-tbn3.gstatic.com/faviconV2?url=https://www.telecomtv.com&client=NEWS_360&size=96&type=FAVICON&fallback_opts=TYPE,SIZE,URL",2026-08-22T00:55:26.063223
From ransomware to remote hijacking: The cybersecurity threats to connected transport,https://news.google.com/read/CBMi0gFBVV95cUxPOWs4bmdqQUxNQWFBemxtaDVMNlB2dGlXQzVyT3VsT0tpcHlnNWxfRS02NzUxcDdSNlhHb2t3SUdHMk8wcUhEdG95WG5NWXgzenBZZ2ExWV9fejhyZnVUam5NWUN6ZVRDN3lnV251X1kxSHhTSlhpTC14VUNnVzczWlhveS1CYmdUWWhhTVV1amc2NjA4dGNKQ1N5R0Yxa3VldnBwRlVHLUN3QnAtaV9xbWpjQm1xZmh0aW1UVFMzcHU4NGFheGhqZDdsMEgzUlRFcWc,More,19 hours ago,2026-08-21T05:05:01,Scattered Spider,"https://encrypted-tbn0.gstatic.com/faviconV2?url=https://www.escudodigital.com&client=NEWS_360&size=96&type=FAVICON&fallback_opts=TYPE,SIZE,URL",2026-08-22T00:55:26.063225
How money-market funds are providing stock market rocket fuel,https://news.google.com/read/CBMicEFVX3lxTE9YY0ZlWEVFeWsxb0RBUEhyRkszQVdPdWN6ZzZKbDRPbExXQXMxTWgtaUtueVAtdWg0MkNVZTNJUnJDeDgyQ053Xzh4WlVMZGdUbmNiR2FhVlpiVkdkN1RiY1Y1ejdBdUpjWGh6V1g0S0E,More,19 hours ago,2026-08-21T05:00:46,FT Fresh,"https://encrypted-tbn2.gstatic.com/faviconV2?url=https://www.ft.com&client=NEWS_360&size=96&type=FAVICON&fallback_opts=TYPE,SIZE,URL",2026-08-22T00:55:26.063228
Ruggable Discount Codes and Deals for August 2026,https://news.google.com/read/CBMiYEFVX3lxTE9WeWZFN2tfZGFSSlpTUTRXZ2otUDQ0TGFqc3hRNEVWaVpYeks1R21sX1V0cjFjT0NkRWdMRzI5bWtYMzVfdThUaDNIZWxsMlloM1NBNXluam1WNGstcTVTTA,More,19 hours ago,2026-08-21T05:00:00,Wired Cyber,"https://encrypted-tbn2.gstatic.com/faviconV2?url=https://www.wired.com&client=NEWS_360&size=96&type=FAVICON&fallback_opts=TYPE,SIZE,URL",2026-08-22T00:55:26.063230
"In China first, project breathes new life into ageing wind turbines",https://news.google.com/read/CBMiuAFBVV95cUxNSE9GQ0FwaVdINkJWZ3hvelVzU0lTb2U5emo2ZV9NQjZfcEk3X3lmNnpzTTBuakNsdHZ5eE9sbjRPaGNOSnBuSVE3UklPb0F0UHp5czJPWnhHQ0x2N1I5N1FITmtNZmtKWEFSMlpNelZibm9rclJZZ3dEMlp0ekw3WmZEYzIwQ2Y2N1N3TVdNeURjUkhaMDJLdkpyaHZoMVd5ODlzSmVyV0s5UHZURnJMeU84Q1Z0OUFD0gG4AUFVX3lxTE14WUZqZ0cxNWVPOEtzLW1KcElnQkxMSWhNUWF3ZlFCaW9zZ1d5REtuMDJFQ19KTFpXdzI0R1gxczEwdU5DMXlOZXdESFBBZ09NelRmQlBsb0NubERQam5GdjJVVm9pWTU4ZUZHRVpYTW0zZ1UzN2xXZlBhd0FtSUotVGxXOGk1M0FZWFFEWUhxbnVaTEQ0ZGxid01SaFlOQ1FIeW9kUHkydWNxT1NVNDE1dFNMN0NGVks,More,20 hours ago,2026-08-21T04:46:00,SCMP Fresh,"https://encrypted-tbn1.gstatic.com/faviconV2?url=https://www.scmp.com&client=NEWS_360&size=96&type=FAVICON&fallback_opts=TYPE,SIZE,URL",2026-08-22T00:55:26.063232
DOJ Charges Five Iran-Based Hackers In HBO Breach Involving $6M Bitcoin Demand,https://news.google.com/read/CBMihAFBVV95cUxQekV0QjZXbWlaQzBLZXVtMDRDbFBSSkFXbjlDRncyYmdPTDhpOG1nelVndWZJWEppcFpiZDRGVnliRE1BTzVXLUhsZGE5MVhmY1JWVGFsOXJUQWxFLURnbDY5NmFpczQ5c0VwUWhTdVRHUndQYU85MFN4Q29YdHZrdEdJekg,More,20 hours ago,2026-08-21T04:40:11,State-Sponsored Cyber,"https://encrypted-tbn2.gstatic.com/faviconV2?url=https://bitcoinworld.co.in&client=NEWS_360&size=96&type=FAVICON&fallback_opts=TYPE,SIZE,URL",2026-08-22T00:55:26.063234
Ransomware takes aim at enterprise resilience,https://news.google.com/read/CBMilwFBVV95cUxOU2otNWh3bkd2cHgzdGxLT0ZwSGZLVUxBNDRzR2dwejBvNkZFNE1XTFk2MXRUUFNBdVN3ZGtfUDRhb3lKZm1nRVFuOFlxQUZ2SjExSGlqVWVPZTRtM2lJT2pwempLV1RsNEx6MkZQMEY2Rl9rZENIYWpwOUNiaWdVWlZEbnl4NEhST0VHM09nMUNXRDZZLXFz,More,20 hours ago,2026-08-21T04:13:53,CSO Online,"https://encrypted-tbn1.gstatic.com/faviconV2?url=https://www.csoonline.com&client=NEWS_360&size=96&type=FAVICON&fallback_opts=TYPE,SIZE,URL",2026-08-22T00:55:26.063236
"Backdoored Rust packages hit crates.io, exposing developers to malware at build time",https://news.google.com/read/CBMixwFBVV95cUxOUUZLblRncTREenR0ZFNqVGJucnlIdlNQMWxlVjN3dDlRTjk4WUpkUzB3Q0hyZUdENzBRM05qSGNPMWVNTnFCUE9IX1diOUd1RFpxekctb2hpUVZVLUM2aTVIcG9kSHhZVzB0N1RXVlFzcG5DTjJCZGJDdlpkbV95M29rVFZwYjVGOGFNTGZjeUpWRllyMVlIeXN6ZmZBa1B4QzhCc25vekVFN2VRdEgyRzEySTNzNm15QUcxV1dMWVA0M09qNEU0,More,20 hours ago,2026-08-21T04:09:16,CSO Online,"https://encrypted-tbn1.gstatic.com/faviconV2?url=https://www.csoonline.com&client=NEWS_360&size=96&type=FAVICON&fallback_opts=TYPE,SIZE,URL",2026-08-22T00:55:26.063239
France Radio France security guard with alleged ties to Chechen Islamists has professional license reinstated,https://news.google.com/read/CBMi0AFBVV95cUxOeE5lUmUxMFl4RURUeEdXeDFlMGdCMEk4N1JVX3RtYmstOTVPX0tmM3JwQTh2MEJhdWpiYkJmWGI5UnZVYWotQnJtZmg1VnpnSEtyT3R1bHg4WGctSlZRUmlDcmo2Uk0xMnF6cFQ4bVI2ODhCaUZHd3ZiSy1oQWVkN1E2NnJBWnk0RnhsNTBGUmMzMDVQaHBnb3BfazhwSGx0am4tTFc1bnppNGRkemxBdzk2eFEzUWZxZHl3akplbWFMU3lwcU5yaWRiVkd3dTNo,More,20 hours ago,2026-08-21T04:02:32,Intelligence Online,"https://encrypted-tbn2.gstatic.com/faviconV2?url=https://www.intelligenceonline.com&client=NEWS_360&size=96&type=FAVICON&fallback_opts=TYPE,SIZE,URL",2026-08-22T00:55:26.063241
"China, Oman, UAE Beijing-backed mystery man scoured globe before advancing AI deals with Oman",https://news.google.com/read/CBMi4wFBVV95cUxOajNRa3ljUlRtTXF5eVB3R0kySnhoQXJqX1ZIdk5oTUthblNVRVVaeWxVYi0zMHZfN1ZBV0RKQWVHdWdvRnZLbDRlNWVyOU53RzlRSnNJM09abnljU0JXMWxWQUdFLUxaY2Z5NHpVbW5ZR1J1NDhsSG1QSVVFYUx6V2xmYWxfdjk1M0l1aUw2XzY4OEo3ZWp4YVFaWU84VGxzYWR3Q3NMbUR5SEVtNnVkLWdYeEloQkc2TXM0VEZneWY2NkVNd2plX0ZUX1lDVlc0VlVNMWxmdlJlRzFmWG5yZEhrcw,More,20 hours ago,2026-08-21T04:02:32,Intelligence Online,"https://encrypted-tbn2.gstatic.com/faviconV2?url=https://www.intelligenceonline.com&client=NEWS_360&size=96&type=FAVICON&fallback_opts=TYPE,SIZE,URL",2026-08-22T00:55:26.063243
France • Drivers for France's DGSE to be trained in 'defence and evasion',https://news.google.com/read/CBMi0wFBVV95cUxPeV9pV0pwdTFqVGlwTmFlUm1iUHpaODJoSnA0d21LTWtpaEdJZGM5TXpQbS1adHIxZG9idEg2RU9oSXZRVWRsWkZyUnJoeURXT2NFUUlQY2RfWkVsQjlPZ0lwVWpIWlhfSG1LOVdGSUpKRG4taFVfU3hMa3IzbjNfbGxtT3NCTUlGOGx3bm9WcTBRWDJ6bDBWSG9adGRBdlpkNU5nc0dIMXpYY1FpV2h2ZFNmQjFnc3NpbjloRU13YnpDMjM0dmxtajY1QTQtOEpKLUww,More,20 hours ago,2026-08-21T04:02:32,Intelligence Online,"https://encrypted-tbn2.gstatic.com/faviconV2?url=https://www.intelligenceonline.com&client=NEWS_360&size=96&type=FAVICON&fallback_opts=TYPE,SIZE,URL",2026-08-22T00:55:26.063245
What Is IDOR? Insecure Direct Object Reference Explained,https://news.google.com/read/CBMijgFBVV95cUxQamhFcUJGZGZNaDNGdzVmQmRKZDExTTZkX3RxbkFtZjZ3dE9JUHZaaXd4dXgwU253Sk9ERXhJUy1RdmRURzJJUVJWM0IyTEZHWGJmWFVWQmNramQ5X2x1aFVvS25XOWFoNUlqc21zdllQeWYwSTE5UzhHNWZ6czRhaUZRV0xmRGNXWHpSdzhR,More,20 hours ago,2026-08-21T04:00:51,Wiz,"https://encrypted-tbn2.gstatic.com/faviconV2?url=https://www.wiz.io&client=NEWS_360&size=96&type=FAVICON&fallback_opts=TYPE,SIZE,URL",2026-08-22T00:55:26.063247
Invasive spider that can grow as big as your hand being tracked in Smokies,https://news.google.com/read/CBMi9AFBVV95cUxNR3h6R3dESXVHeDczVERYVmhPaHBnaThtQV9CRWxTQ2V0NVFWYlk4NGQ0bnl0NndTTHpfVl9EN3dNR2tOME1EU21zQkhUbHREclBIeXJSN3ZwZ2FFU1JvNmtmdGdJMXYwUHZhVHNyR0RuZURpcnJsZzlkeFgtaF9VTmVpNlczLTl1NXlpZWxtS0pjLVBoYVVnOW1OcVlaREw5UnJlOWV6UTFwNW1XMS16ZTNNSmlFX0VLTnRRcm1rUFY1bUEyZllINW5hRzdOSHV0ODJpcWhyTnhZdHo5cUJPZ3IyQk9lNy1FUEkycGdMQXNEcmVT,More,20 hours ago,2026-08-21T04:00:15,Scattered Spider,"https://encrypted-tbn2.gstatic.com/faviconV2?url=https://www.local3news.com&client=NEWS_360&size=96&type=FAVICON&fallback_opts=TYPE,SIZE,URL",2026-08-22T00:55:26.063249
Ukraine seeks Elon Musk’s help to hit Russian missile launchers,https://news.google.com/read/CBMihAFBVV95cUxORWI1X1BWZXE3bWFDUnhDMjBIWndhSHMxSmVKZ00zU2hNZFZZZm13UV9oVmkxbTVMem9EaHhWallkNGRRSUFFSmFaMjJSUEpwRnZ2UEpDZncxUVJ1LXJtQzhmbS1tLTlPWWFVTVV3U0hIVzZFUjlldW1uTHFzTnB5SVk1cDA,More,20 hours ago,2026-08-21T04:00:13,FT Cyber,"https://encrypted-tbn2.gstatic.com/faviconV2?url=https://www.ft.com&client=NEWS_360&size=96&type=FAVICON&fallback_opts=TYPE,SIZE,URL",2026-08-22T00:55:26.063251
The battle over golf’s future,https://news.google.com/read/CBMihAFBVV95cUxPY1FtOVk5d1FQc0o4R0lsMUoxbFlZcEtud3drWjZ5TTFVV1phUElBbnJLYTZPdUFkT1hXQW5DMm43X1dqSklyODFGTlpjaG1kRDZWQ1phTno4cDhtWEk2YlhTREpMQkxHdF9uX25saEpvTFZaakR3NFYzTlFIZlk3UU9wa3o,More,20 hours ago,2026-08-21T04:00:13,FT Fresh,"https://encrypted-tbn2.gstatic.com/faviconV2?url=https://www.ft.com&client=NEWS_360&size=96&type=FAVICON&fallback_opts=TYPE,SIZE,URL",2026-08-22T00:55:26.063253
‘Nobody has automated the kitchen’: the tech billionaire disrupting restaurants,https://news.google.com/read/CBMihAFBVV95cUxPcnBZR252Z3dKUGNUNERwRkR2OVJaUWFNT1VKUVZRQTc3bnlTUHpGbHlMcmU1eTBMd1NnNmRzMU1Db05fZDlVVXcxdTJkd0hwT1VRc2ZwRU1yUlhVcVJvR2RWM2l4V0M1VFJJLXk1Q3VHaWNjWkJZLTJybUhaUnVFd0c0Rjg,More,20 hours ago,2026-08-21T04:00:12,FT Fresh,"https://encrypted-tbn2.gstatic.com/faviconV2?url=https://www.ft.com&client=NEWS_360&size=96&type=FAVICON&fallback_opts=TYPE,SIZE,URL",2026-08-22T00:55:26.063255
What is AI Tokenomics? Costs and Value Explained,https://news.google.com/read/CBMiYEFVX3lxTE0wWjRtX2JYQTNTYTAzMW5raWpVbDBtX3B3dVpzSTNIWU9iRUlPckdYb3EtNTlsWlF2V3VlOVNtMzJ2emNVdGZIY1NBZlhIeVFWM09ZcjRqS0ZLMmc2WlNOWA,More,20 hours ago,2026-08-21T03:54:38,Wiz,"https://encrypted-tbn2.gstatic.com/faviconV2?url=https://www.wiz.io&client=NEWS_360&size=96&type=FAVICON&fallback_opts=TYPE,SIZE,URL",2026-08-22T00:55:26.063257
What is Penetration Testing Methodology?,https://news.google.com/read/CBMiiwFBVV95cUxQcUFDMExESFJvNndSTWs1YVpXdzczQTgyVjNCVVFfQ3JYRDRFbVNxYW0zRVN5N09yZ1pjZ0ctSTRFZVdTR2RMeU45S3BxVHRvWXRtQVJyVFk3V0ZLMWJTOTc4Z1JyLWczS3pvSTE3NW41MUJEcG80SDRPN0FfRkQ0Qk14LVZ5YXFlQnNB,More,21 hours ago,2026-08-21T03:47:48,Wiz,"https://encrypted-tbn2.gstatic.com/faviconV2?url=https://www.wiz.io&client=NEWS_360&size=96&type=FAVICON&fallback_opts=TYPE,SIZE,URL",2026-08-22T00:55:26.063260
Japanese men shave to avoid charges of ‘leg hair harassment’ when wearing shorts in summer heat,https://news.google.com/read/CBMiygFBVV95cUxQV0FrVWFIS1hBaDRYcXlpMDNfbDNSTVpHdnhnRWJHTlJZNzRWQnVzZE5jNjloT1JjeC0wOVZoaWNEMjVkMlppTlFfMHpWSzk1SC1iX2UtQ2lNUFlMbFEyNTlRTVd5R292RlFtWjFXbjYzMDdUczE3S2F1dXhYcnQ3N2V0dEhTcjdHS2h2WjNzeGpFU2hKRXZHQUpkRENURjNwSHR5NGVvNkxlQUZRZUgyVFp2aTRkU0xGeTd5TktEYlBCZXJNQzFnMEVn0gHKAUFVX3lxTE1oQWYwU3BDM09HYXVPWGNEZTQ5dWFkcVBOWFNFYXlxajFyVHc4RmZTYVh0dTZQbklWdW13QmhDS1BNTHVxYkxCZDc3d29yMThVbnh6bld1RWx2STNTR0Z6TzlmZjF5V05Ha19mY1BLaGUtZDFfWUxlX0I3UHdFbU5xdGJPZ1hUVk5xM0xwUVcwQS03dWtIeFZiLUZ6VEllLTdZVkVyX2ZSdHd0MGR0RFAtZkU5dEhHekdmczFYcElCYVNTRGdLckVGVHc,More,21 hours ago,2026-08-21T03:41:09,SCMP Fresh,"https://encrypted-tbn1.gstatic.com/faviconV2?url=https://www.scmp.com&client=NEWS_360&size=96&type=FAVICON&fallback_opts=TYPE,SIZE,URL",2026-08-22T00:55:26.063261
North Korea enjoys rare ‘dash for flash’,https://news.google.com/read/CBMihAFBVV95cUxNWkNvNVBzYVhha2wxdnlWZG9NZGNzM0tuWHlLNlVaN0lCS1JBRzY2N25fb29tUWdodVFuTWdfbW1hdFhDd0xSQ0FNbWZKTER4c2FVOEp6M0YtMURGR0dhNjl6bTJZVWZ2Tjc0ZDh2Q2oyRFIzZmVVRUU0NWJfZTBUemh1bnY,More,21 hours ago,2026-08-21T03:21:12,North Korea Cyber,"https://encrypted-tbn2.gstatic.com/faviconV2?url=https://www.ft.com&client=NEWS_360&size=96&type=FAVICON&fallback_opts=TYPE,SIZE,URL",2026-08-22T00:55:26.063264
Risky Bulletin: Academics find source code overlaps between Geedge and China's Great Firewall,https://news.google.com/read/CBMijgFBVV95cUxQZ2x4TjJWMWVTYW1hRnlpTFFyS1NaY0dmZDJ6ckdFa0NrV0Y5ZVY5SE1RczVzNS1HU1FlSnRTeVVUQjRIRV9NOGZJNmd3dDFlLWZPYnpfS084UkhfMjA4T1I1UWplRi0xd2pfMW1fRE5lcHkwbFgyMU9VbnhwWUI3NVFlUG5Mb1l0MjE0bmNB,More,21 hours ago,2026-08-21T03:10:06,Risky Business,"https://encrypted-tbn0.gstatic.com/faviconV2?url=https://risky.biz&client=NEWS_360&size=96&type=FAVICON&fallback_opts=TYPE,SIZE,URL",2026-08-22T00:55:26.063266
Risky Bulletin: US warns of AI-assisted attacks against Siemens PLCs,https://news.google.com/read/CBMiQkFVX3lxTFBKbS1uclFGOFNxZy1OVVFFNzZ3bGJSOWdzVmJYalNSM3dlOGFEelQ5bHpNZU40VGxZeGJNSDlhTFAtdw,More,21 hours ago,2026-08-21T03:10:05,Risky Business,"https://encrypted-tbn0.gstatic.com/faviconV2?url=https://risky.biz&client=NEWS_360&size=96&type=FAVICON&fallback_opts=TYPE,SIZE,URL",2026-08-22T00:55:26.063268
Foreign students applying to US colleges fell 10% in 2026,https://news.google.com/read/CBMiqAFBVV95cUxOTENKLU9nT3hQSGE1YjA3UU1GTjNidjVycTJ5eUplOFpCZG91U1JzS3V0VWFWS3oycjhCaGFRazJPU0pLMGJHeTBNRWdnTEk5NnpLLUhfbkNUM1F4MzFNY3ZKVWdObXlLdkxYQmJ2M0gyZmREalR6Z3BkekZ0UnpFOE1sOFdNRmZodWpfVnN0U2RYbXdEMkgxSEVBc1B4TFVYTHlTaGdXaGI,More,21 hours ago,2026-08-21T03:09:00,Straits Times Fresh,"https://encrypted-tbn0.gstatic.com/faviconV2?url=https://www.straitstimes.com&client=NEWS_360&size=96&type=FAVICON&fallback_opts=TYPE,SIZE,URL",2026-08-22T00:55:26.063270
Massive supply-chain attack sees terabytes of data belonging to some of the world’s biggest and most sensitive organizations leaked online,https://news.google.com/read/CBMihwJBVV95cUxNUUZBVlRlV0hWZmNRRHJtUTNWWDFERWZjUHNMeTF2OF9PS2Z3ZjU0Mzd2bHlyTXZXX2NMR2FJTVgxdEJqTEQzVHhRbEZHVmoyUmp4cnNUNUZOUDRZNmdqZl9BTlJXamYxNjJpOWpRLXg4SXZwUl9OSFhGQUVieHZNTmdHX2c0S3dtanhkQ3lkU0NscC15blk3dThwbnZscmxkdnF3MjFMT25pYW1nZF9fejJiRmJXSmhiU3NzQndFUGlFYl95VGVobTJoMnFRS1dPT2xQb080eHI0RVM2eDBGeWRfU2tMVXZkUk1OTWVxTTBhMEZSc0QwZTZNQ1M1eDlFNTlsZEVSdw,More,21 hours ago,2026-08-21T03:02:22,Supply Chain,"https://encrypted-tbn2.gstatic.com/faviconV2?url=https://www.techradar.com&client=NEWS_360&size=96&type=FAVICON&fallback_opts=TYPE,SIZE,URL",2026-08-22T00:55:26.063273
International study finds solar panels in China could be harming birds,https://news.google.com/read/CBMiwAFBVV95cUxPSWRsZHFRcnNvOEJsUnpZd1pIbWk0Q2ZjeTFqazJSS1ZldFpMcEpTNFJXcU5fbUdabTdUcDZiNDJON3FIYVotVF8zcW5WX0pRc012ZWNSUDEyUldVU2xoN2pCTi1kZTVDQmFhbVVvdkpoNVVtRTV3Z0NEWjdKSE5xMHlONFp2dlpnQ2dFSVZsVlg2bFBuakphVGowTzNUU1VBdlBNaXZQYkdfRWhscElpMnhrcmhWODFXX2Jxc24xdTbSAcABQVVfeXFMTXUxd3V1UUUxR0pmRjFlbG9adUkwSDRpZHliSjlqdGRRMUhoYXk3NmxXNHFXaUlxX0pxSGlHX3FsZHJNdDJaOXVJaXR6Z01OcHpzaGxaSnh6ZXhLU1FNM195cmtRdUpYeVRWUE95S0FzcE8tZ21GcHRIVUdIY3hlRnJtVGdLR1EtOTNYdmNMZkRvTkZjMG12cllzWXc4NGp0ME83cGRRenR4MDhieGE4Wl9uRHFRMnJLcHlGQkp4eC1t,More,21 hours ago,2026-08-21T03:00:09,SCMP Fresh,"https://encrypted-tbn1.gstatic.com/faviconV2?url=https://www.scmp.com&client=NEWS_360&size=96&type=FAVICON&fallback_opts=TYPE,SIZE,URL",2026-08-22T00:55:26.063275
Israel calls Erdogan an ‘anti-Semitic dictator’ after Turkey issues Netanyahu arrest warrant,https://news.google.com/read/CBMiugFBVV95cUxPaF85OXlNcFJGMmNNZ21WZDFVVWVUZy12WWVJNklKaEpENEQ2LXJRcXBpNkpsckkzcnpXRmpCU1MxYU9QcldJSVhDY1N0UlYtdDllZXpScmpqUnI2eUxVTmVuTGtNLXZtWXpZX3Z3Y0pjNGhMZ0hmeHYyYlZEZDlyaGJkSHlYZzhVRlBNVTlrSFNfbDhYX0t6OXMwZHBWUGxtcXFqSTJHUDVGVkxiU1ZpWThoclZleWEwT1E,More,22 hours ago,2026-08-21T02:50:45,France24 Fresh,"https://encrypted-tbn2.gstatic.com/faviconV2?url=https://www.france24.com&client=NEWS_360&size=96&type=FAVICON&fallback_opts=TYPE,SIZE,URL",2026-08-22T00:55:26.063277
Chinese startup rolls out robot arms in logistics warehouses,https://news.google.com/read/CBMiyAFBVV95cUxOTF9Pc1p0QjBjNW12XzN2UUw1YmwwMmJaU094eTNPTl9VWWJ4Vi1vWUJCT0VKY3V3VHVsVktOZmVXY2k0eTB1c0dBTDBBc2ZRZUZXbVRVYzU1SmRpVkgwcWxyUWZDU2tIWVNWUno4Q2dGaVRNbElhemdib2NLVlF3QzZXbl80NjFYSEJwbktldzZoTXJqcTVLSVBxeElGbXkzU1F0bU1RbEMxamI1eU84SjJJb0RPMlY5dXFZYnk3aXUySnczclNCVQ,More,22 hours ago,2026-08-21T02:50:00,Nikkei Fresh,"https://encrypted-tbn2.gstatic.com/faviconV2?url=https://asia.nikkei.com&client=NEWS_360&size=96&type=FAVICON&fallback_opts=TYPE,SIZE,URL",2026-08-22T00:55:26.063279
US urges allies and China to join Iran economic pressure campaign,https://news.google.com/read/CBMitAFBVV95cUxPVWttd3NDQ1ptMDA0cmEtTWRBclBqb2hibFFPLUhYNnJONDM3VmFvWmhZYVk4cVB1WVNPZUdOTjdYemI2eU1HUXd6YlJYQlg0emZyYTExQkpLaGNYaXdmbEtCaUx5MXdYSDBpRUVaak1GM1ZoNXJzMVFwVlk3RERualRZbXZZNklOSk5SNHg5dks4UlJ6UzRRUWt4WUhieGhzblRUb1FDUHBUX1ZwN0x3b2g4YkM,More,22 hours ago,2026-08-21T02:38:09,France24 Fresh,"https://encrypted-tbn2.gstatic.com/faviconV2?url=https://www.france24.com&client=NEWS_360&size=96&type=FAVICON&fallback_opts=TYPE,SIZE,URL",2026-08-22T00:55:26.063281
What Happens When Evangelicals Stop Caring About Israel?,https://news.google.com/read/CBMikgFBVV95cUxOVDJ0dWhzeklzMDBEbUs2VEhxOHJzem5ZZTFiWUpOTV9HOW5Hb3dKZ2E5MzE0OVVKdmEzc0wxOVJfOTJ3ZkVKU0Y4LXpBRjhOanIyQmRBM0Jac3d1UmpSOElER2dCaUNjVWVua1JwMUNTYWwtODYza0s5VFVNYjMzLVBOc29mZXJsWVM3N29hUnJPUQ,More,22 hours ago,2026-08-21T02:36:00,Times of Israel Fresh,"https://encrypted-tbn3.gstatic.com/faviconV2?url=https://blogs.timesofisrael.com&client=NEWS_360&size=96&type=FAVICON&fallback_opts=TYPE,SIZE,URL",2026-08-22T00:55:26.063284
Barcelona enter new era as Flick targets La Liga hat-trick,https://news.google.com/read/CBMiqAFBVV95cUxOdDVmb21nN2lGSldIMS1vMzlDM3ExUDBqQzNxWUdGN1RDM2VScWRhZ3poQUg5eDZTZkZoOWtkb281TGV2a1MyRWhMTHVlNlhqdEpNWk41Tk1DQTFjdXBpTndDcFBaS29MVERjbHNCRHdsejFDSWQ1U0I5UnR2WjNweFVLS2g2LTlZYlFfQ3VUYkZkaDI0X1otVTNPR1p5REoybVZRaDdocjk,More,22 hours ago,2026-08-21T02:33:10,France24 Fresh,"https://encrypted-tbn2.gstatic.com/faviconV2?url=https://www.france24.com&client=NEWS_360&size=96&type=FAVICON&fallback_opts=TYPE,SIZE,URL",2026-08-22T00:55:26.063286
"AI startup linked to OpenAI, Anthropic hacks releases post-incident report: Key findings",https://news.google.com/read/CBMi1wFBVV95cUxNd1U3SHhNbmVzWXhmTWRpQ3JmWEM5MEphZVc5cW5PdGtTWHpVME5fTERzSW1fYW8zWXpaWHI4WEtOSHp0ZTlPa3BORGFFZmhEdHVWMGl2NjRtakVlMlpPWWZ4VW9zT3dEQ2JnaTg2NWcxNXAzamFZMnF4aE91RmRYWDJobDZ0VzI5NVdpSUpEcnA2cVZhMTlNV1hFcDhJVWJ6VzBiSGdjNDJPaU1hMDA3TFlTMDJwZG01ajluUzlzT1M0bEVjU01XQ3kxSUJCcmM2dS1RZExCY9IB1wFBVV95cUxNd1U3SHhNbmVzWXhmTWRpQ3JmWEM5MEphZVc5cW5PdGtTWHpVME5fTERzSW1fYW8zWXpaWHI4WEtOSHp0ZTlPa3BORGFFZmhEdHVWMGl2NjRtakVlMlpPWWZ4VW9zT3dEQ2JnaTg2NWcxNXAzamFZMnF4aE91RmRYWDJobDZ0VzI5NVdpSUpEcnA2cVZhMTlNV1hFcDhJVWJ6VzBiSGdjNDJPaU1hMDA3TFlTMDJwZG01ajluUzlzT1M0bEVjU01XQ3kxSUJCcmM2dS1RZExCYw,More,22 hours ago,2026-08-21T02:27:21,Taiwan Security,"https://encrypted-tbn3.gstatic.com/faviconV2?url=https://indianexpress.com&client=NEWS_360&size=96&type=FAVICON&fallback_opts=TYPE,SIZE,URL",2026-08-22T00:55:26.063288
Scalying New Heights - SentinelOne,https://news.google.com/read/CBMiswJBVV95cUxPbE5qMVBSRmQ3aDhDcTFYdEtFZi1tb3R6bm1RV214WWRsdkdZXy16eElkQmRrQmdtNzVCMlhtTFNzZ25pQ05qUEFfa0YzTG5JX1lfcF9vNjQyclhncEx4cEY2Vnc5Qk1WSEpfN0hBQ1djejhyRHZjU0JEb3lxZmViZ1ZyejZrSlNJTVNOc2lhYkxLbzJwbUwtaDJiSzFiTHpMRzFFal9JTkdlRWROQTkzMS1RZk5na05INGhlZ0tTNS02MDNUTk40b29Na2xLR1M4RFJQN1lGamRfTGZRSDhHUmp6LVFKUm9RT2ZQM0RDdkcxeHBDVUNWRGJnbkFiR1g5VDRHWWdUNDA5SVlSWlRkNE1QWUtjNHo4NExubkZjOTVSNWxRV01VVEpLWTFnYlh6Y0tz,More,22 hours ago,2026-08-21T02:27:09,SentinelOne,"https://encrypted-tbn1.gstatic.com/faviconV2?url=https://www.sentinelone.com&client=NEWS_360&size=96&type=FAVICON&fallback_opts=TYPE,SIZE,URL",2026-08-22T00:55:26.063291
Hong Kong Tiananmen vigil organizers convicted of inciting subversion,https://news.google.com/read/CBMixAFBVV95cUxNbzhLcEh1QUx6VVZJVjNxZ3ZXc2c2OG5JQUdqSHFROEFtdUJyT3dCOU9iTXZqNmFGN1RYekNYUGt6TEF3T1gxenM4cHVTcGF2LWdYWE5wN1lndFlzdHRkc0t2ektobjB1R0ZqVXNBa1FScUJyUmprOVlWdElOc3lHSHhLSUxYeUVVWUcyNjdINVBGSTN4dGY1eGFzcDRUMEM0Nk1TMzBSMkRtZ0NhVW5nTEM1RW1YT2h0REQ5LWpXVTlTMTdv,More,22 hours ago,2026-08-21T02:23:00,Nikkei Fresh,"https://encrypted-tbn2.gstatic.com/faviconV2?url=https://asia.nikkei.com&client=NEWS_360&size=96&type=FAVICON&fallback_opts=TYPE,SIZE,URL",2026-08-22T00:55:26.063293
Medusa Ransomware Group Has Attacked 500+ Critical Infrastructure Orgs,https://news.google.com/read/CBMiW0FVX3lxTE1fSVV3WGx0TDNxY1lNMHhOeTI4NUhhcWxMSmtOSk14S3hrTDFfWDItOG00UWxNWFdKYWgzeE1Gd0x3QnFaMDVQU0lBbUtBSTd2bllYQWNVSXV5UjQ,More,22 hours ago,2026-08-21T02:18:15,Ransomware,"https://encrypted-tbn1.gstatic.com/faviconV2?url=https://www.hipaajournal.com&client=NEWS_360&size=96&type=FAVICON&fallback_opts=TYPE,SIZE,URL",2026-08-22T00:55:26.063295
"After GERD, can Egypt shape Ethiopia’s next Nile dams?",https://news.google.com/read/CBMilwFBVV95cUxQaVktSzVTOVh3bVVoR0VkX0pHUVFRRzVHMGJla2ZCMXJtbE1naTlrVTk1d0FCVHBVZ2czd2FfMElIUmtSaG1EQ2xFME9WNy03eEE4Nkt2bzU0a1ZNTnBaS3FWTlFZTnhpTGJhQ3RMclltQUQxSEpLZjFFMkwxcFg0RWx2ZjJHdzlmczEtWFd1TE04bVUxWWRR0gGcAUFVX3lxTE5uMExiYlVQbHlTcTQyanRNSlZDSXlLcU9raGhQYlpjVUxVT2xJTVBwY3hOUkZvSDVHcXZ5djJsTmFxcWt4cmZXWXRFVDdsd2NfZ2l2ZXFESEt4QzNvdXhfNUFJZVdxSl9xXzZXWkxCN3NDbjl4cXliVzI3YXpxbFpVT0NtMm1HTnhSRWtkYy14ekhtbXQyMXdtYVM3TQ,More,22 hours ago,2026-08-21T02:16:06,Al Jazeera Fresh,"https://encrypted-tbn0.gstatic.com/faviconV2?url=https://www.aljazeera.com&client=NEWS_360&size=96&type=FAVICON&fallback_opts=TYPE,SIZE,URL",2026-08-22T00:55:26.063297
Vietnam's 'pearl island' races to reinvent itself for APEC,https://news.google.com/read/CBMikgFBVV95cUxNS0hUcE50MnJyTUVieHdrUUw1LTV6eWVWTXRYWlBpejdRWmdkeW5pd1BXNTFQd2FnYk96cTV4VkoxOG5yWXpOUlVLMC1nbVFMd19YZXlydHlBSGxmVFVNQ0ZEajU3TV9BOENjVkI0ZHZyYldNNXJORjBRejdXQ2RRN3NXVjhwZHdFeEdla3F2eGMzdw,More,22 hours ago,2026-08-21T02:08:00,Nikkei Fresh,"https://encrypted-tbn2.gstatic.com/faviconV2?url=https://asia.nikkei.com&client=NEWS_360&size=96&type=FAVICON&fallback_opts=TYPE,SIZE,URL",2026-08-22T00:55:26.063299
Taiwan proposes a record $35B defense budget for 2027 as China’s military pressure grows,https://news.google.com/read/CBMigwFBVV95cUxOakhZbEwyWHFaN3pTTkQ5c2JwRDR3QTBrYTc1b1htMGx6cUZwc21STEVfOXFQNExQbFU5dkZvU29sQ2hpaUktN3RjM2lEMHhRNktWVHdJMFJvcFMyU2lPQ2JfbjBwVUZqWklpb2hkcU1ldUEtbzZreGowT0RScDVDUXN4UQ,More,23 hours ago,2026-08-21T01:46:31,Taiwan Security,"https://encrypted-tbn2.gstatic.com/faviconV2?url=https://www.aol.ca&client=NEWS_360&size=96&type=FAVICON&fallback_opts=TYPE,SIZE,URL",2026-08-22T00:55:26.063302
SK shieldus warns ransomware hits common platforms as Q2 damage jumps 48% - CHOSUNBIZ,https://news.google.com/read/CBMijgFBVV95cUxNcDlLMTh5a2FxOWwzWGI0YjNrYm10eFpHRXBiMlJHYVlkeUFNSVROc3E2d1JoQk5HNDdyaWdvVnF2NFFhejhia3FZU2FuaVc0bTZBU05LQ3NlbF90ZUlJZmN3Tkg5VXNLVG5FMzY1cHl2RlNSbEZjT1I5eURtZEFkYXY2aExGMnIyUDc1ZVV30gGOAUFVX3lxTE1wOUsxOHlrYXE5bDNYYjRiM2tibXR4WkdFcGIyUkdhWWR5QU1JVE5zcTZ3UmhCTkc0N3JpZ29WcXY0UWF6OGJrcVlTYW5pVzRtNkFTTktDc2VsX3RlSUlmY3dOSDlVc0tUbkUzNjVweXZGU1JsRmNPUjl5RG1kQWRhdjZoTEYycjJQNzVlVXc,More,23 hours ago,2026-08-21T01:40:00,Chosun Cyber,"https://encrypted-tbn3.gstatic.com/faviconV2?url=https://biz.chosun.com&client=NEWS_360&size=96&type=FAVICON&fallback_opts=TYPE,SIZE,URL",2026-08-22T00:55:26.063304
Kaspersky identifies new variant linked to HoneyMyte APT,https://news.google.com/read/CBMiVkFVX3lxTE9tRk9XT1MySUdzMnJjelhDSHlGMDVLcG1VUkpqYzV5UHhDOGp2ejlrVkNRNnpEVGg3WXB3NThBRDdKbXp4aTRtUUY0b1Z2VjJzM19JWkZR0gFWQVVfeXFMT21GT1dPUzJJR3MycmN6WENIeUYwNUtwbVVSSmpjNXlQeEM4anZ6OWtWQ1E2ekRUaDdZcHc1OEFEN0ptenhpNG1RRjRvVnZWMnMzX0laRlE,More,23 hours ago,2026-08-21T01:38:15,Mustang Panda,"https://encrypted-tbn2.gstatic.com/faviconV2?url=https://www.brecorder.com&client=NEWS_360&size=96&type=FAVICON&fallback_opts=TYPE,SIZE,URL",2026-08-22T00:55:26.063307
Korea to impose antidumping tariffs on Thai seamless copper pipes,https://news.google.com/read/CBMisAFBVV95cUxNX1JwcWlKWE5MNmowVkdUNzZZbnItWlVSZXFzOVhuTDZORHJ2eUJYeU1OV3MwOU5HenVra3BqdnlDTGZSR2hJU3VmbUM4MmswUUYtbGNzMTBGOFlmQnRKcEFubEl3bUpBeXRmUDNTaDJ5dXNaNklYUV9sdi1HbDlKVkpHM0xHdWJsMFVyY0s3OTV0NllsUmE1SUgzM3NhZTJfcEpSM2pjR1pNQUZWcXdTadIBtgFBVV95cUxPOXk4T2p3Z0FKT3BKZUdXRVFCUU04UXlwbG1pUUpXTHVmd3NWNGFqU0dOdUQ2Szktei1KNl9nMXlwSWpoSmVWdlhKZE9aVzVwUVJsMGRIVGNQRi01a2FYajZIS20zNzJzNnVCYlVhUXZBS0pWNnFoMkxqQkpwcTZKRnJQbWYtbjRrQXBBMkh2UnNlZnpuODFBX1EtdFVhMXREQ2Z1eVRWUG1JSmFDcFcxbVdfLXUxZw,More,23 hours ago,2026-08-21T01:34:03,Korea Times,"https://encrypted-tbn2.gstatic.com/faviconV2?url=https://www.koreatimes.co.kr&client=NEWS_360&size=96&type=FAVICON&fallback_opts=TYPE,SIZE,URL",2026-08-22T00:55:26.063309
Reform’s new economic adviser has called for end of pensioners’ triple lock,https://news.google.com/read/CBMitgFBVV95cUxNelFYWjlybEgxSER3TFR5UFRIZVIyVGxsazBZVkJzUmJBcVpERHRoRV9GZlY3Q2EyZFA4STYwTllhT2NPYUo0aEhadEh5amlRNmhCbFVwdlAtRjRlMlZUNzBKRFZuOVRtYzA3SjRpaWM2VlcyZkxDNFJocW8zazhCUUNXZUU4YjJmN1dlZE5pZ0dHMmt5SDdvR0dMUklRMGVJN1E1dHVVejVzejB2dk9HVzVlYWs3dw,More,23 hours ago,2026-08-21T01:30:00,Guardian Fresh,"https://encrypted-tbn0.gstatic.com/faviconV2?url=https://www.theguardian.com&client=NEWS_360&size=96&type=FAVICON&fallback_opts=TYPE,SIZE,URL",2026-08-22T00:55:26.063311
Antigovernment protesters take to Tunisia’s streets for second month,https://news.google.com/read/CBMirAFBVV95cUxOLUw3SDNwUHBoay1GZTBwbVlIV0pjNC1PNjh0MXBJSG1SdG9Pemx3WXNyMEhqMFVmeWxtNHVhdFdHd183bHFkREVFRkpuRElZdkE1Q01NTGhXcVBTTGFTd2dvNVFuNnotN3JYWXhGSlN4eXBvYTc2NlBwT0syWWMtaGVINHRvQVM4b1U3UWFmUS1PUk40UDFFdHotbS1oUGtSSzdSWV9wdWtUQ0Vt0gGyAUFVX3lxTFBRamxwa0c4elY5R3hyWnRMZlptUHNuVTNfZ2NKOHE4dVQ5RzFZcFA0N0xtVjJha21HelNYcEFld0FlOEpVT1NGbjhwZzhycF9ESzRMemdiSVJNWHpRUW1ZS1Y0NnlnU3hHUk1EU3ZLVlVrb1Nlb05LX1NCVVlYWnRFd0FZRWdxYlEyV3ZkaXJZaFNsWGpIaEpLT2NtWVFLYVN5MFVhVDhzWFoxaExoQjE2Ymc,More,23 hours ago,2026-08-21T01:09:35,Al Jazeera Fresh,"https://encrypted-tbn0.gstatic.com/faviconV2?url=https://www.aljazeera.com&client=NEWS_360&size=96&type=FAVICON&fallback_opts=TYPE,SIZE,URL",2026-08-22T00:55:26.063313
Vercel offers $1 million in bounties for sandbox hacks,https://news.google.com/read/CBMinwFBVV95cUxQNXRVb2N2WHM0aktjdm8zTHhKRWFNekYzNXRHVXZVWUdoRzEwUWEyUmNhN2x5bjJHamM3QWE0blprckpmWDd0WlRaT3lvNWtCWEFqQUxQTWdjdk9iQ0Z2Mnp2NzhvZXo4VzlpLVc0dEZJX1gtNmNVS2xWdTVlbWh6UFVXUHNjM2JCY1lFQWFnUVJUX0VNWVZhRUYtX0xVZUU,More,23 hours ago,2026-08-21T01:07:48,SC World,"https://encrypted-tbn2.gstatic.com/faviconV2?url=https://www.scworld.com&client=NEWS_360&size=96&type=FAVICON&fallback_opts=TYPE,SIZE,URL",2026-08-22T00:55:26.063316
Endpoint Security - Huntress,https://news.google.com/read/CBMiiAFBVV95cUxPdl9RZ3Q1d3dkWFZBTU9TWG1yamVrbUFWMDlLVGNlM2p0SWJaZGRPOFhnVnFMWTdnbFhJUGZzQ0E4ZkNjR01pdHdGbjY2cWVrTVBEVVREYnRVTi1uZ1FLZUdPeHREQWNjZzlscFdSN3E0V2lYRHo3aGJOTnpnM3htSm1ZYnlMUmt5,More,23 hours ago,2026-08-21T01:06:08,Huntress,"https://encrypted-tbn1.gstatic.com/faviconV2?url=https://www.huntress.com&client=NEWS_360&size=96&type=FAVICON&fallback_opts=TYPE,SIZE,URL",2026-08-22T00:55:26.063318
Security researcher enrolls Linux device in Apple’s Find My network,https://news.google.com/read/CBMinAFBVV95cUxOLVRFQVRkb2N3RUlnRFkwR1k0NDcxdmxwMGQ3b3ZMam1RRFVXd2lDR1RZNGZ0ZnI0YWtDeHNvLTZkZmpVdG5aY3FSdjVvNW9BZ0tfejhjRXo5T1Y5azJRWEl3MTRaZDM0MS1MV2tQbWs0OGxxdXhZVnJydGVHbnVXdDlzSVFzVXk1X1JOb0Exa0E0aFZkT2t4SG9qV2s,More,23 hours ago,2026-08-21T01:04:47,SC World,"https://encrypted-tbn2.gstatic.com/faviconV2?url=https://www.scworld.com&client=NEWS_360&size=96&type=FAVICON&fallback_opts=TYPE,SIZE,URL",2026-08-22T00:55:26.063320
CISO & AppSec: Operating Securely in the Day-Zero Normal,https://news.google.com/read/CBMixgFBVV95cUxQSXlwNjJZV09UTkdyOUVMMklLaDNZY3JkdlY3aVJGSFEtdkhIQW1JS1NDZ3Jrc3dIakd4cVdQUndTaVRhYkNCN25KVXdxWUFsZWRQSTUtME1fVmxtVWhDbmNWdVFxTTZsRHRMRGVIOTlQSjZvS3l2ODJqZkNOeERJSi0zZElhdDd1VWczTlJwdi02amdIY0hWc1M5aFFKd0ZYUXdySEhsMllJb0NDeEVxZzdiYkVYUzM5OGFHZExSdkFqb1lROXc,More,23 hours ago,2026-08-21T01:01:41,Zero Days,"https://encrypted-tbn0.gstatic.com/faviconV2?url=https://www.pwc.com&client=NEWS_360&size=96&type=FAVICON&fallback_opts=TYPE,SIZE,URL",2026-08-22T00:55:26.063322
LightSpy Malware Variant Targeting macOS - Huntress,https://news.google.com/read/CBMikAFBVV95cUxNSEF0RHd5eUlVOVhaMDJuX3ZnYTNQeVhDd2JxTFYxcHdqaDJ6OTFPLThYaDV5NHNZYkxGVzlrMnBZUTlaQ3hQUHN4Nlp3YS03azNZMmEyaVZjdXlhY1B2ZGhEQ28wNXVWTmJLSFBzUTFVWVVIbGI5OTQtd1NiZWRFODJZTFdJc2diU3hJeDVxcE4,More,23 hours ago,2026-08-21T00:59:32,Huntress,"https://encrypted-tbn1.gstatic.com/faviconV2?url=https://www.huntress.com&client=NEWS_360&size=96&type=FAVICON&fallback_opts=TYPE,SIZE,URL",2026-08-22T00:55:26.063325
Did North Korean hackers launch the supply chain attack on arrayref?,https://news.google.com/read/CBMigwFBVV95cUxOV1lJYnJaaWJzaGc4VDE2Q0JMZTVhTnhBclZpN0lGOE9mTGU2TTFBajk4V1dLbmFMbHllWXQyRDNHSU45NGFxR19jcEZQUF9VS3NxRVZIbmxyMlFZa09FbXNDTHJPbDdHMEFCaXd3RmdCYUc3UTNCaDJ6a0hFbFBoaTVLVQ,More,23 hours ago,2026-08-21T00:56:50,North Korea Cyber,"https://encrypted-tbn2.gstatic.com/faviconV2?url=https://cryptorank.io&client=NEWS_360&size=96&type=FAVICON&fallback_opts=TYPE,SIZE,URL",2026-08-22T00:55:26.063327
RMM Abuse: How Attackers Exploit Remote Access Tools,https://news.google.com/read/CBMikAFBVV95cUxOMVhqMUctYWJkamVSYXVjY1BuUG1EMXVuZ1dwMndyOTdPM0dNeEpXSGgyZF9xQWdHS2prcW90N21haS02NGFCdEJpdGd0VG02eDY2bnczUzl6TkdXT0VjbjBjak1rQ0lid0l2dk5uR1FnYzhFNTEzTWZvNklzbWFEV2xFQ3pSMXNXWmNjaG9VLVk,More,23 hours ago,2026-08-21T00:53:45,Huntress,"https://encrypted-tbn1.gstatic.com/faviconV2?url=https://www.huntress.com&client=NEWS_360&size=96&type=FAVICON&fallback_opts=TYPE,SIZE,URL",2026-08-22T00:55:26.063329
Walmart's Results Beat Expectations And Hiked Its Outlook For The Year. Its Stock Plunged Anyway.,https://news.google.com/read/CBMiowFBVV95cUxOZWNVckJxWDN1T2VXUkU2MVMxcVJJQkk3eXRaX1daYzVUOE9ReDRxb0dwSjB6UVItS0ZvUzVqVmNBcjIzMzVSM2Y2dG5kVjhSOFdnMzJHeEcxUzBiekk4N29rUmZla3JISHRNRzdNeWVaVC1UU21CX0lzdzVFb2ZBcmNiMDllU08wcVZOQ0lzX3RfZG1zQ2xIQ19qdFVObGhNcVpv,More,1 day ago,2026-08-21T00:28:09,IBT,"https://encrypted-tbn3.gstatic.com/faviconV2?url=https://jp.ibtimes.com&client=NEWS_360&size=96&type=FAVICON&fallback_opts=TYPE,SIZE,URL",2026-08-22T00:55:26.063331
Seoul stocks tad higher late Friday morning on chip gains,https://news.google.com/read/CBMipgFBVV95cUxOWEQ4SHV6bDFteEpDTUlNZXlBRV81Qnl3VElGaVE4OVplYWpGRXF5V3VoWDRvYmNLdTUydWxpeDd2N0VoWGpnV2hIejdyRmw0T0daOGNSYng4X2dxMnpOUW9QRUVVOEZ0dmc0NkJUTkREMVB0WGNXcmRRZXFTZTZpMXJONnkzRUxXY3dmN3VzUmhRZk1ibWluT0RlUkRhd1NWQWJ2ZGdn0gGrAUFVX3lxTE5GV1RqMUFfVjAwc3JMNjJoNTh5NVAteEV6S0NVRHAwOG8yVGJ3QXNEand3OTV4THl5X29LaTNMQ29MdEV0MXA2RmJFYjJSNEItVlB0WFA1cVYyWVAtUDRROVdGZ21pamV2b1BmR1kzcmVscWM2VHpmTUliUVdyS3otcVRpN2R3NEoxM3BIRTlDZ0c5V0FDRVBDMGpLaldpR1d0T2xTNm5WaW9odw,More,1 day ago,2026-08-21T00:24:02,Korea Times,"https://encrypted-tbn2.gstatic.com/faviconV2?url=https://www.koreatimes.co.kr&client=NEWS_360&size=96&type=FAVICON&fallback_opts=TYPE,SIZE,URL",2026-08-22T00:55:26.063333
Russian snoops add OAuth abuse to targeted phishing campaigns,https://news.google.com/read/CBMiuAFBVV95cUxNRUlvR19EUHV0RnZuUTVWUC1JVGJLR1JJcDNRNlVjVjJvbjZ3VWlYMEswUUVldXFzeUloWmlpV3pBLU1XVnk5eEJsZlJPeTJRM2RrZWVqTmhKeV9pNjZNaURiUTVFTE1mN0dTMnZ3R2ViSlZRSlNoUjlpMXdPY0I1R0J5WFlmUjRvM1NjdzJ3RWNTeVNxektSMTFJcDNEUk9TNWlKbVM3dm9Sa01wX1A5RkFoOFBTdm1q,More,1 day ago,2026-08-21T00:19:25,The Register,"https://encrypted-tbn1.gstatic.com/faviconV2?url=https://www.theregister.com&client=NEWS_360&size=96&type=FAVICON&fallback_opts=TYPE,SIZE,URL",2026-08-22T00:55:26.063335
"Survey finds Korea firefighters face misconduct, stay silent over reprisals - CHOSUNBIZ",https://news.google.com/read/CBMigAFBVV95cUxNM01vcWNnTnRSXzR2N3ZuRHZqcDZKOHhPUDA0cUVWUnhTMGF1UEhjVlpyeXQ2UWpQYW5pSHJrQzBTVzJZalFZUExTSFpaZ2I5Slp3N1psYmJIT1VXWjd1M1J1aFdhcEdiODFOWkVVcWtmdEdlOVJ5dWx4VEI1N0JmMtIBlAFBVV95cUxNeEN2N2Y4WUc1SnhWb0pfeWY5NnZqUkVoV296UTNnYm5FRDNEVkU2T2VXLXdaX1lnZUJTYk13TGNlN1NoTUZHUkl6LTFRd3dDY2FZdGZJWkxpMUdvMnVRMW5oRnpJT0NMSzRQdU1BZnlDcG56RVFwUkk5dlVydWFRalgtOEl1Vk5HRVR6NXZFVFVXWEZO,More,1 day ago,2026-08-21T00:00:00,Chosun Cyber,"https://encrypted-tbn3.gstatic.com/faviconV2?url=https://biz.chosun.com&client=NEWS_360&size=96&type=FAVICON&fallback_opts=TYPE,SIZE,URL",2026-08-22T00:55:26.063338
Automated incident response on Red Hat OpenShift — Elastic Observability Labs,https://news.google.com/read/CBMilwFBVV95cUxNNVRHa2dJQmNZU1pvZExUYUpESk1WdTlSTlpGLXFYYW91VS1OdHBZa2IwdTlpWlh1RmdmdEE0Rk03bnBpaUxUTDZHN3JlaVpubE1CLUtXQno2c3BzblRsMERaeWYxdk5NUlFvTnhkLVJzc0RnaTNZX2JuQ1diRnBNYWhtRFdzT0NOQ1pSaEFjWHl1VFFfa05F,More,1 day ago,2026-08-21T00:00:00,Elastic Security Labs,"https://encrypted-tbn2.gstatic.com/faviconV2?url=https://www.elastic.co&client=NEWS_360&size=96&type=FAVICON&fallback_opts=TYPE,SIZE,URL",2026-08-22T00:55:26.063340
Deadline for Iraq’s Militias To Disarm Nears but Tehran’s Proxies Show They’re Above the Law,https://news.google.com/read/CBMinwFBVV95cUxPN2ZtcjVhZkRVR3NKZnpLcEczcWtwN0UyT3pUR0xfT1BCTTQ4VmllVGV0Z1phS0lvMGloZk02RXlXQkw5YXQyd3NsbUY1YUxaNnNXdGFUWGZENDRsVUNlZWNwWVZIN3dENHF5WEZ0TDBHem1ZWDIzNHRJRkFod2t1bENHeGZpTkhKTmU3NzA3TWZfbEVMS0FZd1dFRlRBVmc,More,1 day ago,2026-08-20T22:56:22,FDD,"https://encrypted-tbn2.gstatic.com/faviconV2?url=https://www.fdd.org&client=NEWS_360&size=96&type=FAVICON&fallback_opts=TYPE,SIZE,URL",2026-08-22T00:55:26.063342
"What is API Protection? Controls, Risks, and Best Practices",https://news.google.com/read/CBMiZEFVX3lxTFBHVkVNZDl3dFpOSW5rZ0hqOEs3VTZzZjV6YUZXV0QtQVRTQUYzQXFnX3NJYVEwOVhzd3BGOWZBTk5xSkFFRHhJdjNxb2xIdWE2cFY4OTJFSC1adkhsV0NBcENqdmc,More,1 day ago,2026-08-20T22:54:49,Wiz,"https://encrypted-tbn2.gstatic.com/faviconV2?url=https://www.wiz.io&client=NEWS_360&size=96&type=FAVICON&fallback_opts=TYPE,SIZE,URL",2026-08-22T00:55:26.063344
"OLIDATA SpA (0FHJ) Stock, Price, News, Quotes, Forecast and Insights",https://news.google.com/read/CBMikgFBVV95cUxNMHRYRHRaUkhFb241aXhoSlE3dnhRLTJrVTl2S29YcFV0WkRiOVlxeThXak50NmNLNXpSdmRzWk5Pd20wRXNTcy03WWlLVXZJa3FvM0VaUm5qVDFYUHZ6aDhBSTA5c1BYckY3WlVOdDBLbGt6S2NWNXFQWmg5TWs3UWlmanVueFBMdkxqZjNxRXo1UQ,More,1 day ago,2026-08-20T22:32:40,MSN Cyber,"https://encrypted-tbn2.gstatic.com/faviconV2?url=https://www.msn.com&client=NEWS_360&size=96&type=FAVICON&fallback_opts=TYPE,SIZE,URL",2026-08-22T00:55:26.063346
"The EU’s Rapid Evolution on Crypto Sanctions, Visualized",https://news.google.com/read/CBMieEFVX3lxTE1wSjVkRmdUZUkxeVgxWDEtWGE1TG1EbnFHekQ0TzdGMnpldEVWLUFvd2hUdEljZkY4ZnpaZlBzWmJrVV94dlVuNmNna0g4MVcxZkZkVnlvbnF2TXdWcy1SLXZJOUxzamNocGtYcW1SNHhMOXZDZ3d0ag,More,1 day ago,2026-08-20T21:43:49,Kharon,"https://encrypted-tbn2.gstatic.com/faviconV2?url=https://brief.kharon.com&client=NEWS_360&size=96&type=FAVICON&fallback_opts=TYPE,SIZE,URL",2026-08-22T00:55:26.063349
Elastic Stack 9.5.2 released,https://news.google.com/read/CBMiZ0FVX3lxTFA0bFJRNTJMUjZBWDZaZklaX1ZEcmk3WWtxbzkyOHpzaElqS3hSZUV0U0JUbVJTRE1WcUh4amwwWUFvVE9YYlVMWElScmQxTTdUTWFLSW03NnBtSVpRMFBMYW5iSHVrdDQ,More,1 day ago,2026-08-20T21:13:11,Elastic Security Labs,"https://encrypted-tbn2.gstatic.com/faviconV2?url=https://www.elastic.co&client=NEWS_360&size=96&type=FAVICON&fallback_opts=TYPE,SIZE,URL",2026-08-22T00:55:26.063351
Critical flaw patched in popular JavaScript sandbox used in AI projects,https://news.google.com/read/CBMiugFBVV95cUxQZnZ5WlBZYkZDNzRoeEdoamkxRWNtQXFNcWVKbFhtTzNGYU9XaTJvT0ZfeTFFc2NhaUxNZENvWGxFdmdVTU40cktNdjEzVWJDc3hmMzFsYVlsSE9aSU1TZERJWkVadDQ3NFNJNFNuOUx0dy1SR2RDT3JLUlpxaTVjOUZId3JNY01IcEpEbXRvbXMzUlFKSE9Hd2FicUZFTkYxWEhPd25OSll5Z2FTQWtsSlAyR1h2TzFEekE,More,1 day ago,2026-08-20T21:03:13,CSO Online,"https://encrypted-tbn1.gstatic.com/faviconV2?url=https://www.csoonline.com&client=NEWS_360&size=96&type=FAVICON&fallback_opts=TYPE,SIZE,URL",2026-08-22T00:55:26.063353
"Navy Deployment in Middle East ‘Not Nearly Long Enough,’ Trump Says | What’s News for Aug. 14",https://news.google.com/read/CBMiggFBVV95cUxOampPLVVwWEo4RWR1cjNMckdBNjhZMy13WXRwOFFYcDk2SW1LdlU2TXdGZkl3Rkw1MzBkODdrMFYtSXJYSWhMNmdQUEhXZG10MkJqVmxzYnFtTzJmblYzSVlmd0FmVi1Kc2FRY0RCaGVRRGd5ajc2M3dlY0FBZjAyRmV3,More,1 day ago,2026-08-20T20:55:00,WSJ Cyber,"https://encrypted-tbn1.gstatic.com/faviconV2?url=https://www.wsj.com&client=NEWS_360&size=96&type=FAVICON&fallback_opts=TYPE,SIZE,URL",2026-08-22T00:55:26.063355
"OK, can we actually cool data centers with our pee?",https://news.google.com/read/CBMijAFBVV95cUxOMk9MWnRfemVlR2VJZFBzUm84dzlidUMzNFlscWhqYzFkVzV2WGJxYzZaTFZOLXJKb0ZxVEpHVGNYcDJJaUc4cW4tcm5ZQjVUSlFaNWg1VzNrOWxXN00zZHgzRXV3dVlfVjBNaEU0R1ZidC1tY0RXelhKR2ZNVmpfaEFtaGZFcFlxN21lZA,More,1 day ago,2026-08-20T20:53:13,TechCrunch Security,"https://encrypted-tbn1.gstatic.com/faviconV2?url=https://techcrunch.com&client=NEWS_360&size=96&type=FAVICON&fallback_opts=TYPE,SIZE,URL",2026-08-22T00:55:26.063357
Rust Supply Chain Attack Puts Build-Time Malware in Crates with 245 Million Downloads,https://news.google.com/read/CBMif0FVX3lxTE1XQXRsR3laaVhCZndRaHdTMjRyZ2RXNS0wUmpuQmJ1ZVBtRkx4LUx5RFRqQUtacDZmZFZUSFRPS3Q2ckRLOGVXWXRMY0JrdVpRNmdHVjZvQXJtWU9PMU0xUWx3YS1HdU1sNDBySm5LV2VNUGx4anlSZHBBOWk1bFE,More,1 day ago,2026-08-20T20:22:00,The Hacker News,"https://encrypted-tbn3.gstatic.com/faviconV2?url=https://thehackernews.com&client=NEWS_360&size=96&type=FAVICON&fallback_opts=TYPE,SIZE,URL",2026-08-22T00:55:26.063359
TrendAI™ Surpasses $1 Billion in AWS Marketplace Sales as AI Security Co-Innovation with AWS Accelerates,https://news.google.com/read/CBMi4gFBVV95cUxNNUlWbk9YS1ZzRGFTRldZUUFjY1RvYjR1VW9INjdjU2dTaEsxNk1pZFlXaVZPam1NZjFJZ1hpQWJkSUdfajhGS2JWanFNdXFDZVRNRnpvZVVub0lJaHFqSGFaUEgySVlYVUJVaHBCbWVZVnBmWjBGYm9FX2QySUhqZ1UzTzA3alhNQ3dlUkN4Q2J3MlNKN04xU0FOZGZYZ3BGc0FYeUZ3czhydU1qbmFHMWRQeksyelZzMFNvY0xfdURWeEEzcW5WYkdueWVlbWw1Q1JSYVJqZ0JkR1hOX29STTJ3,More,1 day ago,2026-08-20T20:05:19,Trend Micro,"https://encrypted-tbn3.gstatic.com/faviconV2?url=https://newsroom.trendmicro.com&client=NEWS_360&size=96&type=FAVICON&fallback_opts=TYPE,SIZE,URL",2026-08-22T00:55:26.063362
"Bumble Tried to Change Dating, but the Dating Market Forced It to Change Instead",https://news.google.com/read/CBMipwFBVV95cUxQb3M4Sm9GVXRLdGdXanlpZlZ2VUxiVkVRUjRtXzdLQmY5LXViVkVHcldRSzh4MFYtT2MtWm5KcElJd0RTdUhRV3FsY0JHZzBTd2RqSmwyNU1HWWYyZ3BDa3I1ZGF4LWkzaGxJVDhJV21TQmRtU29uMk95aG9BNF9obXFEcmVvdkEwZUlqRXdYOW5XdllpclNXZTcwNS1sTTg2MWl0a2FhOA,More,1 day ago,2026-08-20T20:03:00,Wired Cyber,"https://encrypted-tbn2.gstatic.com/faviconV2?url=https://www.wired.com&client=NEWS_360&size=96&type=FAVICON&fallback_opts=TYPE,SIZE,URL",2026-08-22T00:55:26.063364
Someone targeted security researchers using a fake crypto conference as a lure,https://news.google.com/read/CBMiswFBVV95cUxNeW5xb3ZJWEhURDBDRUJOdkd4UDYwbzdkRktfajQ0dW5iTzctYUlDSVJwd2FxMGU2ZHZBdDRadWNocUhPdTJiZF8wSGczRXU5REdyOUZia3g5QnJlaWFRX2NhRkNMU25IZWJHTnlFaWw4M290OU5MeHhSLVdpUWY3cUN0Y2hZRTBmdEFxaFktX3Y5bEttbTJMLWJMcXRPcW9VdDBNSkt3TjNyZjVYcWFoYVFfaw,More,1 day ago,2026-08-20T20:00:00,TechCrunch Security,"https://encrypted-tbn1.gstatic.com/faviconV2?url=https://techcrunch.com&client=NEWS_360&size=96&type=FAVICON&fallback_opts=TYPE,SIZE,URL",2026-08-22T00:55:26.063366
Canada’s Hospital for Sick Children attacked by cybercriminals again as employee data stolen,https://news.google.com/read/CBMiakFVX3lxTFBNWmc4QnhnTXpnNG8yVkNrUGxaQzhQWkppcFRrMERGZmFpdml1bUJaanlMY2dYOUhRV3dqSHBkelFLM3prOFZITGxQQldOUU5yTElKd0FSNGt3TmplZ0poMWV1WUpXc3d6ZXc,More,1 day ago,2026-08-20T19:49:03,The Record,"https://encrypted-tbn0.gstatic.com/faviconV2?url=https://therecord.media&client=NEWS_360&size=96&type=FAVICON&fallback_opts=TYPE,SIZE,URL",2026-08-22T00:55:26.063368
25 Years After Code Red: What the Worm Era Can Teach Us About AI Security,https://news.google.com/read/CBMifEFVX3lxTE5WR0N5VU4wTXFFZ256STc2Tk1qWFktYTZXZ0hqSEk2dmdSNDlIN3FMdnlfUWZ2SE9RZmEtd2M0bHlvOHJkQklZZkVZRjhVRHNkVTdvbk1veGpvM0xQeXpDczNjS0I0NzNYT0sweHhlbHRrak1SMnF5NmVwNXA,More,1 day ago,2026-08-20T19:36:52,Dark Reading,"https://encrypted-tbn0.gstatic.com/faviconV2?url=https://www.darkreading.com&client=NEWS_360&size=96&type=FAVICON&fallback_opts=TYPE,SIZE,URL",2026-08-22T00:55:26.063370
Koretskyi discussed the budget challenges for 2026–2027 with the leaders of parliamentary factions and groups,https://news.google.com/read/CBMiywFBVV95cUxNMm4xSmNIbGtxR085eE5oMkt2S3ROZlRCRkFKZFp3QTZZejNHcnFiN3dOUUM1dmRaekNYaTVoOXMtLW02MGxZcXcwaWZoZzFpYTJRbElQT2plYzVCVUtQaGxRVXBCSl9CcjAzckhmMnl6VEJCTm42NHFEdWxDaGU1NTZNQ0VFeFZrRXdFdTViZG12aXlaQzJfMzUyNFFEb0Z3VGtPV3puQUhzcTVvVTA3R2FQY05pV0dEM3lvRDIydkJIT3QwcE1zd282TdIBygFBVV95cUxPdWU3bG1TSEFlSFJibHlEZkIzZ1NrSWxTaFNFR05MazJKeUpsSzdUQTlMSEh1TENieUVGVWE3a3ZzLTFocnlyRzYzT1hLWGpCRy1vZEY4Y19XaUhMWFljRS02SkRGTlMycFdmZzdtSTNqc3NwZFN3TlNITTJGUnBtOHFENUtRXzd1YWtGaGpFeFJ3d2o4SXpuMUJRZVh3bU83aTEzSTJYbWdlYzU0Y1pTYVNfUWgzLUtrejVhY3pBWWkzZ1NHY0U4ZndB,More,1 day ago,2026-08-20T19:27:56,UNN,"https://encrypted-tbn3.gstatic.com/faviconV2?url=https://unn.ua&client=NEWS_360&size=96&type=FAVICON&fallback_opts=TYPE,SIZE,URL",2026-08-22T00:55:26.063372
After Iran: Is Erdogan’s Turkey the Middle East’s Next Great Threat?,https://news.google.com/read/CBMiqAFBVV95cUxQVm1MeFJFVmJHR3RTZ01NNlBfTVNDaklZOHB2NU9JeExWQ2lPbkMzeTdzM1NXSGNjZE56Z3NpRS1JVEc5M1J1YW94M1NsSE10RnVFanpKY2t0eHFvbWR5Wi02bWhWeG8wZ1c5WjBiMXpjLWtWZXBfejFwa2NOOHBEOGx0LWctdUNKMllkaVAtM1VUdFBHSmg1TVJlYWRrdmlhWWZSMGxOZFY,More,1 day ago,2026-08-20T19:26:47,FDD,"https://encrypted-tbn2.gstatic.com/faviconV2?url=https://www.fdd.org&client=NEWS_360&size=96&type=FAVICON&fallback_opts=TYPE,SIZE,URL",2026-08-22T00:55:26.063374
"Runlayer, Rippling drop lawsuits — but the brouhaha is still a cautionary tale for founders",https://news.google.com/read/CBMiwAFBVV95cUxPLTlrc2hwZ1dVcXJjdnptZVdiREp2QTJKS3Zwd1RFVU1Jd1JURnNMN0lQRXd0bmlvZVZNR0JUTUJmMEY4S1NWSGpwOEVLeDJKMFNWa0k5QVlSb2huUng1ZGxaSUdqdmMzTXM4S2tfWmJLLW1hY25tZmxUNlRIeTJPdGdkamtjSENFeWRiMTV3ZDVWbmVNeFpLV2NQY3JnaVdabVFhR1BtQWFTdm90Z2laaENUemFuNnNWTHpHLXdCVGU,More,1 day ago,2026-08-20T19:15:05,TechCrunch Security,"https://encrypted-tbn1.gstatic.com/faviconV2?url=https://techcrunch.com&client=NEWS_360&size=96&type=FAVICON&fallback_opts=TYPE,SIZE,URL",2026-08-22T00:55:26.063377
AI threats are everywhere. A risk-first CISO decides what to prioritize,https://news.google.com/read/CBMiuAFBVV95cUxQU014SGlNRmZmclBZSWM5N0VkTlRoWnRDdjUtVTFrWnFHNXlfNHlHV3diSm1aMXRyQ1RTS2xja0NzalVid2RhR0Z3cHVCOE1GbFlVeFRDZXZzcEtFU2w2cHdzaU1XSS12Smt2dGtSLTVNOGVkdFNWLXl5S3NJZ0FNUWp2MGRXVkc0NXZ5VEhFeG5nLTNZQmR6bi12Ulp0ZlFLWnRSNWNMR29UdFdGUkhnQ0tHUDBwbzhD,More,1 day ago,2026-08-20T19:10:08,CSO Online,"https://encrypted-tbn1.gstatic.com/faviconV2?url=https://www.csoonline.com&client=NEWS_360&size=96&type=FAVICON&fallback_opts=TYPE,SIZE,URL",2026-08-22T00:55:26.063379
What’s So Special About a Special Grand Jury?,https://news.google.com/read/CBMinAFBVV95cUxNb1ROVFI4NktYZnd2a0ZFLW9aeS14RVJ6Q2lmRE1lLWJsQXpIR0UzQTFnOElPalg5NlZHOFZhLWdIS3lacEtaTkMyb0d3Yk5xTEdEaW5Ja3hvVzA1MEI2NEU3S3BQcldRazVPUEJxS2NUczJOVnNBenNpX3ZkSUNVSmdlVDVXR1hILTJPNEJvdm50cU9pTlhkcVhoTTM,More,1 day ago,2026-08-20T19:02:39,Lawfare,"https://encrypted-tbn3.gstatic.com/faviconV2?url=https://www.lawfaremedia.org&client=NEWS_360&size=96&type=FAVICON&fallback_opts=TYPE,SIZE,URL",2026-08-22T00:55:26.063381
Calling on Cyber Pros to Help Defend City Hall,https://news.google.com/read/CBMihAFBVV95cUxQaFpOVGQycjREV1R6MTlZbFF5ZU01a3NxaUZOYWFoZXppcFV6dXpkcjZRc190UVE4V3NkVXlhZTh5cU9IMVU0VWtVemJWdDlEclp3SThsLUZ6NzlONHJsanpTRW9XSDJ6dUpHNG52dE1xNGdRTHZ5VDhSaWV0VjVoVGgwamM,More,1 day ago,2026-08-20T19:01:17,Dark Reading,"https://encrypted-tbn0.gstatic.com/faviconV2?url=https://www.darkreading.com&client=NEWS_360&size=96&type=FAVICON&fallback_opts=TYPE,SIZE,URL",2026-08-22T00:55:26.063383
Citrix issues critical security updates for its NetScaler devices,https://news.google.com/read/CBMisgFBVV95cUxOS1FfbXl0RXBYN21OdXBUYjV5WHZFRXptby1TQ3RVaU1HSTRkcXQtNlRjbkNzSkdEMm9NSTFfMUpZWTBRSzdnaXFMRkRRMHRSb0FBSzFuWlU2dmVzVDV2T2VNS0Zmc0llMmZmVThXcWFZT3FnV2ZsMGtxc2ZGbHlwVzQ1SUczeXM1SzV0NTBWM3FIUzJIMnZRbUJfNTR2RDFYdUdOc1ZOOGRrQW1ZczF2NEVB,More,1 day ago,2026-08-20T18:54:35,CSO Online,"https://encrypted-tbn1.gstatic.com/faviconV2?url=https://www.csoonline.com&client=NEWS_360&size=96&type=FAVICON&fallback_opts=TYPE,SIZE,URL",2026-08-22T00:55:26.063385
Rethinking how federal cyber hiring actually works,https://news.google.com/read/CBMidEFVX3lxTE5GcUJsRndvQm1ZajRVTl9CTGczZHQ3YXpDTWNqc0MyUkprVjJSWGVwcnR6OGJWQVVVY2xtcDl2UHN1NExXRFNyWFFmNzhLa2pnc2gxeUJjOUNwNUVla2w2djFTcG9DRHV5REY2MUJFc0JRcTdr,More,1 day ago,2026-08-20T18:51:14,CyberScoop,"https://encrypted-tbn2.gstatic.com/faviconV2?url=https://cyberscoop.com&client=NEWS_360&size=96&type=FAVICON&fallback_opts=TYPE,SIZE,URL",2026-08-22T00:55:26.063387
CVE-2026-75963: Events Made Easy Path Traversal Flaw,https://news.google.com/read/CBMidEFVX3lxTE0zbVNRUjZQYTlNQzhfRHo5WWI2d2NkRWlXYU9hM3RQZDlobnVPNnN1U3IxZUZ2RkhENkwzVGR1VmZwOFVlQ1laeXZCcFZjRGhHTzBwemk4RzBUN2ZZcHk3aE9CRUlOcWFrSXpSVUJBenpKZXBI,More,1 day ago,2026-08-20T18:50:56,SentinelOne,"https://encrypted-tbn1.gstatic.com/faviconV2?url=https://www.sentinelone.com&client=NEWS_360&size=96&type=FAVICON&fallback_opts=TYPE,SIZE,URL",2026-08-22T00:55:26.063389
Detailed Timeline of OpenAI’s Cyberattack on Hugging Face,https://news.google.com/read/CBMirAFBVV95cUxPSk9pRHA2ODk2TDFvNXRXUElZajI2Q3dIWnNyck5XXzlMZFhhSHFHUWhmRkFKbnFHWEhVVzRMVjRad25McklNdFkydDVicEFCMUNtMFFHR3haVDlObWwwMW5ZZEFTeHI0WVdSdE84M1hhUHJRZE81NC1feHI1X2FfSjljeVV5ZWItdjZoZDlqRjlxb09NVUxsYUt2V3U4dmtpWTl5TXNyWmR2MkR5,More,1 day ago,2026-08-20T18:44:00,Schneier on Security,"https://encrypted-tbn2.gstatic.com/faviconV2?url=https://www.schneier.com&client=NEWS_360&size=96&type=FAVICON&fallback_opts=TYPE,SIZE,URL",2026-08-22T00:55:26.063391
CVE-2026-71009: Oracle Commerce Auth Bypass Vulnerability,https://news.google.com/read/CBMidEFVX3lxTE1RR3FUTl9vSGRjU3AtQ1gtRDQ5UGlLeENiaTQzN0JHMzliN1p1R093ZkdzSEd4ZzVyRFVYMmk1YjVwY2lBTkRvZURaSHhMUEs4R2M4NWhEcUxjR0xYeTNLUXlxUlFfV1VvNUhHazAxX1k4T3U0,More,1 day ago,2026-08-20T18:42:46,SentinelOne,"https://encrypted-tbn1.gstatic.com/faviconV2?url=https://www.sentinelone.com&client=NEWS_360&size=96&type=FAVICON&fallback_opts=TYPE,SIZE,URL",2026-08-22T00:55:26.063393
Money and Mindset: The Two Biggest Roadblocks to Cyber Policing,https://news.google.com/read/CBMitgFBVV95cUxQWlhPZmxPQWlaYy1CRktBaVpFaEtRbEVQNFItRmJtZ3o1T256U0czbGg2azNBeGpZLVV3OWFXNzJNcnAxendrRDRWbXpnRU94Z2tOdWxZZHN3Z2hmZWxqc1hUbURxb0I1YzlKN0c5V0dfand4d2hpdTFySklXcVNQd1RwcFVFc2pocDhaMm5iXzZvU2lBZS0xRGktVGgtUmlHMHc1aWxjXzJsTTVBeHFvdGt5cm1XQQ,More,1 day ago,2026-08-20T18:31:46,Dark Reading,"https://encrypted-tbn0.gstatic.com/faviconV2?url=https://www.darkreading.com&client=NEWS_360&size=96&type=FAVICON&fallback_opts=TYPE,SIZE,URL",2026-08-22T00:55:26.063395
New Structure MyKad rollout this month marks new chapter in ID card evolution [WATCH],https://news.google.com/read/CBMivAFBVV95cUxNRVJUSl95djN0aE9KU1FRUHV6bkR3bWF2OEZqNlEzYzJNV0otdEQxMDA5SThyVlhXd0xYVk8teWd4ZEVpTGdvb1hDU2ZRazRycGFBZWNaQVVmYWlLNFBEdGZfNkFabHppRVl6Yk94d1ZNSXV5R3RUc1hscnhfYXlGN0dBQ2xGNUhUc2ZWOG1JYUJsbzhJUV9qbldCZE9iNVo0a0s5eFNJZlBlaDNsY0ZwWEZYVHhkdFNMZXF5dNIBwgFBVV95cUxOSm5zRmYxQ1ZOMTVKdTR5UVJMTXJqS1Izc0Rwa0NPMHh0SWJyakgtbHlLbnYxSklsaV9iVldacFcyNmU0NEVTS0R1WFRZWHZYMjBzYUVWSUtSajhXY1ItNmFxUUxIY0pCZ1VMaGNYZnh2Z1ZFakkyYUptdHlnTUJGQlRoR2tXVFFEc3JGWE1ERTlWS3JBYnptd0FCMHdLZV9mX2Z5XzVnZWxnT3dwck5ITjRUdzU3bUJTV0hYNXlZZUFpQQ,More,1 day ago,2026-08-20T18:19:32,New Straits Times,"https://encrypted-tbn2.gstatic.com/faviconV2?url=https://www.nst.com.my&client=NEWS_360&size=96&type=FAVICON&fallback_opts=TYPE,SIZE,URL",2026-08-22T00:55:26.063397
Quant hedge funds suffer worst day in 2 years as Treasury boosts buyback and Moderna shares leap,https://news.google.com/read/CBMihAFBVV95cUxPN215Y3FwTUM0QWdMQTJtQW51N1hWbUZkM1ZCMGdHYzhGWjhQc0xvTlM0bnFxaE9CMDVNNDlPcG9hblNnYzhSVHV5V3FRRXJhY3JaelVEbmlyU0NzVmJVUlpZbjNxUDRnYUFJcm9TRkVSLXhkUHZsNVhrTTN4d0VOSWFfZG4,More,1 day ago,2026-08-20T18:00:58,FT Cyber,"https://encrypted-tbn2.gstatic.com/faviconV2?url=https://www.ft.com&client=NEWS_360&size=96&type=FAVICON&fallback_opts=TYPE,SIZE,URL",2026-08-22T00:55:26.063399
Hackers poison arrayref Rust crate to push infostealer malware,https://news.google.com/read/CBMirwFBVV95cUxNeGE5cVByT0kxMVF3Mzc5bXdud2t1S1FSNk01SVQzaVF3N29JbndZdVA4b0hEdE1vQVQwRWxsdk9saXhtemF6Q0FYaUhPcmI1LWFRRHBwVllacFVvSFExbUh0UDFQMEMyVnRfM0ZFZk5nN0VrRkY1X3J3Y1lxVHYxQVFUblVpZV82TzNhOVg1bllRSjdTMHppZnlMTlNUSGFienlRUHZ3NHY3UDdtQWw00gG0AUFVX3lxTE5UM29TbXp3cDhNOU9jU2Mzekd5NUhRZlFtbmJibkpPUTJ6S0h6d0YxUXY2RFdlUFhsVFhaLUNSelhfSXN4WEE5aDh3Y0xocXo2VUdwazI0YklFNHU2SkxCNUVmN01kendUU19DVnlYbERFSktRR1VnVEQ3MGIyYWZQX0hnc0h2R3RPeGYyMWNjYVJRV0FDQWNaY3FxemxrcmhBcjNzTFpZNmtHWV9aWXJnM3lXOQ,More,1 day ago,2026-08-20T17:53:52,Bleeping Computer,"https://encrypted-tbn0.gstatic.com/faviconV2?url=https://www.bleepingcomputer.com&client=NEWS_360&size=96&type=FAVICON&fallback_opts=TYPE,SIZE,URL",2026-08-22T00:55:26.063402
Introduction to “Fight Back: How States Can Counter Authoritarianism” Series,https://news.google.com/read/CBMiekFVX3lxTE5wSHM5MFkzbkhkdjBFVFNCa2Jpd3RHdmRJUC1XYW80QldHdHhEVW1icVZvNzhxb2twOGh0QVNFY2FBTTJjakpWTWY4dnFEZWF2dDYzUmhGR0hqbDEyRFlzMUNYQ01tQnZCSjNHdFBGZlRPMjYzUjhBaE1R,More,1 day ago,2026-08-20T17:46:39,Just Security,"https://encrypted-tbn1.gstatic.com/faviconV2?url=https://www.justsecurity.org&client=NEWS_360&size=96&type=FAVICON&fallback_opts=TYPE,SIZE,URL",2026-08-22T00:55:26.063403
Senators press TikTok over withholding of safety features for some users,https://news.google.com/read/CBMihAFBVV95cUxQRDdCQWdfVVdkOE5Wd0plM2RKeHpxMzZla05zQXdTczJSMzhURGRhYjZvaFdCaTd2SlFvVlNya2RRXzlRZjFVSkhtdUFFWk1KZ3ZXNFd0aXp6cXM4YjNOWkp4MUNESWllNHVySnZXQ2g5M0R0TWFXSDBRNl81VDhjbmdxUGM,More,1 day ago,2026-08-20T17:43:44,The Record,"https://encrypted-tbn0.gstatic.com/faviconV2?url=https://therecord.media&client=NEWS_360&size=96&type=FAVICON&fallback_opts=TYPE,SIZE,URL",2026-08-22T00:55:26.063405
N-able Bug Exposes Password Vault Master Keys,https://news.google.com/read/CBMikwFBVV95cUxPZy1TUWZKN3RnUkR5anJkNDBCbmNTZmFnX0lNSjJDNjd1eU5RQUQ2UUh3QkxLZE5GNE1jNndjZ05jSWMwUHNoV3oybnNqVmVJdWlDTDhkdFRObV9Yakw1NWhLUU5WamJrVFRUbG15U2lPaVRVcE9nRG9Nczk1ZHBFZDdOMXNjSjN0YU80a19UR0duZEU,More,1 day ago,2026-08-20T17:40:29,Dark Reading,"https://encrypted-tbn0.gstatic.com/faviconV2?url=https://www.darkreading.com&client=NEWS_360&size=96&type=FAVICON&fallback_opts=TYPE,SIZE,URL",2026-08-22T00:55:26.063407
US Bank investigates LockBit's claims as ransomware crims set pay-or-leak deadline,https://news.google.com/read/CBMi0wFBVV95cUxQd3RCRWtYX0tDM1FIdVZUdTdIc3ROX0RYVnczZGhPS050WlYwcWhPRWlpTWhkbHNCVnFVYTdNRUZTMVhrNTdyTkdGMmdXV09TQlJLS0lSVm9MUEtCVlFMTGViUEYtMUVJMzZUWE8zejd2YmhYUFE2RVBBRDdHUkF1WlFuVWRoaUQzUGhOR3ljQ1gwTnByX3E1N0RMenlrOU93RVVBeTg0ZkU3V3M1cV8xbVlDRXJISE44ejItU29EX2h6Y05FR2pvamU3Zlh6Q2hGXzlB,More,1 day ago,2026-08-20T17:30:39,The Register,"https://encrypted-tbn1.gstatic.com/faviconV2?url=https://www.theregister.com&client=NEWS_360&size=96&type=FAVICON&fallback_opts=TYPE,SIZE,URL",2026-08-22T00:55:26.063410
Women’s ice hockey is ready for the Olympic spotlight | The Athletic Hockey Show | Podcasts | The Athletic,https://news.google.com/read/CBMiigFBVV95cUxQS29XVU9hcHI2TWNfZUJVamJzSVJOVXFOMWFHci1qNzFod1FnYTFyQWdfZmd2VWNEdWVXbHVVMi12YXI1UUlzQi1ick1JTnYtRFd4MVVvOGhYZlZjaFlGSzVucFptRlk3aTdMMWhGNW1Pb0FvZG1uTDdZZnhDelBiM2ZWRmNVR3RZR2c,More,1 day ago,2026-08-20T16:54:51,NYT Cyber,"https://encrypted-tbn2.gstatic.com/faviconV2?url=https://www.nytimes.com&client=NEWS_360&size=96&type=FAVICON&fallback_opts=TYPE,SIZE,URL",2026-08-22T00:55:26.063411
Researcher tricks Apple’s Find My into sharing location data with Linux,https://news.google.com/read/CBMixAFBVV95cUxQd3R0ME9kQ2dqRnV2alBDX2NUaGV2UGswUWk4MmFoQmxiWUhNNTBhS0FZZFdWYWNUYm9oaTRpRDJqaUZubXRjVnp4N2tIR3ZNRjNpTVgtSk9WdnVlMGlyYlZTRnNfU3k5QlM4My1Dbm93YTZxZG5nRlFfeG9ZXzVlSm9ydzNTdVRzQlU4bU4tUWxnOGdJUUxVaVVTZWVqS29peFplZEUtR0M2NURBUXBLeF9ROGRERWJoTGMtdTJNRkRpbm1y,More,1 day ago,2026-08-20T16:10:54,The Register,"https://encrypted-tbn1.gstatic.com/faviconV2?url=https://www.theregister.com&client=NEWS_360&size=96&type=FAVICON&fallback_opts=TYPE,SIZE,URL",2026-08-22T00:55:26.063414
Scientists Build an AI 'Early-Warning System' That Could Spot the Next Pandemic Before It Strikes,https://news.google.com/read/CBMivAFBVV95cUxNZk5rYWFtaDYzbU9tVFhJZzdfRzFuX1hualBuOXRLX2NaTDVabDQtcnFxUk1PZEhhS2t2X3MxTERPSE5UQnd3SzZhcXpRMGFjczMxWEMwSFdJNlMybmlCVHk0QURIX2QyZEhpdjJpWUtvV0hfV0p2UkptRXF4cXFraGRaS2lHSjFiV1psMGw4UllnQ2JvVDVCaDBid1JkdFA3OE5uN09aT3VRUWJpcG5nQU5hanYwMXpYRENEdg,More,1 day ago,2026-08-20T16:09:13,IBT,"https://encrypted-tbn0.gstatic.com/faviconV2?url=https://www.ibtimes.com&client=NEWS_360&size=96&type=FAVICON&fallback_opts=TYPE,SIZE,URL",2026-08-22T00:55:26.063416
The Lawfare Podcast: Abigail Spanberger and Elissa Slotkin from CIA to Congress,https://news.google.com/read/CBMid0FVX3lxTE5XSDVKNDRma2d5bU9oWTVXVWNoLVJoUTlhZlVZNXlUcjI0QkVNamhuMHpwZDduS01NMWwzOUhTY2JrRE5jSjBXLVllaGc4eHBVYjBncDJSQlU4MDlPRVozTEJISl93VzUyYko3RGpILU9iV0g5SVBr,More,1 day ago,2026-08-20T16:06:18,Lawfare,"https://encrypted-tbn3.gstatic.com/faviconV2?url=https://www.lawfaremedia.org&client=NEWS_360&size=96&type=FAVICON&fallback_opts=TYPE,SIZE,URL",2026-08-22T00:55:26.063418
"Lawfare Live: The Trials of the Trump Administration, August 21",https://news.google.com/read/CBMiogFBVV95cUxOWm5Hc1kxeGdTSjh0ZXdmZXhQUzlvX0dnVEQya2Y0TGVETHc1NWFQYk96ZHdWeGtQSV8zTUUxQ3ZLNzExZ0lsTHBQdjl0ZHRKYjE3S1VUazNlQURCS3FheGJhc1hoYUJuWFY5N1dsSVZ6TDBBY2xfbzNJZG83S0hpamNtdGtzRWIwUDZXZEpLTFZleFh6X0R6RTliTEVWRW9zU0E,More,1 day ago,2026-08-20T16:06:18,Lawfare,"https://encrypted-tbn3.gstatic.com/faviconV2?url=https://www.lawfaremedia.org&client=NEWS_360&size=96&type=FAVICON&fallback_opts=TYPE,SIZE,URL",2026-08-22T00:55:26.063420
Posts by Tadashi Yamanaka,https://news.google.com/read/CBMiVkFVX3lxTE9NcURfVnlIMU5SeTUyR18tb2JHRUJFMHQ3UmU4NGw1LXBJamJtc2FpVGdPMXZleFhKczdaOEE5ZGNMbTR0T2IyVldXbUtPTFI0N1J3ZUdR,More,1 day ago,2026-08-20T16:05:53,Wiz,"https://encrypted-tbn2.gstatic.com/faviconV2?url=https://www.wiz.io&client=NEWS_360&size=96&type=FAVICON&fallback_opts=TYPE,SIZE,URL",2026-08-22T00:55:26.063422
"Fitch explains how water, healthcare organizations can keep strong credit ratings despite cyberattacks",https://news.google.com/read/CBMiugFBVV95cUxNWmoyOHNOSEMyM2hmVUNkazFrNUhzWGx5LUFDUEF1NVlTT1RWeGI1QldUamFtLWc2b3JncGl5Z0g3VXEtNWg3Wi14TlptaGpNc203RXZncHhpUS13VVFqYUtuTVVIQVNFRlVXdUdGNXhyUXRQMlFVRDVTdk1XRXFDMzJDQ1RwcG9KTGhXemhaY0NIRWtPUFVYWm9SVmJ2UU5Qc2lqSWZVSXVqN2VabDN2S3pGWDJFMlJRbnc,More,1 day ago,2026-08-20T16:01:42,Cybersecurity Dive,"https://encrypted-tbn2.gstatic.com/faviconV2?url=https://www.cybersecuritydive.com&client=NEWS_360&size=96&type=FAVICON&fallback_opts=TYPE,SIZE,URL",2026-08-22T00:55:26.063424
Rust Supply Chain Attack on arrayref: Significant Overlap with DPRK Campaigns,https://news.google.com/read/CBMiogFBVV95cUxPSWNuQUxfWFlFUDVPQWd0MmR2MFVQcnFlNmhnQ1p3QW9TcVhQV0h5amFySUtMTElaR2duRl8zeHJrV2xHRzkwU3NiVnNhbjJVOGRGcDVUdzFRdGM3SnVCS2tEdWtSR0xCM1ZWcFF3VjZyVHBDWjlDcVBUSWhHZkRLLUsyb2VxMHdwTlRjWExUcVBnOGhaWF9mNnR4UElpRGZnc1E,More,1 day ago,2026-08-20T15:56:39,Wiz,"https://encrypted-tbn2.gstatic.com/faviconV2?url=https://www.wiz.io&client=NEWS_360&size=96&type=FAVICON&fallback_opts=TYPE,SIZE,URL",2026-08-22T00:55:26.063426
Standard Life Teams Up With CVC-Led Group on U.K. Pension Risk Transfers,https://news.google.com/read/CBMiuwFBVV95cUxQTmVUcVAyMnM1QTNRUnF0a3FhQjR1N1BGZV9sQVdlTlJOdUxpSFlaeTdmeVc4Y3ptY0ZlNWNsa1hTTS1uMTVpUGh0NmFud2VvbEYtaThDbWFyLXRKUHRGZW9YTjVNb21pRGZ2UDRicDhOYlFkSFZYZm5nNGo4ZXA5Uy1uQ2NUdWxQOTI4U1RCMEFFNGdBWTNHLUJ5UEtRbW1mQlhYaXJ5Y2pCbUVLTzUxWGFMSUNEcEQtVHM0,More,1 day ago,2026-08-20T15:42:00,WSJ Cyber,"https://encrypted-tbn1.gstatic.com/faviconV2?url=https://www.wsj.com&client=NEWS_360&size=96&type=FAVICON&fallback_opts=TYPE,SIZE,URL",2026-08-22T00:55:26.063428
Retail theft bill spurs ‘very large and very dangerous’ surveillance fears,https://news.google.com/read/CBMickFVX3lxTE8tOG90aFVud2NOakpUdUhHOWZGb29OXzliZll3M0lrelJDRGg1OWlwYUg3X2hidDR5XzZjR0tVNXZOb2ZfUkNqbGtfZ3BtWlE0X2JEZkpINzdKZlRfWDJFWm95d0ZtTEsyYUlfSDFwdnBiUQ,More,1 day ago,2026-08-20T15:31:14,CyberScoop,"https://encrypted-tbn2.gstatic.com/faviconV2?url=https://cyberscoop.com&client=NEWS_360&size=96&type=FAVICON&fallback_opts=TYPE,SIZE,URL",2026-08-22T00:55:26.063430
Unsecured database exposes millions of facial biometrics,https://news.google.com/read/CBMijwFBVV95cUxObmJHZjMtSG52RU9XdGRXVGVvZkx2dnZhb0ZSWDZCRDM5bDhLQjQ0MGwwSnBZMjF5UzNRYkJRSDFoOVBJbk9QQzRnMjNXRURWMjMwVTNxYkhCZGV3OE1WRkRlZ0xZRG5QX2RjeVJ5d2tVaU9VUzJnQ3NyLUhWTlZGbWJQX3ZMQV81YURHM09RQQ,More,1 day ago,2026-08-20T15:19:00,SC World,"https://encrypted-tbn2.gstatic.com/faviconV2?url=https://www.scworld.com&client=NEWS_360&size=96&type=FAVICON&fallback_opts=TYPE,SIZE,URL",2026-08-22T00:55:26.063432
Cybercriminals perfect 'social engineering': 'Each hack feeds the chances of the next one succeeding,https://news.google.com/read/CBMipAFBVV95cUxOZ1Iyc2dxbUJxUEdBa1R4TENQYU5jN2dRLUJYRDQ1dXFfTHk0X2lXS2IzbHg5RVRFRWszZWs1bnNlRmx3YnQxQzltampKVWxpbV94ektCQ2lFR1ZnOGxOU2lsUGxnNkxkdTVadFQycU1JcWZIWGoyRnRTeXJFNmhjUGVHVUs5bXBPRmphVW5QdU1sSC1MOFVhUm42WTBNLS1iaHpkMQ,More,1 day ago,2026-08-20T15:14:37,France24 Cyber,"https://encrypted-tbn2.gstatic.com/faviconV2?url=https://www.france24.com&client=NEWS_360&size=96&type=FAVICON&fallback_opts=TYPE,SIZE,URL",2026-08-22T00:55:26.063434
"Anwar impressed by spirit, courage of young Sukma athletes",https://news.google.com/read/CBMif0FVX3lxTE96TWx2aU5oVXM0XzVPRGlFMUpCaDVnRmJ5WjNsal9oZ0NkNWpZdEE5RzZUWkJxRDEzWlhPYUoyVGlRUnRaVFNETHBkMmtwZGVOYjVBY0FRSVRlRzYydnVRaERjMmhLdU1LdWFuSWphdWc5YUtHeXhSc3Q0ckMtYkk,More,1 day ago,2026-08-20T15:14:00,New Straits Times,"https://encrypted-tbn2.gstatic.com/faviconV2?url=https://www.nst.com.my&client=NEWS_360&size=96&type=FAVICON&fallback_opts=TYPE,SIZE,URL",2026-08-22T00:55:26.063436
2x faster Elasticsearch vector search with one index setting,https://news.google.com/read/CBMilAFBVV95cUxQbV9hc1BWSVp6cU5jZnhvY04wMTRabUVZVGRITllua0Jua2wxMlZ0TUtuam4wOTNIdXBJX3ZIRWJOSDJ5RFpKd0VVUWVFbVIxVXFDUFB3dW0wSm1HWEVkTEZyLTNsYUI2SnY1eDdwdUY3MVhhYy11UzBDMXFRdDM2cHVDX1Q5MW9DNF9mMlZjcTJtSVRJ,More,1 day ago,2026-08-20T15:13:32,Elastic Security Labs,"https://encrypted-tbn2.gstatic.com/faviconV2?url=https://www.elastic.co&client=NEWS_360&size=96&type=FAVICON&fallback_opts=TYPE,SIZE,URL",2026-08-22T00:55:26.063438
Army establishes new task force to explore AI in cyber command,https://news.google.com/read/CBMilwFBVV95cUxQSHVVRGlVb2puQ0lybVV3SjNnenltZWgwS3Eyend5TDV4ZFNfbHdzR3VXWGpFZS1pWnUtalRvTDhXY1VyVmZhWTYzS3FpTVpIX1VUaFZhamRnMWVBMDBBVmVPUXRSVURxLUU4bHN0VzRvd1JaNkRzb3ZHV01wUG0wSUxMZkN6cTE2MktFREV2RUl2YlNlb19v,More,1 day ago,2026-08-20T15:07:00,SC World,"https://encrypted-tbn2.gstatic.com/faviconV2?url=https://www.scworld.com&client=NEWS_360&size=96&type=FAVICON&fallback_opts=TYPE,SIZE,URL",2026-08-22T00:55:26.063440
Hackers Target Zimbra Servers in Active Exploitation Campaign,https://news.google.com/read/CBMilgFBVV95cUxPUkw4ZnlUZlFfamxxdC14ZkZMc3Z1X1FVVDE1cEhUd2ZZcGgyNHBrRUFZaHBOYlNqT0ZHRG9GazR4TmVOY1lxMFVyX1pwYUttY2t6bmluVHpRcEQ0OEw2T0oyc19XWHVjTDM0aVB3V1dBYlhIalFmUnhnTFBpM05JbHFqTnRQc0FJUV8zdS1xNWd6M2p0eUHSAZsBQVVfeXFMTk1WX1F1cm1PNXVWYVdacm9od3BnNVNTZG5qeHBBVkc3aHFvTTdzSzZrNUJ6dlM3Sk5Bel8tX01PTTZ3SW5wSVRxQ1g0NVRHSHFDS3M0b0o5bWlNTTZUZWVLZ1NwS0VCcEZRd1NhckFHcnVJM0kta0lJTkk2WUtxWUpVbjNYZTQ2UGVXRjF2UndtcGt0SWd1bVpjS00,More,1 day ago,2026-08-20T14:50:49,SecurityWeek,"https://encrypted-tbn3.gstatic.com/faviconV2?url=https://www.securityweek.com&client=NEWS_360&size=96&type=FAVICON&fallback_opts=TYPE,SIZE,URL",2026-08-22T00:55:26.063442
"Operation CameraSwarm compromises over 14,500 Dahua devices",https://news.google.com/read/CBMikgFBVV95cUxQM2VYZHVKc1l1dXg1UF95RFNxdmc5QWJMSTFFZlNrR1AzSFl4aE1FMlpJSEM1QW8yMHJNUDd6eFE4ZTA1V1dzOVZXODlwQmlmb09lcHdwSG9uenZmS2VMaFpXdjJ4OHZrMmZNRUdUakhTSExhTk5FMW52blVBemEwOFVpOEpKcVpPb0RkXzZKMl9LZw,More,1 day ago,2026-08-20T14:46:00,SC World,"https://encrypted-tbn2.gstatic.com/faviconV2?url=https://www.scworld.com&client=NEWS_360&size=96&type=FAVICON&fallback_opts=TYPE,SIZE,URL",2026-08-22T00:55:26.063445
"‘Modern players are essentially the architects of the future technical labor pool’: IT leaders want gamers on their teams, and they’re more likely to hire job candidates who list experience on resumes",https://news.google.com/read/CBMiygJBVV95cUxPUnRWWTRsSWpOak9PZUNzMmdYd0FLZkMzOWlESkI2cDVjT2xZZzFVRVY0MVpfSjRwakd2a0ZTN2lOX0tzTkVhX2hCS2Z6Vmx1eXFjY0hRelVsN3dOZWRIZnhzai1DMlhsMGtvU2h2VDBKNUJmeW1LbzlKQmhmM1Y4SzdIdkdITUxDZHBJeDRQaGNySWpmN3N1V1g2eGJnM1hxUVBlN1NoOG5UajFPaHZOWVNuX1ZmWTNRaXUtNUNYMkt5VEpJMXNMQjE0b0lITnVSNllwNFVlRml5clN5M3pyU3dVbV80cFpyMmJaR0ljRlE4dWI4X1piSXY3UW1WV1lXRDFTMTBJYjRHRU42ZzU4bHNUYlZBcU8yUmg1SnJFOUpyc2x5Q1Y4djEwUHBkTFZPRDV3T0pfYnNraDJSSFlvMEdiTlJuTk5uUEE,More,1 day ago,2026-08-20T14:45:16,ITPro,"https://encrypted-tbn0.gstatic.com/faviconV2?url=https://www.itpro.com&client=NEWS_360&size=96&type=FAVICON&fallback_opts=TYPE,SIZE,URL",2026-08-22T00:55:26.063447
Pakistan's Transparent Tribe Refreshes Toolset for Afghan Cyberattacks,https://news.google.com/read/CBMiowFBVV95cUxPVXI4M19NWnNnY3RxUnRSY19Vai1yOEowVUhybWtIVzNjaFhjZ0xDOXF5YndoN2JjaTJERU1zcHhUYXpici1rRjZKUzdXWEtUc1VxVUZ4NzFIVDRNNENkTjZqVDVWTmlVVm1reVpQYUZrS0xkYU5tcHZIeWdUV1lHaFFsRTBmZXhEc1J1RkhZU3J2eFhGb0V3bm41VldTWlZBclRn,More,1 day ago,2026-08-20T14:30:12,Dark Reading,"https://encrypted-tbn0.gstatic.com/faviconV2?url=https://www.darkreading.com&client=NEWS_360&size=96&type=FAVICON&fallback_opts=TYPE,SIZE,URL",2026-08-22T00:55:26.063449
"Surveillance – Everything You Wanted to Know, But Were Afraid to Ask",https://news.google.com/read/CBMimwFBVV95cUxPNFhYWWZTOFVySFNsMjdYcHhMdElFZlhBOWlpYzZVc0ZldTJlb0E2UlU4RjVvVVN1ZHhqajBSR1ByeVRkWE9qNlFfa2U3bF9zQU1kV2xNSDlrRDZ3RW01YVdtamx0WVNHUnhvcWgwS1ZaREFISDRySk1wY04zYnZFNEFXSFJUelNZLVNtVTF2d2Q4S0JLRWp1RUo2VdIBoAFBVV95cUxOZ216TW9MM0NjNFhXOWM3MFZBUDE5VExmWDhZcnR5MW5nLTZndDNBYjdvSE1KV2E3X0RiZG5iUEpsWHRDcGRPTTZENlhYWVhKemtYOXROdVdLT0ZubUkzdkJoQkVENm9EeVZ0MlltejFVSHVKRkItUVJaaTlwOS1MY0w3M2FMV0pHbGViWVNfR255MWJ5QzF1UEY4bEtTaFZC,More,1 day ago,2026-08-20T14:30:00,SecurityWeek,"https://encrypted-tbn3.gstatic.com/faviconV2?url=https://www.securityweek.com&client=NEWS_360&size=96&type=FAVICON&fallback_opts=TYPE,SIZE,URL",2026-08-22T00:55:26.063452
Poland - Cybersecurity Laws and Regulations 2026,https://news.google.com/read/CBMif0FVX3lxTE1qRzgwS2tJSGdrV3FualhKcVZIWmN6cGF2QWNsOGJsVTRPY05RX1lCcHlKa25XQ1psMlZNTWE3TGVLQXgwODZ5U1F6alJNb2pvTllIam9oSkpNR1B1X2hkSUpOVEdZbktlcGFSTnFvbFY3Z2N0Ym83RGdMTWtqUTg,More,1 day ago,2026-08-20T14:11:09,ICLG,"https://encrypted-tbn3.gstatic.com/faviconV2?url=https://iclg.com&client=NEWS_360&size=96&type=FAVICON&fallback_opts=TYPE,SIZE,URL",2026-08-22T00:55:26.063454
Trusted Community Engagement and Contributions | Profile,https://news.google.com/read/CBMiigFBVV95cUxNb3pvZWNDV2ZHRloxNUxFU29wR2pDVmpkQ1RPQlFGNzlWY0dqeTJENHFnNlpDZnE2ZDVITVVrQnhKYjhpa3pQZThkSnFZbzlTUEROSy1ObXlWSlNwbFZsTXItZ0otSFZvNXQtYk5VY3hMcTU2R1RIb2RoRFdCOUlPV1NyQnhfWWVDYWc,More,1 day ago,2026-08-20T13:50:11,MSN Cyber,"https://encrypted-tbn2.gstatic.com/faviconV2?url=https://www.msn.com&client=NEWS_360&size=96&type=FAVICON&fallback_opts=TYPE,SIZE,URL",2026-08-22T00:55:26.063456
CW APAC – Trend Watch: Embodied AI,https://news.google.com/read/CBMijAFBVV95cUxNY3V1Qkw1TWRQajNZTEFoc3BwdVV4bFJfZzNQaGtrNzRub2QxYzBEVTQ5RVRMVi1IdXdKajZicW02YTBjeXRPTUpHWDMyTDJES2tVc2xfLU95UmVzV2hmUDZkc3R5clN3M0pEbWZXMWFLU2pxbDY1SkpIRzBRVVphY3RST1dhQ3NUWERIWA,More,1 day ago,2026-08-20T13:50:02,Computer Weekly,"https://encrypted-tbn3.gstatic.com/faviconV2?url=https://www.computerweekly.com&client=NEWS_360&size=96&type=FAVICON&fallback_opts=TYPE,SIZE,URL",2026-08-22T00:55:26.063459
Harness launches AI agents to find and fix software vulnerabilities,https://news.google.com/read/CBMingFBVV95cUxQejlfRW9mWmUwYUduQlhTX0hNa05LYWdmTmJSd2NJZzc3ZXJvcS1sd1JEZ1lHRDJVdy1zSGdSLWQ1b2tOTXFnMUZFbzM2Zm9hRmQ2MDcxMXoyRFRxZEtUcHNITVNUZkNJVWRtQ192UEE4REpQQlF4WVAyNC16bUdYak1TLURIcU45OG5sUElnWll2eWwxT0NRR04xNktndw,More,1 day ago,2026-08-20T13:40:00,SC World,"https://encrypted-tbn2.gstatic.com/faviconV2?url=https://www.scworld.com&client=NEWS_360&size=96&type=FAVICON&fallback_opts=TYPE,SIZE,URL",2026-08-22T00:55:26.063461
AI & Machine Learning - CrowdStrike,https://news.google.com/read/CBMid0FVX3lxTFBCWnNBaTYyM3BoSTZXa2NMNklrUnJHMnRCS2hiUWlDOEx1Y2U1TDJ2RnVmb3I0RUpVYVpveGF5ZS1jTmxKR09nYTVqMmZBUno5RzJ0MHQxdnZmdWdYdkQyRzhWYVZYNHBPeGhjSnFiTkFrWHFnSkow,More,1 day ago,2026-08-20T13:38:47,CrowdStrike,"https://encrypted-tbn2.gstatic.com/faviconV2?url=https://www.crowdstrike.com&client=NEWS_360&size=96&type=FAVICON&fallback_opts=TYPE,SIZE,URL",2026-08-22T00:55:26.063463
"Early 764 member sentenced to 77 years, longest prison term to date for a nihilistic violent extremist",https://news.google.com/read/CBMif0FVX3lxTE1wUy1lUjZacFdBWnpyMUVvUjlWeENSYm1SN1ZQUzhXS2F2UVI2ZURFN3BuOUg5Ny1QbjlBR1hDZFVVcnVWRGhDaG5wYW9yODVVTk9vX0ZPTmVvdlJKblFSM0VhcHNJeXNmNlZ0OXMzMVpqVWRlb21pVXQ3Z0ZvR2s,More,1 day ago,2026-08-20T13:36:13,CyberScoop,"https://encrypted-tbn2.gstatic.com/faviconV2?url=https://cyberscoop.com&client=NEWS_360&size=96&type=FAVICON&fallback_opts=TYPE,SIZE,URL",2026-08-22T00:55:26.063465
Critical NetScaler Flaw Can Bypass Authentication on Certain Gateway and AAA Servers,https://news.google.com/read/CBMifkFVX3lxTE96OGxJMXU5R0hULWFBUDkwNFV3cDVuMFkzQ2dWWVhXclh3VTltS0dtcmJHd051bkdrSS1FeXNZb0l1d1poblZHMDBsSmFfeGFRZVBPeVg5WmtrWmhkUEgzMjlwaklmTkprcTd3M0pyWmlvMlR5em5YVDVVb2dPZw,More,1 day ago,2026-08-20T13:35:00,The Hacker News,"https://encrypted-tbn3.gstatic.com/faviconV2?url=https://thehackernews.com&client=NEWS_360&size=96&type=FAVICON&fallback_opts=TYPE,SIZE,URL",2026-08-22T00:55:26.063467
Attackers Exploit Zimbra SNMP Flaw for Unauthenticated Remote Code Execution,https://news.google.com/read/CBMigwFBVV95cUxNRGdiYVN2d0pfa21mZ2czUTlhd2lUWVJtbTNRTGtUTkp6UTBmOUhPZTlQM1NhY1dpTDZxdTFudG9sUElud25oMEtES2FlYkVNVkhJTklwQ19RNV83eHpaWUtvbUNHU0VYVHVtWmZZd2MxY2o2V2JsekoydmF4SDNzMDVsQQ,More,1 day ago,2026-08-20T13:24:00,The Hacker News,"https://encrypted-tbn3.gstatic.com/faviconV2?url=https://thehackernews.com&client=NEWS_360&size=96&type=FAVICON&fallback_opts=TYPE,SIZE,URL",2026-08-22T00:55:26.063470
"Early Edition: August 20, 2026",https://news.google.com/read/CBMic0FVX3lxTFBmV3FWTm5GRG44TTh1V2FBaFA5dDBYb1dmUFZqVVBGbnc2c0Q4LV9sdFRxb1lIMlRkai1BS0ZWdHlZR1N2SUVZRUFaaUs4RUdlUnNBWVU5ZUp6UVFEbjVCaTZxMXJlSHhHSV91TEZEcVNLS0k,More,1 day ago,2026-08-20T13:05:38,Just Security,"https://encrypted-tbn1.gstatic.com/faviconV2?url=https://www.justsecurity.org&client=NEWS_360&size=96&type=FAVICON&fallback_opts=TYPE,SIZE,URL",2026-08-22T00:55:26.063472
AI data giant Alation confirms cyberattack,https://news.google.com/read/CBMigwFBVV95cUxPWUlyVTJja0pwaWZYRE4yaDktRjk0QkxXZzlVTlZra0ptOHdvXzRqZE1ZMDBhc1JmS3p2RlNZZEU1QlhRZHRHdlRpRjFqNmMtZVZNUXRaMHV4eS1ydjNFUVNFbV9wRkZOT21TVVAzQjR6ZXlFa1Z6aGNtWW0yQ2RqMzhJNA,More,1 day ago,2026-08-20T13:01:24,TechCrunch Security,"https://encrypted-tbn1.gstatic.com/faviconV2?url=https://techcrunch.com&client=NEWS_360&size=96&type=FAVICON&fallback_opts=TYPE,SIZE,URL",2026-08-22T00:55:26.063474
"The 50 Most Influential Books, According To Successful People - Forbes Vetted",https://news.google.com/read/CBMikAFBVV95cUxNQ09LU0duR3FzSXA0Y2toV1BfYUpXclhXV3ozZzg3ZHJiby1Mek1mX0RlVTNZYnlMeFBHT1FteVVQbXVWcmc4STB4SFN0T0x2NXJrR19SM1lCakpwLUZyUFk2cGs5X3ZkS0hvczQtYVR4ak9zMlpHVVJJU3A2R2ZLb0dLeFk4NEJsaUMwelhCU0o,More,1 day ago,2026-08-20T13:00:00,Forbes Cyber,"https://encrypted-tbn2.gstatic.com/faviconV2?url=https://www.forbes.com&client=NEWS_360&size=96&type=FAVICON&fallback_opts=TYPE,SIZE,URL",2026-08-22T00:55:26.063477
The Road to Dismantling the ICC Runs Through Tokyo,https://news.google.com/read/CBMifEFVX3lxTE8xXzRidFdpTkFUdlpLV0xhSVJ0UjB0NGE4NENtazFjai1veWlDTEgxWGFTVkpNd1lJOENJOGY4UmstQkZzbXp0Uk9uTDY5NXk0Q0xUbWpkS2dkNU1QaWU0ZEdGYjEyQngzMzJ3WU1GOFZvYmZDM09QejVBSUE,More,1 day ago,2026-08-20T12:50:35,Just Security,"https://encrypted-tbn1.gstatic.com/faviconV2?url=https://www.justsecurity.org&client=NEWS_360&size=96&type=FAVICON&fallback_opts=TYPE,SIZE,URL",2026-08-22T00:55:26.063480
US says hackers are targeting vulnerable water systems with the help of AI,https://news.google.com/read/CBMirgFBVV95cUxPOVQ4b3FTSUpDd1Y2RUxNRkxKN0hMcEt5cFljeVBXQ1MxckRSU1FQa0NfMkQ5NFM3MHc0bExIVFVyaHZ5b0lNRjJXUnNUUXZHNTRfVWdNTG1KdmR0RnVmbUFCUW14emxUSV9SR29pbk5NY1pGei1kZGtRS0RHNWxQMl95aDRYUlZaeXhSQ090SDFadFMxYUJMNENpQ21HbWdweXJITXhXMDVhcWVZOXc,More,1 day ago,2026-08-20T12:43:19,TechCrunch Security,"https://encrypted-tbn1.gstatic.com/faviconV2?url=https://techcrunch.com&client=NEWS_360&size=96&type=FAVICON&fallback_opts=TYPE,SIZE,URL",2026-08-22T00:55:26.063482
Russia’s Phantom Pains of the Soviet Empire as a Source of Systemic Threats to the West,https://news.google.com/read/CBMikgFBVV95cUxQMTNnOGZCT2plalFDa2FKM0VhUFp3X0JSWGc3QUM2aFgyTGZST0phSk5KSm9ZUzFhal9tUW53RUJ6MWhvaTNpR1lPc1JUNi1RZjgwQnZROXk0TG1tMUpnZVR2ZXRwWC1YSDdQMHFzTVhhc05IX3NUeUFMZUUxOWNBbVZyU1ZQOHVpUExfczk0SDVCQQ,More,1 day ago,2026-08-20T12:22:38,Real Clear Defense,"https://encrypted-tbn2.gstatic.com/faviconV2?url=https://www.realcleardefense.com&client=NEWS_360&size=96&type=FAVICON&fallback_opts=TYPE,SIZE,URL",2026-08-22T00:55:26.063484
CrowdStrike Named Strongest Overall Leader in 2026 Frost Radar™: Cloud Workload Protection Platforms,https://news.google.com/read/CBMipwFBVV95cUxPMGo5YlhkZ1g3djViejFlRWJlYVJaTUcxUlVNcVdsN0owbWxXUl9WamI3X2t4VlQ4TmJFVkFkb2RBd0t2OGhQMmZjUHBjNlRHczEzTHQzWVFLb2tTdXR4Mk9lQkJJckJSTHYxbHNjZ1J5dWJzaFYtbkctNldSdVlySk9ocVB3MG5zeWViS3BzdmotT204Zl9vVmpiY0ZocEw2Uk9FRkZjVQ,More,1 day ago,2026-08-20T12:14:51,CrowdStrike,"https://encrypted-tbn2.gstatic.com/faviconV2?url=https://www.crowdstrike.com&client=NEWS_360&size=96&type=FAVICON&fallback_opts=TYPE,SIZE,URL",2026-08-22T00:55:26.063486
Citrix urges admins to patch new NetScaler flaws as soon as possible,https://news.google.com/read/CBMitwFBVV95cUxNVE9Bem5WOF9PTWhWcmsycFN1SXI1WkhTVTFjT2pyUnpGUEFDd0szWERKcVBCekNCcXBKX3ptVkF5Wks3RjNUS0VqWDZha0F5YVdMVm0wQWI2LWlHUXR0WlJxQklGeVZLaWNKUWljX2JKNDRhX0Njc2ZJZWR1SmkyWHNxNktiZVpvSzlVRE9pV3Bqa2hSUUlFYl9CS3o4Q0wxNzJYZ2xiQ2E4MUlTZ0lCUDRfTzRxblnSAbwBQVVfeXFMT0FOc0RWUHJUbDZ0WkcyMmhyOXZwc0UwQjZubVdlNWNKYnRpUjI0V2dsYjIwYklnSDFmU29nTHNJM2pOZFY3elV2ZzBYcmprdDVoR1M0WlNzZW9xUkpocDc4ZjdLYVVWRDhSNDdWOVoyQklDX05tOXpwQWlFNW5QZnYwTlhUVi1uaEh2cnBveGdaaGlpdzRjTWI5dUd2MTQ4X1R4eDJsWlFDcVJaWFdZR1BZN1ZPY1pDSS0zT1I,More,1 day ago,2026-08-20T12:14:38,Bleeping Computer,"https://encrypted-tbn0.gstatic.com/faviconV2?url=https://www.bleepingcomputer.com&client=NEWS_360&size=96&type=FAVICON&fallback_opts=TYPE,SIZE,URL",2026-08-22T00:55:26.063489
Turn datacentre impact uncertainty into datacentre clarity,https://news.google.com/read/CBMingFBVV95cUxPLTdWdll3X241Nm5uUnltUWk2MTNLdG5uWVBiN3VXUkhBbUlJcDROZmw4MGw2YjBfVS1UZGxTdng2Z2ZtYm9CR3NYTUdkd0ZUbkJHVW56ZVFLU3pFZkthM1ozdjQtQTkxSXNzS2dQbm9IYjFMX1VXUV9YY2lBVkZOVkpwcW81QjdRbFFXVWJBYjlVSDNJZy14cW1QQzllZw,More,1 day ago,2026-08-20T12:12:27,Computer Weekly,"https://encrypted-tbn3.gstatic.com/faviconV2?url=https://www.computerweekly.com&client=NEWS_360&size=96&type=FAVICON&fallback_opts=TYPE,SIZE,URL",2026-08-22T00:55:26.063491
Alibaba Posts Weaker Earnings Amid Heavy AI Investments,https://news.google.com/read/CBMipAFBVV95cUxQd0dFa3prVThRdl9wNzc2LUR3eExka1JndWdxTG81NXhSQlZ5U3QwVXdENEFHTGRpNldOdDBEN2VfQkc2eFVYRlJHeENldzRmaHlWQmxUbHdJODJVNHBBMTdnS0xmbXhSdnRnb0ZzUDNmOWwzYWNrNmZjUHpRb2tnd25feVZsbFdhZS1mNWRCNzZhWGREQ19QV2NOUzZjdWtqWVZRSg,More,1 day ago,2026-08-20T12:05:00,WSJ Cyber,"https://encrypted-tbn1.gstatic.com/faviconV2?url=https://www.wsj.com&client=NEWS_360&size=96&type=FAVICON&fallback_opts=TYPE,SIZE,URL",2026-08-22T00:55:26.063493
A History of LGBT Officers & the Central Intelligence Agency,https://news.google.com/read/CBMingFBVV95cUxQRjR5ZjFWdXZiNE5BT2lIeWxWNlBpMlh4ODZpZmpqNFZyNzJPTXFHQWF0LTlZbFhselcwbWYxMmtHc1NMQXpNcHpuVUNPdzg1eDM1aEZwWU0takFYc0llUk8talVTX3hEV1h5Nm1EcloxekhDODNmSlNyR1FKME1aWE51NEJYV09KQjl4aDI4U0ZlT0FVVmtLNWx5eUllUQ,More,1 day ago,2026-08-20T12:02:32,Lawfare,"https://encrypted-tbn3.gstatic.com/faviconV2?url=https://www.lawfaremedia.org&client=NEWS_360&size=96&type=FAVICON&fallback_opts=TYPE,SIZE,URL",2026-08-22T00:55:26.063495
The Cabinet of Ministers exempted some industrial consumers from electricity supply restrictions — who does this apply to,https://news.google.com/read/CBMi2gFBVV95cUxNUEJPTUJVckRydjRRRFVkWWgyaFhSSGdjYmJZUHhLcWszN21NTG5GT3pqeXFoY05pdHFWY0QtV1lBM3lfT09lM2lLM2ttOXpIVUNVT0tFbnVFMU1SZkZUVmFkZG9MQXlrWlloNzNHQUJEcGhZWHY2Vk5BUHpURm9xUUJVWmlBS1VlVDZ0S3BSOVMyVmZYWEdHZ2xLN202YXFmMmt3TmJWSEFUVUozd1o1Vm5NS0JWQy0wa0FfclNkajQ5a1lHdEROdGZReFFJR3RPeU5uRTRDLWNGZ9IB2AFBVV95cUxOVFRMa1Ixa0pSNTExMDBlS2ZVX0V3SFZpZ3h2MER2TFFMVk1TUloxY01aaHY2eUl2RlJvSHJmdVlyYTRId1FETXpnLXFMcmg5VEZSY1kzQnk2cjV1eU9ybEJKWTg0d2pUM0N4Y1N3NVJyYXkyMXNzRi1CdTFsV1pCTG5NZ3B4aW5nYmRpNnZXUm1ENU1nMGFLRC1OeElEbUtWdmJPNTY0SkdwRWViSEdJR2ZmZDZvVUhuZDBuU05qNWtSd00xU25IOUYzNkpaZ1ljbnM3emM1X08,More,1 day ago,2026-08-20T11:55:14,UNN,"https://encrypted-tbn3.gstatic.com/faviconV2?url=https://unn.ua&client=NEWS_360&size=96&type=FAVICON&fallback_opts=TYPE,SIZE,URL",2026-08-22T00:55:26.063498
"Why ""Shady AI"" is Security's Next Big Governance Problem",https://news.google.com/read/CBMifkFVX3lxTE9La0ZTRUVqUFh5OHlpcHlhbGR4cEZiUDdLWDRBOUN3Ry0xeERlT0c5cjl6djlDZkhFYmYxWnhZa1JTQlpYVjZGMnk1dUxGTHRaWnNvVlZTVGh0a3B4blFfQ1BoZE1mSHZKUnlTOFFjZDRuam1lZUc5VThJMTZSZw,More,1 day ago,2026-08-20T11:45:00,The Hacker News,"https://encrypted-tbn3.gstatic.com/faviconV2?url=https://thehackernews.com&client=NEWS_360&size=96&type=FAVICON&fallback_opts=TYPE,SIZE,URL",2026-08-22T00:55:26.063500
CDN Tsunami Attack Abuses HTTP/3 Translation for Up to 350x DoS Amplification,https://news.google.com/read/CBMiekFVX3lxTE5ZbTNLeDhDT1pJd2oyYy1Gdk1mc01aNjFkWmtvSVAzWHVpWXRvTS1YM1VQNkhhQ3RYYW1nNHJ5QkpKSm5FY2pnT09jbVhUVXJLYkZCdnFIS0hUN2NqZXRpMlB2bnBaN1cwN3d6RTFPbWFzWTJhNkQ5OXN3,More,1 day ago,2026-08-20T11:39:00,The Hacker News,"https://encrypted-tbn3.gstatic.com/faviconV2?url=https://thehackernews.com&client=NEWS_360&size=96&type=FAVICON&fallback_opts=TYPE,SIZE,URL",2026-08-22T00:55:26.063502
"WithSecure Oyj (WITH) Stock, Price, News, Quotes, Forecast and Insights",https://news.google.com/read/CBMid0FVX3lxTE5ySFZ0MGdZcHRPNm1UY2JRWGlUbTRmcGNzN1FfWU1VX0lrQWlBcmtHTzcwQTdPbGdhRXZ2VUZIZGthWGVERXdQUlpTNU5SaHNYUnJWaG8wTHRwMFR4bzk1TmhUN2RhVF9jbDZYNXFDZFNfLTkyWks0,More,1 day ago,2026-08-20T11:38:34,MSN Cyber,"https://encrypted-tbn2.gstatic.com/faviconV2?url=https://www.msn.com&client=NEWS_360&size=96&type=FAVICON&fallback_opts=TYPE,SIZE,URL",2026-08-22T00:55:26.063504
OpenAI Pauses Training Over Concerns About Safety,https://news.google.com/read/CBMinAFBVV95cUxOOWZDRThXZE00MW1tMkN2SHRkbmFqRFZ6WDFfODV4OGhMMURQYjg1NTVzeHRtZ0gweXZJbTcwcjdHWldIUlR6aW1KalcxdzdiRjVma3hLZDBZdzJjN3B2eHptU21uNkNnRU9QbGlxUWVPYTlrQ3NqUFAyVFl2MGE3YmZ2Szg2Y2doZWs3LWV2MnVCOE9RM25WQngyeWQ,More,1 day ago,2026-08-20T11:32:00,WSJ Cyber,"https://encrypted-tbn1.gstatic.com/faviconV2?url=https://www.wsj.com&client=NEWS_360&size=96&type=FAVICON&fallback_opts=TYPE,SIZE,URL",2026-08-22T00:55:26.063506
Russia May Have Lost Two Key Kalibr Missile Carriers in Novorossiysk Strike,https://news.google.com/read/CBMivwFBVV95cUxQV3JaclVCdzA1TnhLdlRzMWFTUUR1MTl3aWI5aUlkanB0UndEdmExclNFQ21JRWlYRndwaHBhb2xvb01kVGd3dlVwcmhJWXd6TU4wWklKRVNDc1ZNMWhCVEQ3ZGtFbTJMWWVsWWt0SWh0dnNRNG5CNlR0RjJPY3R5bElyQ2VvUkgxQTJQOWRubVN5S3dSOFQtbF9kZF9IZ2I3U09Hd2V0MnZBUnN3bEc4SmVxMmoxZjI0OTl4ZVNFNA,More,1 day ago,2026-08-20T11:15:58,United 24,"https://encrypted-tbn0.gstatic.com/faviconV2?url=https://united24media.com&client=NEWS_360&size=96&type=FAVICON&fallback_opts=TYPE,SIZE,URL",2026-08-22T00:55:26.063509
The page you're looking was not found.But you can see our latest described Vulnerabilities and Threat.,https://news.google.com/read/CBMiZ0FVX3lxTE9TZ1RfUnpXcWVTd3hDN3ZldWgwVEhHZEttSDQ5Vy1PbER5V0pkYlhvRDBxOUVKUl9VSVM4WVJIdVByZ0NNb1RnVi1YbV9QSXp4ZjlsaUJ2SFAxTVAxZmx6Tk1WV2NhX0k,More,1 day ago,2026-08-20T10:54:10,Kaspersky,"https://encrypted-tbn3.gstatic.com/faviconV2?url=https://threats.kaspersky.com&client=NEWS_360&size=96&type=FAVICON&fallback_opts=TYPE,SIZE,URL",2026-08-22T00:55:26.063511
Police Are Hiding Their Use of Flock Surveillance Cameras,https://news.google.com/read/CBMirgFBVV95cUxNNDVGbzdVblN1M3NkMmJUNUlTS1JOQVk1WmpicmQ0YkpiamJ1bUlpVHZpQzRCS3o3TVA1dmxNenV3cG92RE1XYUdYUjVrMkVnT0xWTHRRa1BiY2U5ZUNmaFJpNkRvSGVHeGtoUWtjU1dlS1dMb1BmTnJUX2FTWURvR3ptR2dlbFNLak5WMkxudTFoS3V4el9EQXJ5R3F3QURvbU1Nd0VQZGh4Zlozd3c,More,1 day ago,2026-08-20T10:48:00,Schneier on Security,"https://encrypted-tbn2.gstatic.com/faviconV2?url=https://www.schneier.com&client=NEWS_360&size=96&type=FAVICON&fallback_opts=TYPE,SIZE,URL",2026-08-22T00:55:26.063513
"Zelenskyy dismissed the head of the Obolonskyi District State Administration, Fesyk — he was appointed deputy minister",https://news.google.com/read/CBMi1AFBVV95cUxOUDE1amlxSmhkaWEyZEdNbFE0UWI0dkNxVG9wNWNQaWJ6eXpjV3huUVZFNldTRmhQalotN3BJZ3N6aS1qZzFId2RPOVktZ3hqOFJQdTlEMXRfcDJCeG9DWnF4YmZWc2ZPRk5sZ1VpMEotdjVJU1BzQ3p1V0xjNldHcTQzN1psaUw2ZUJHcHJxRUR4c2hicTVHaG1PTlBZM0dlRzZSN2FLYUZJek9fY3l5UGt0S2tjVVUtVVl3VGpObDBBTEJ0aDNTUURHRS04bWlEWXlJddIB0wFBVV95cUxOSmE4bTU5ajNMQV9obW5mcnliT0dLS2xhTnBjVnF2MGppSUhrRm1vS1g3VGNUdmI1RVBUZTJ2ZDdJRS1qRlc2Y0ZDRWpDZ29qeU9FSnNnSG55YnNVa2VWdFVpdzhOYjlPVFRmbE5UUkdINVV1YktuQ2RhYTZ6bjRncndkd2lvcnVVVnU3ZjVaRGpHVmc5TTY3ZURWRW1FZWJtdG9obWRfZmNZNUZHU1BhWmdZNzRaek1WaUVwUFJwNzVpdmtmQWI0OGQzeXR1TmhPRGRF,More,1 day ago,2026-08-20T10:42:26,UNN,"https://encrypted-tbn3.gstatic.com/faviconV2?url=https://unn.ua&client=NEWS_360&size=96&type=FAVICON&fallback_opts=TYPE,SIZE,URL",2026-08-22T00:55:26.063515
'An evolution in threat actor capabilities': CISA warns hackers are targeting Siemens industrial controllers – and they're using AI generated code,https://news.google.com/read/CBMigAJBVV95cUxNVU81MnV5dDVndGVuSkhJaHJ5OU1DcUZPOWpQVXB2bGVKRGoybUJOWUthUzJ1RkZfQzB2X29KeDRtcnQ1SnUweldReWo5bmlRUFNkeDdvTjRFZmNFMVM1RUhnTk1WS0lPVFlzNlota2JHMElqNC1SekNBNDBjMmM5d21HY01wSVNHc3UyMTFoVDVjeV9ZX1pBMkhVTTZpYmJ4ZS0yX1lWanBNVWRlTUhLNFplWUd5TGhWNnhXMzNGY3BrZzRtMDRoSHYxcUpZdGtEWmFIcXRUa0NZY2hFa2E0MDdJdkpRVUVqZzVrMFFjSmZETnhoRmZNS1Z0bVlxZlV2,More,1 day ago,2026-08-20T10:39:21,ITPro,"https://encrypted-tbn0.gstatic.com/faviconV2?url=https://www.itpro.com&client=NEWS_360&size=96&type=FAVICON&fallback_opts=TYPE,SIZE,URL",2026-08-22T00:55:26.063517
Russian Cruise Missile Was Racing Toward Kyiv—A Ukrainian Machine Gunner Brought It Down,https://news.google.com/read/CBMi0AFBVV95cUxNd2pTMl9YeWtGckRIdzRKRk9xT1RyRXoyemppVEJCajFrNU8wTF9wazRicGwzUHhfLXZGYU8zRG94Q3lnbXBqd0ZOQ3RxUDhPbDZaSFRFMHFxNk5jMUYxeVdpUTFJVWQxbG5uclcxcGg4bk5vYVhKekU0VFhjMDU0U3ZTLXpiVzAwc3lQVXNvS1lodWtYSm10UEpfc3JVeVdPV0xpQlh6ajVxcDBFR2RDaUZETTlsV1BOZGdTSDA0cXZxZ2N3c0hPUnI5V2VsY2xM,More,1 day ago,2026-08-20T10:35:06,United 24,"https://encrypted-tbn0.gstatic.com/faviconV2?url=https://united24media.com&client=NEWS_360&size=96&type=FAVICON&fallback_opts=TYPE,SIZE,URL",2026-08-22T00:55:26.063519
Italy's $10 Billion Angelini Family Bets $4.1 Billion In U.S. Biotech,https://news.google.com/read/CBMiqAFBVV95cUxPQmR4VVRZNFQ1Y09aV0loLXg0RFl1Vk9NQVZrUXliSUtZSm44RVF4U2p3dndBM0pZNG9aMVVWLXJaMENtZFZTUERrUGZiTU5xdWRxbzU4dEtZN2xQU0k1RG04SW1Sb3BOUjdGTnFSSU9pd2tzV1lGSG1wR1E2cW1FT1FBc0puWGZFX3JrSVhoNE1yY0NpQXdXZE9kdHVjYVVzZ0hqNV9NT1c,More,1 day ago,2026-08-20T10:30:00,Forbes Cyber,"https://encrypted-tbn2.gstatic.com/faviconV2?url=https://www.forbes.com&client=NEWS_360&size=96&type=FAVICON&fallback_opts=TYPE,SIZE,URL",2026-08-22T00:55:26.063522
Number of girls choosing GCSE computing drops for second year in a row,https://news.google.com/read/CBMitwFBVV95cUxQUjhjUWo3ZkZ4UDAwbVJoZU8zVVZwOF9lQlVkYXFTbmp1dDU1Z1hFdUtoUzVkNER5MHBoU1FULTBiRU9pUmxWd0V0YTZ2THUxVEIxN1g0ZXZRcnkzb2d0TFA0WHQ4alFPUGNUQWczTFlwRmJYTkM5SVNnYm9nRTJlbXRCX0NWYlZaVHl3VUJiS1QxOXpDMlc1clY3ZV82aFc5ZWNQVXFRWXlEbERJOHpuVkE5R0xfam8,More,1 day ago,2026-08-20T10:28:31,Computer Weekly,"https://encrypted-tbn3.gstatic.com/faviconV2?url=https://www.computerweekly.com&client=NEWS_360&size=96&type=FAVICON&fallback_opts=TYPE,SIZE,URL",2026-08-22T00:55:26.063524
Ukrainian Drones Strike Russian Oil Terminal and Power Substation Supplying Temporarily Occupied Crimea,https://news.google.com/read/CBMixgFBVV95cUxQa1pIcjdURFcyRjc0a2djakRDTE1oOGVZOVNjc0hGcjE2VlloX1d2ajFoTEdUSHAwVXViLUhYY0hmYjJwLXdpNEtnc3czYnJXV1ZOd2ZlSXpaWnktMnZiWXBnUlo4SnMxcFRacGgwNjM1ZmhhWXdjcXVpS1haVm9SOFlKX1A4TUFFRnA0U2cwZnRHdFJNdURoNWhocU5RYTBnVU5keFdSNzZRb05YUE80VnRxSFFZMW5USlQtQTRtMmFmQlZPWFE,More,1 day ago,2026-08-20T10:25:36,United 24,"https://encrypted-tbn0.gstatic.com/faviconV2?url=https://united24media.com&client=NEWS_360&size=96&type=FAVICON&fallback_opts=TYPE,SIZE,URL",2026-08-22T00:55:26.063526
This company wants you to break out of its security sandbox – and there’s $1 million up for grabs,https://news.google.com/read/CBMixgFBVV95cUxQMHdBbEVQMms5Mkp6Rmg5S3dHS01ieUszTnp4d245LXRhaURaWXBaMUw2Z2s2NUhmZ1dUV1pnVnVsNXJqT05uODdUdVBDQjM1dXh0VXNvT0ltbHYyTzlkZkMwVGhpYVd0SjdwUUFQSjBnU3EzLTluYnd4NExjWGtlYVk5cEVqVXdtWmc1dXNmWnhMZE1wY1ZxZmV6LTR4TVF4NUVIRElqV0dqb0h5WTlZN0VtZzlCRHJlb0RyNjFPVzAtQWpadEE,More,1 day ago,2026-08-20T10:19:34,ITPro,"https://encrypted-tbn0.gstatic.com/faviconV2?url=https://www.itpro.com&client=NEWS_360&size=96&type=FAVICON&fallback_opts=TYPE,SIZE,URL",2026-08-22T00:55:26.063528
Connecting the Dots: Securing the Overlooked Corners of the Software Development Lifecycle (SDLC) Supply Chain,https://news.google.com/read/CBMifkFVX3lxTFA0QlQxRXFwemNmTHJ1RElQMFpvNXNEMHpkRmJEdS1fS0phR181dzkzeXgxZ0syaTJsSzNzUm0wNVVFa3hYUGdVRmlxdk1CSl83Qk94c1hOT2NEc05XWkFsaHJLRUEyZ091a0R2Vkg5b0NGRFFBb2lmLWFWYk8tQQ,More,1 day ago,2026-08-20T10:12:06,Unit 42,"https://encrypted-tbn1.gstatic.com/faviconV2?url=https://unit42.paloaltonetworks.com&client=NEWS_360&size=96&type=FAVICON&fallback_opts=TYPE,SIZE,URL",2026-08-22T00:55:26.063530
"Data belonging to 3.75 million patients was exposed in the CareCloud breach – not the 350,000 originally reported",https://news.google.com/read/CBMi7AFBVV95cUxOTEdRZzVnQUp0WUFDQldwWkltUzdueXpEV0hnY0lNVndWRE1wVWZPVWY2YzJ5WklrTHBkWE5hanJJb0hnLUhTOGpOTmFsVE9aajNtNzhWbVNQLXNUQk1NVXU2T215LW5CQ0NQQjlnRU1XdjItelhjOXBGcFYwbWtUbWNMSDVjaUo4Y1hmV3N6NDh5Q204MnJDUENZd3hVMkVqSmRSRmNWYVBnNGF3ZzI5YnJ1WDFQeXlOcnZKNk1yYnAxR3UzSUV1WTFtMDVBY25RQjJlWWZMMXczNFpEMTU4ajZxSFBiZGxZWFc3Yg,More,1 day ago,2026-08-20T10:10:31,ITPro,"https://encrypted-tbn0.gstatic.com/faviconV2?url=https://www.itpro.com&client=NEWS_360&size=96&type=FAVICON&fallback_opts=TYPE,SIZE,URL",2026-08-22T00:55:26.063532
Harold Hamm launches multibillion-dollar plan to drill Argentine shale,https://news.google.com/read/CBMihAFBVV95cUxQU3M3blVUenNmcURyRHhiaC1rN3M0a0c2TER1NzN0MkhqTENXX3F6Nmx3ZG1LeDd5dEFDX3hXeGhEcnRydlZpbDhkMU5ndzhwbVl1eWJKUHdEd3daUmhHVlRkb0tLeHViTXlqbjNfTWlqWG50MlYySVZURmwzVDBYcF9aSU0,More,1 day ago,2026-08-20T10:00:13,FT Cyber,"https://encrypted-tbn2.gstatic.com/faviconV2?url=https://www.ft.com&client=NEWS_360&size=96&type=FAVICON&fallback_opts=TYPE,SIZE,URL",2026-08-22T00:55:26.063534
How Teen ‘After-Prom’ Kings in LA Monetized the High School Rager,https://news.google.com/read/CBMijwFBVV95cUxNUUc3S0lyYjZIOS1aNzJpTlpTc0dncnNsRjNrVGdvcFpLaDltbWZxUmcwcUN6NmZzN1RIVXBQLVRHQkxaU20tdXdjLVEtUklfMmZJV0lndU1uUWNhaVNKUFJZZzljdzZTR24wSHNzUkJDeUVPbG1nbktNYS0zc0tvN0JFRXBQUnM0WmI3QWF1OA,More,1 day ago,2026-08-20T10:00:00,Wired Cyber,"https://encrypted-tbn2.gstatic.com/faviconV2?url=https://www.wired.com&client=NEWS_360&size=96&type=FAVICON&fallback_opts=TYPE,SIZE,URL",2026-08-22T00:55:26.063536
Critical Zimbra RCE flaw now actively exploited in attacks,https://news.google.com/read/CBMiqgFBVV95cUxNLUlsR25UUlVSZ29OS0pQUGhSOFZLa0NUdTF2bFZlaWhBd3d6ZXdDTnpjdlBTRlFrNGdCLTBNcnNLRkswVUxVSTV6OXBjc0dGTHVYR09mcXJXY2FJWU41WjJESVBSbW1wWHZrSF9Xb3RBX0MzYm5wRUtpdlNDVTVHUnRiX3N2cWZuSEJjWHdxRW1TX2tZUFhmN19DRXRhd21rSEZYTVlGVVBtd9IBrwFBVV95cUxQdE93WnFHQ0dVQTdDbkZCWW84Rjk3ZE5ld1VzamhDRlB6dVY2OVhBUWYzX1U5OGtOcy1xdnBxZGlnZHNucV96Q3VOSEVrR3dkclhjUnJEOFFheVQ4LXhudEdjWG5lMnRVVUdLTlB4VjFuVEhVRzNfUlBvT0xRR1QwVTVzcDVtTi0tQV9ySEs2aUdXRGY4bWU1dncxZ0dHWDQ3X1F6cUJZUVlxZElLT0NN,More,1 day ago,2026-08-20T09:46:54,Bleeping Computer,"https://encrypted-tbn0.gstatic.com/faviconV2?url=https://www.bleepingcomputer.com&client=NEWS_360&size=96&type=FAVICON&fallback_opts=TYPE,SIZE,URL",2026-08-22T00:55:26.063538
PoliceAI outlines plans to test and assure AI for policing,https://news.google.com/read/CBMipwFBVV95cUxNOFZTVjl2ZnVnNkp0SGZBNHFhMnpLRTlCTGY5TGtlS0lEZ1pTMHlkQjVsMkxIVjhnZGszMXZzaTQzSURqYXduZGt1Y0FkWnNsRnVaYlV4cDBMX29mNzZrQ2tZemZ4ZmNuMHdjRjRsM3Z3YWw0aTd2bldWWUtNRWhnSlBiN0szaG43aS1ndGdoRkwzUFR0NHBEby13eVBrRG9aME42c3RHYw,More,1 day ago,2026-08-20T09:44:40,Computer Weekly,"https://encrypted-tbn3.gstatic.com/faviconV2?url=https://www.computerweekly.com&client=NEWS_360&size=96&type=FAVICON&fallback_opts=TYPE,SIZE,URL",2026-08-22T00:55:26.063540
Hyperscalers’ Off-Grid Power Push Comes With Risks,https://news.google.com/read/CBMinwFBVV95cUxOZFd6aTNXZUUxUmNyLWt1dXREc01HeFF4dUVyX2ZmMVNHaXNKZnBldTdpWkZ5dHZaVDV6S0JzdVp2X1E1OVlRdkNYUTVtek5MU1FJTlV6NXBVZXptVERsbEZSYUdxOG5ZNU15VVdQMkNrb0E5Mjc1VFJJTDhBT0loeEZveGFGejNUQVJybk8wTHFvTk1ZQzdWd0Nmck52RmM,More,1 day ago,2026-08-20T09:30:00,WSJ Cyber,"https://encrypted-tbn1.gstatic.com/faviconV2?url=https://www.wsj.com&client=NEWS_360&size=96&type=FAVICON&fallback_opts=TYPE,SIZE,URL",2026-08-22T00:55:26.063542
"BAE Systems PLC (BSP) Stock, Price, News, Quotes, Forecast and Insights",https://news.google.com/read/CBMikgFBVV95cUxQZGNucEMwX1FMVEk3eFNLcGF2MkNpeHBXcnV5ZE9Lc0p2UmZDNTVsM3phWm9sUTZ3bjk3TUJFLXlQeWRpbV93SXBfVHlTVHZMWE9fVlZ0U0h5Z0dPWmVGV2hMSnlwWm9Bc2lJNXRQbENQb3d0RVd1aC1lN2ZMSkM5bFozQ0VTY2ZuVkg4c0ZYbTJCZw,More,1 day ago,2026-08-20T09:11:47,MSN Cyber,"https://encrypted-tbn2.gstatic.com/faviconV2?url=https://www.msn.com&client=NEWS_360&size=96&type=FAVICON&fallback_opts=TYPE,SIZE,URL",2026-08-22T00:55:26.063544
"Jianzhi Education Technology Group Co Ltd (JZ) Stock, Price, News, Quotes, Forecast and Insights",https://news.google.com/read/CBMiiwFBVV95cUxOQmhtQkdQcVdVdG5oV1R4YTZ3ek91QWVZTGtCcnhvZXpLVnhOLTFUNklmUHBzZzFmcEFQMkRMT2tFS3VSaXZ2eWhkRFh3ZEktS2tjTDEzYnZ5V1pWX0FFX1paejlwN2lhdXJ3Wk5HV1M5WWpqY1pNWEZJUHhBZGRzeHB5V081ZXpfVTdR,More,1 day ago,2026-08-20T08:49:54,MSN Cyber,"https://encrypted-tbn2.gstatic.com/faviconV2?url=https://www.msn.com&client=NEWS_360&size=96&type=FAVICON&fallback_opts=TYPE,SIZE,URL",2026-08-22T00:55:26.063546
Ukraine Gains Ground in Kharkiv While Russia’s Flag-Planting Operation Falls Apart,https://news.google.com/read/CBMixwFBVV95cUxNT2tKcHBuNkdOWXBQc0xEVVZxbGFaZGVoalU1eUxlUEZYdHZVUE84S1NqNW1NM00ycVFSYjBMbUVBcDNzQS1XcDN6NjhWWWZ4QUR0YVpJcFdPUHAzSzE3ZW4wejEtZ0xOdU9QTzJMSDNvMVJmRW9DbHBoX2htM2ZhYnBJVEVpVm44MGwxbWxpa0JvRWxCVkVOTm9JTjQxcUdGdDBBcTd5VmNrMXZWN0VKNUNEOTRnZUREeDhBUllvTUxQZVUwUFlV,More,1 day ago,2026-08-20T08:47:19,United 24,"https://encrypted-tbn0.gstatic.com/faviconV2?url=https://united24media.com&client=NEWS_360&size=96&type=FAVICON&fallback_opts=TYPE,SIZE,URL",2026-08-22T00:55:26.063548
40 Malicious Firefox Extensions Pose as Web3 Products to Steal Wallet Secrets,https://news.google.com/read/CBMihAFBVV95cUxNZDI0RHhrb3N1TXIyNlFqSk9uUEdjc1ppV2s4OGtsRzBUUlhUbHhwdkc5dlJTWjJqLUhTdlBBLUtfRFdUaC0zbDlQZ3ZodXNWcmFsOGxFZnh5WVJzZ1ptUXlmcDc2UmZaWkNjbzJuM0lzRUltZ1U4cGNMTTZPakkxTmtnSF8,More,1 day ago,2026-08-20T08:42:00,The Hacker News,"https://encrypted-tbn3.gstatic.com/faviconV2?url=https://thehackernews.com&client=NEWS_360&size=96&type=FAVICON&fallback_opts=TYPE,SIZE,URL",2026-08-22T00:55:26.063551
Meta-hacking got Microsoft Copilot to snitch on itself,https://news.google.com/read/CBMigwFBVV95cUxQVmNkTnRXY0JFdG8yWGJxb1ZqSWlpaFlPZDRLSUlnRVNNOWtRM29sOVlRNkZ4WDZNSVBEcURocEpTLVhYX1psYUt0dy1lM1FKckVoajN6S0tMU2t0c2NucmlWbjVuX245bEswOVFjQ1FYWTJYSzNwNGptVXNrZzlRN09BQQ,More,1 day ago,2026-08-20T08:36:31,CyberNews,"https://encrypted-tbn2.gstatic.com/faviconV2?url=https://cybernews.com&client=NEWS_360&size=96&type=FAVICON&fallback_opts=TYPE,SIZE,URL",2026-08-22T00:55:26.063553
Exploitation Expected for Critical Authentication Bypass Patched in Citrix NetScaler,https://news.google.com/read/CBMitAFBVV95cUxQSlMwZHdtdHdjdjg2X0hDblVrNFdWT2VMY3Ffdm9zSnB6eDJrVjVkM1hYSEU4SW10MWZJRUt1ZW12c1haeDF0MlhvRDI2Z0Z5MWd6Qkd6ZU5UQVRiTFFyX1piNlhMOXBHSzhjclNodk5ZZERaR0t5WnBySDJPaHRhbW5WOXRJb1QtSUdrWlE0Njk3em1ERFVsTkV1bWZVZERfZW5ScDlyekZHSkQ4VEhsbWNpVFfSAboBQVVfeXFMTTZFeEdORzV5TWp5cVhDb3g4QnFuWTA1Zm56NjA3MUNBbVRESkZ4VHhkQVM2OXVCYVNWN2ZxUHllMVVWZjlIaEJ2X1RLcVZEalV4MjlZX0hwWm5lYUhCQXdqY19TaF9YdUpfd2QtTjdib1NPY01rTk12OU9MSnQ1Z240OG1GV0tPQkY3anlsUFRjU1hpODlkLU5XMU5QTkUyaGg1Szc3SHRkTUxHX0dDa1BBS0NnamlwWERn,More,1 day ago,2026-08-20T08:33:25,SecurityWeek,"https://encrypted-tbn3.gstatic.com/faviconV2?url=https://www.securityweek.com&client=NEWS_360&size=96&type=FAVICON&fallback_opts=TYPE,SIZE,URL",2026-08-22T00:55:26.063555
"Drone Enters Romanian Airspace and Crashes in Tulcea County, Fighter Jets Scrambled",https://news.google.com/read/CBMiyAFBVV95cUxOTVFVeDlzMmJHWnNWZmJxZnEzZzc0ZkRaZGRpNlRTM0lIV3ZWdGpBQllVVk04X0t0OHJXVXJLbkFfOFY4MmJXRVYxb0pTLUJieFVVMTkwMWtXOFBIWXpLeFRNSmpjTlFEdkNjQkVrVUdfWkNUb3lQaFJ0T1dhaS1nMHdtTUtHYUVQWHBKWGQ4eWtPT29vQkJFZElIYXFwb1Zkcks4bjZvelgzejN6dWtHSFBrd1RBWkltbWNJeHU2eFRCNTFsNEpkUQ,More,1 day ago,2026-08-20T08:33:00,United 24,"https://encrypted-tbn0.gstatic.com/faviconV2?url=https://united24media.com&client=NEWS_360&size=96&type=FAVICON&fallback_opts=TYPE,SIZE,URL",2026-08-22T00:55:26.063557
"Clop Ransomware Gang Breaches 50+ Organizations, Including GE, Philips, and Shell",https://news.google.com/read/CBMikwFBVV95cUxPbGVpM21JcjI3ZmNiZW1jQ2xvVVB2NmpySmRyQWxMdzlZWnZPUEIxMllTTkppdGViWGtWa2lrdWdLXzBMYVVPUEx1OVlnSS04NnEyZTlXU0pydFdtTTZ3dTVtWFozeFY4R2hGekQwWkRpQVl1bzEwNHNQQURFY29vTGEtMnBqSjZTQ0JzZWdIeUZwTm8,More,1 day ago,2026-08-20T08:31:12,CPO Magazine,"https://encrypted-tbn2.gstatic.com/faviconV2?url=https://www.cpomagazine.com&client=NEWS_360&size=96&type=FAVICON&fallback_opts=TYPE,SIZE,URL",2026-08-22T00:55:26.063559
"German spy agency opens helpline for those exiled from Russia, China",https://news.google.com/read/CBMiqgFBVV95cUxPS0ZpY0hRRGNUbXJaUERQNlAtUWFHU3hCWi16UlRkUFg5TGVkUWtYeHFiQl80M1loeVd6OF9ORHRmQ000dlpYdWlZdERFR0V5Wm5mOGxfOXlvMnQtUFY0WFB6LWYwMXRaT0JmVmVCcC13Z0JiTUJHb01mU2phQ3QwQ1BmSm91QzB3Ul9yZWNySWN4SFNXZm9IX0hfTGlfNDBnbzlxNnVHTW1ydw,More,1 day ago,2026-08-20T08:25:43,Reuters Cyber,"https://encrypted-tbn2.gstatic.com/faviconV2?url=https://www.reuters.com&client=NEWS_360&size=96&type=FAVICON&fallback_opts=TYPE,SIZE,URL",2026-08-22T00:55:26.063561
"Carecloud News - Latest Carecloud News, Breaking Carecloud News, Carecloud News Headlines",https://news.google.com/read/CBMiT0FVX3lxTE1vTGR1NEFTZEt5MVZHNnV1bnJNaGo2amh3SmhTTzVESEkxeVlNWTZOYjVuR3lnVjlBajl5VXYwbkcyS1dfVF8taDF6cF9RSm8,More,1 day ago,2026-08-20T08:21:21,WION News,"https://encrypted-tbn2.gstatic.com/faviconV2?url=https://www.wionews.com&client=NEWS_360&size=96&type=FAVICON&fallback_opts=TYPE,SIZE,URL",2026-08-22T00:55:26.063563
Taiwan proposes record defence budget to resist China pressure,https://news.google.com/read/CBMihAFBVV95cUxOVjRfX1J1R2Q5ZmVLdklBU3ZTVXo1dDlBYU01QVNVMG1jMDM2R3B4Q2dDQWhwdlVGOGVfYUszWER6bWZzZDdGMGdaM215VmN0UVExTTA1UzJlLVd0VF9XeWdMQjlHYklvRTFudlV0MHl1LWQzTWkzTE5GbXYwWXBUYWlRUkI,More,1 day ago,2026-08-20T08:21:02,FT Cyber,"https://encrypted-tbn2.gstatic.com/faviconV2?url=https://www.ft.com&client=NEWS_360&size=96&type=FAVICON&fallback_opts=TYPE,SIZE,URL",2026-08-22T00:55:26.063566
Slovakia discovers Russian backdoor in NERO R-ONE speedometers,https://news.google.com/read/CBMifEFVX3lxTE8wNEJfbWlhTWxmTUV4Q1FDOTFZRmdUMi1VMU5VVjllVnhLdkJib0piLUFrTlhBVHVoR3JRZTNuaS04WUVoZzFxWFRZOFA2RXBmTFhUUW9BVVpmMDJUNC1ZQW01SzZnbVFaLUl1czR4RkFGVU5scEJSNXdyTEc,More,1 day ago,2026-08-20T08:15:57,CyberNews,"https://encrypted-tbn2.gstatic.com/faviconV2?url=https://cybernews.com&client=NEWS_360&size=96&type=FAVICON&fallback_opts=TYPE,SIZE,URL",2026-08-22T00:55:26.063568
Fintech giant Stripe faces alleged data breach as customer information leaks,https://news.google.com/read/CBMidkFVX3lxTFBrX2JqRGhZUzl0VjZHbmk4TUVoUTZiYjJ3R0JOYk96azl5Z2ZTT3FuRzc1d0luejJrOERkS0VMNW8yY3BaRzhhY2lMdnRMNXF3YVpOeGVOXy1zcUdOU1dlWW1CcVdTcnkxUEFaMUpOZXlGWTJRdUE,More,1 day ago,2026-08-20T08:15:57,CyberNews,"https://encrypted-tbn2.gstatic.com/faviconV2?url=https://cybernews.com&client=NEWS_360&size=96&type=FAVICON&fallback_opts=TYPE,SIZE,URL",2026-08-22T00:55:26.063570
Pokémon Center joins growing list of CEVA breach victims,https://news.google.com/read/CBMieEFVX3lxTE42ekNOOVZkYmdUblM4WmM5VmFmcVFfY1BaR0o4U3g3NFUyUFMzVE5XbHowdktwN3JfR1d1aFY4MEdRdW5YUTVTMFNuZ0E2dXpxOVB3YWZ2ZklEUVpiUG53TlZhc2NvNkQtdVpzWXlTdlJ2VTFlQlBESw,More,1 day ago,2026-08-20T08:15:54,CyberNews,"https://encrypted-tbn2.gstatic.com/faviconV2?url=https://cybernews.com&client=NEWS_360&size=96&type=FAVICON&fallback_opts=TYPE,SIZE,URL",2026-08-22T00:55:26.063572
CareCloud confirms massive data breach after 3.7M patients’ records stolen – What we know,https://news.google.com/read/CBMiygFBVV95cUxPWWRJTlJZQ24xR3A4bVVWNDMwMWlNZW1xdko0QTBDS2pBQ2hYSWFJc3dmZHp6T0VNdmE0QTRhZmI1dzEyOE5La0VQblVLcWlTcVBrQ01xQ3pDLUtQbTM5aWZmWm4wTTJmdWJ6QTZCdVd1dm9QcmdXRUdSREFsSk9NbjlTQ2h2U1JVZ0Rtb21XWkhOdmJWVC1GeDhWVUttNE1HTmhlMmJkSTVZRUlrQThXODlYazh1ZGRpWWpwVXdJWjdDLTZoRlNOV1Vn0gHPAUFVX3lxTE0xZFdKYnNmTmpDek5uVjQxZ0JKQk8wemxCZzVlR2dvZkRXenB4V0c3ZENwZ3lscTJBQXBsbXFaWlItSlh1WUxVRnh1eXl2aDJJWkxKYTZOV3Nnd3Z2cmR6dmxPbFFtWkFzVFdiN3JGeUwzZ25HMmxhaW9CMTZjQ0JEeW8yY0YtQkZUX3Q4TGxuMGZHZ3V0bWpaU3poSjZsV1BGQkJXQ3lNd0xmS1ljQjk3clBDVXJIMmgxUHJQX1lIMVBzb3hvRkMwQWZTdF9yMA,More,1 day ago,2026-08-20T08:15:00,WION News,"https://encrypted-tbn2.gstatic.com/faviconV2?url=https://www.wionews.com&client=NEWS_360&size=96&type=FAVICON&fallback_opts=TYPE,SIZE,URL",2026-08-22T00:55:26.063574
Multiple vulnerabilities in Mozilla Firefox ESR,https://news.google.com/read/CBMiZ0FVX3lxTE1FQ05oRW82ZnpYaEJBajljaFpGVHdJSl9tMHdtblp2SndXR0RSZ1BCc0J4RVVDU3hGNmY3UFBScElPQlVqd3dRUlNoTUVwN3dwNnhoQ185YkZFei1oRV9GeTdsYjBNOGc,More,1 day ago,2026-08-20T08:01:42,Kaspersky,"https://encrypted-tbn3.gstatic.com/faviconV2?url=https://threats.kaspersky.com&client=NEWS_360&size=96&type=FAVICON&fallback_opts=TYPE,SIZE,URL",2026-08-22T00:55:26.063577
Critical GitLab Flaw Exploited Shortly After Disclosure,https://news.google.com/read/CBMijgFBVV95cUxQc3g1WHl3Nko5dWlsM0hCeTVSM2dGZEVwby1qOVp4V1p5OVNQbndGRVRIZmM3Y3dEdEdPU1ktQXVNWUJxTzI2b3B3a3JEYVJiR1F6dUNlVlE1cElGMncwSW5VdF92REhnQmUxdUpsZGRaUmo3MzNZRjZfYVpRcGNrYTZWMjQ4ZWlIM09BNm9R0gGTAUFVX3lxTE5Ma2thdlE4Ym9CNlJIV2NPVkpNZEdPakRsY0pGcm9aY2RLeGxadUhmVlBrU3FRZFFUdjgwbzdfVFBZTnhjb1JWSVh1YXBDb0lBYk5KNUF0bGRHdmg0YkpxQ3llTk9VNGExV016UWhvbHB3ZmlDTFZ5R1JFdTY0dDktcmU4MWlhME45dU04RUhhR19VWQ,More,1 day ago,2026-08-20T07:48:24,SecurityWeek,"https://encrypted-tbn3.gstatic.com/faviconV2?url=https://www.securityweek.com&client=NEWS_360&size=96&type=FAVICON&fallback_opts=TYPE,SIZE,URL",2026-08-22T00:55:26.063579
Hackers Using AI to Target Siemens PLCs in Critical US Sectors,https://news.google.com/read/CBMilwFBVV95cUxQMV9qRzAxbHhHdVU2dUM2Z19fNFhIbXV6cFR2UDloUGZLd1ltdnRCWi1vZ2MzNTg4c2d5Qmk2YzlKY1ZUVnRvSFQ2UlkzQjBBei1lUFpZbnpUc2dvUDgwWlhlRlp6a2ZuQnVkckJUaUl4dm9LM1UtVE1nTi1OVXRjS1ZZbEEtYjdyWEVPLXlHSUFYZzhETmhZ0gGcAUFVX3lxTFBFZE1kcFFxc0dnX05PSmZVam00T2JQN2pOUnlDN1NiUFVzVURDSVBUUHJaUW84NzdXdkRQSkFLSWZuWkVTS2xrd01HVTFIMGJlY0xvTm8wUG12LXJUYV9SQ1JGbHFLOXRub3JaSXJRX01sNzVBQjJHQ3NZNlRiMm9sTmNDVTZoeUxabF9TUHc2Xy1QYXNhQWFvNDNyZw,More,1 day ago,2026-08-20T07:02:02,SecurityWeek,"https://encrypted-tbn3.gstatic.com/faviconV2?url=https://www.securityweek.com&client=NEWS_360&size=96&type=FAVICON&fallback_opts=TYPE,SIZE,URL",2026-08-22T00:55:26.063581
AI agent suggested installing a malware package. Engineer almost took its advice,https://news.google.com/read/CBMi0AFBVV95cUxPRFVFRWxZdGtaR3BtaUJIekRRY1RpSFBFdmd4MkwyM05ZSHNJcWlnekNBWXIwN01IQkdYc2xxNDFRQ2gtcXVJZ2pJSmdGbnhIYS0xVWdDcDlBRlRlYnd0VGdRUU9OTTVPTGNYUUVuczJ2R3B5NDh0al84anpual9LLWpxLVozQ0ZXcXRsTGVZUjF5QmhCazBLZHVOOWZiV3otSFVNVEFWQU1DQnYzUXgtTFA0c3d0NTNlMnZnQkNlT1l6eVRTczVTU1o3NGRsenRx,More,1 day ago,2026-08-20T07:00:00,The Register,"https://encrypted-tbn1.gstatic.com/faviconV2?url=https://www.theregister.com&client=NEWS_360&size=96&type=FAVICON&fallback_opts=TYPE,SIZE,URL",2026-08-22T00:55:26.063583
Off-grid: networks cut the cord,https://news.google.com/read/CBMihAFBVV95cUxNNTNpaVFsU1pRU2NxaDNDS1dYYk9NYlg5bk04UWRUR1ViMUI1bEYyZlpZWDdfb3dDblRWVDl6dWZNNDkwZV9PS1dCbUFsT2J0LWNyVlo2YVpZOENPWDdLSm9iNV9yejFtNGR0eFRWSmQ3THdaNmUwQl9BeW9WS2xVUlZBU3o,More,1 day ago,2026-08-20T07:00:00,ITPro,"https://encrypted-tbn0.gstatic.com/faviconV2?url=https://www.itpro.com&client=NEWS_360&size=96&type=FAVICON&fallback_opts=TYPE,SIZE,URL",2026-08-22T00:55:26.063585
Kaspersky discovers a malware campaign targeting car head units,https://news.google.com/read/CBMirwFBVV95cUxPY0RjNm5BcTEwZkx2ei1RUGE5UFNMRzduRE5YRGZ6SG9QbU12RTN5SGtGLWhKckhtVUlVSTNobzdTQUN0YjFORDV3WFNqSjBqczhFaEVsWEp6VFFDLVFxU3RXM0tnUkh4U3Y0WnR6RW5qTDRYYmRYb3AyY2xFZnhvRkhROGN6RlQ5WWgtTDRvSzBaRzhmbi1LLXVPRDMwcUpUTkVPMXJrM1JZVjRiUWJv,More,1 day ago,2026-08-20T07:00:00,Kaspersky,"https://encrypted-tbn2.gstatic.com/faviconV2?url=https://www.kaspersky.com&client=NEWS_360&size=96&type=FAVICON&fallback_opts=TYPE,SIZE,URL",2026-08-22T00:55:26.063587
